description,amount,category,date,transaction_type,account_name,month,source
Ajio clothing purchase - INR 21166 - Ref 210589,185.74,Office Supplies,,,,,indian
Home loan EMI - INR 6214 - Ref 392143,3777.25,Rent,,,,,indian
McDonald's meal payment - INR 49948 - Ref 564232,695.36,Miscellaneous,,,,,indian
Zomato food delivery - INR 40600 - Ref 122135,770.16,Miscellaneous,,,,,indian
Metro card recharge - INR 18018 - Ref 410876,852.34,Travel,,,,,indian
Education loan EMI - INR 32772 - Ref 858630,1100.04,Rent,,,,,indian
Share trading debit - INR 30389 - Ref 654362,980.47,Professional Fees,,,,,indian
eBay online order - INR 21353 - Ref 702335,238.32,Office Supplies,,,,,indian
Electronics purchase - INR 32009 - Ref 599131,437.32,Office Supplies,,,,,indian
Mutual fund SIP - INR 4080 - Ref 179513,1870.06,Professional Fees,,,,,indian
Shell,34.87,Travel,2018-01-11,debit,Platinum Card,2018-01,excel
Fixed deposit investment - INR 37243 - Ref 893903,2162.09,Professional Fees,,,,,indian
Airport taxi fare - INR 26087 - Ref 343068,605.86,Travel,,,,,indian
Flipkart purchase - INR 4612 - Ref 365089,242.17,Office Supplies,,,,,indian
Share trading debit - INR 39258 - Ref 813790,910.14,Professional Fees,,,,,indian
Flipkart purchase - INR 15313 - Ref 214370,58.3,Office Supplies,,,,,indian
Bus ticket purchase - INR 12862 - Ref 507523,1455.98,Travel,,,,,indian
Dominos pizza order - INR 4036 - Ref 123389,457.72,Miscellaneous,,,,,indian
Lifestyle store purchase - INR 24936 - Ref 628327,156.83,Office Supplies,,,,,indian
Cafe coffee purchase - INR 47609 - Ref 393697,133.67,Miscellaneous,,,,,indian
KFC online order - INR 6897 - Ref 997315,968.43,Miscellaneous,,,,,indian
Consumer durable EMI - INR 49071 - Ref 411628,1930.7,Rent,,,,,indian
Personal loan EMI - INR 31232 - Ref 768489,2732.1,Rent,,,,,indian
Myntra fashion order - INR 7320 - Ref 122242,45.56,Office Supplies,,,,,indian
Bus ticket purchase - INR 6669 - Ref 806807,1295.37,Travel,,,,,indian
Airport taxi fare - INR 3902 - Ref 314660,1360.39,Travel,,,,,indian
Education loan EMI - INR 17498 - Ref 480386,1150.95,Rent,,,,,indian
Zomato food delivery - INR 30237 - Ref 563093,191.84,Miscellaneous,,,,,indian
KFC online order - INR 46393 - Ref 302037,395.14,Miscellaneous,,,,,indian
Airport taxi fare - INR 22519 - Ref 186398,361.34,Travel,,,,,indian
ETF purchase - INR 42709 - Ref 400122,1679.64,Professional Fees,,,,,indian
Flight ticket booking - INR 7098 - Ref 330570,1715.25,Travel,,,,,indian
KFC online order - INR 25925 - Ref 910251,867.0,Miscellaneous,,,,,indian
Lifestyle store purchase - INR 41191 - Ref 678897,332.44,Office Supplies,,,,,indian
Ola cab booking - INR 29760 - Ref 882491,1233.07,Travel,,,,,indian
Flipkart purchase - INR 30680 - Ref 718629,52.03,Office Supplies,,,,,indian
Airport taxi fare - INR 21764 - Ref 775948,1192.62,Travel,,,,,indian
Consumer durable EMI - INR 44057 - Ref 767368,4317.84,Rent,,,,,indian
Amazon online shopping - INR 47423 - Ref 946180,422.74,Office Supplies,,,,,indian
Grocery food items - INR 22237 - Ref 104525,654.69,Miscellaneous,,,,,indian
Retirement fund investment - INR 48595 - Ref 448424,1043.34,Professional Fees,,,,,indian
Grocery food items - INR 26827 - Ref 159438,524.43,Miscellaneous,,,,,indian
Ola cab booking - INR 44549 - Ref 729364,2469.4,Travel,,,,,indian
Ola cab booking - INR 17862 - Ref 550665,1559.53,Travel,,,,,indian
MakeMyTrip travel booking - INR 9009 - Ref 988459,638.44,Travel,,,,,indian
American Tavern,64.11,Miscellaneous,2018-01-15,debit,Silver Card,2018-01,excel
IRCTC train ticket - INR 31054 - Ref 407201,1694.15,Travel,,,,,indian
Rapido bike ride - INR 179 - Ref 492647,91.53,Travel,,,,,indian
Swiggy order payment - INR 17440 - Ref 450338,718.08,Miscellaneous,,,,,indian
Uber ride payment - INR 12835 - Ref 481488,1993.26,Travel,,,,,indian
Zomato food delivery - INR 18207 - Ref 208089,221.44,Miscellaneous,,,,,indian
Electronics purchase - INR 15576 - Ref 371280,204.18,Office Supplies,,,,,indian
Mobile EMI payment - INR 40296 - Ref 532805,2771.84,Rent,,,,,indian
Hotel stay booking - INR 12276 - Ref 423152,300.15,Travel,,,,,indian
Amazon online shopping - INR 16749 - Ref 369365,402.09,Office Supplies,,,,,indian
Laptop EMI payment - INR 21874 - Ref 333236,1926.68,Rent,,,,,indian
Amazon online shopping - INR 23485 - Ref 649771,352.79,Office Supplies,,,,,indian
McDonald's meal payment - INR 5450 - Ref 241864,707.47,Miscellaneous,,,,,indian
Metro card recharge - INR 374 - Ref 101725,1537.12,Travel,,,,,indian
Zomato food delivery - INR 38888 - Ref 153229,290.74,Miscellaneous,,,,,indian
Demat account transfer - INR 11531 - Ref 878558,732.64,Professional Fees,,,,,indian
Appliance EMI - INR 37958 - Ref 421256,2089.39,Rent,,,,,indian
Zomato food delivery - INR 39172 - Ref 432025,281.53,Miscellaneous,,,,,indian
Appliance EMI - INR 40422 - Ref 798384,1157.78,Rent,,,,,indian
Ajio clothing purchase - INR 27646 - Ref 921660,358.19,Office Supplies,,,,,indian
Mobile EMI payment - INR 32711 - Ref 980728,2298.05,Rent,,,,,indian
Myntra fashion order - INR 47799 - Ref 194615,461.79,Office Supplies,,,,,indian
Car loan EMI - INR 5497 - Ref 448247,2443.32,Rent,,,,,indian
Hotel dinner bill - INR 13391 - Ref 705536,480.1,Miscellaneous,,,,,indian
Grocery Store,46.01,Office Supplies,2018-06-10,debit,Platinum Card,2018-06,excel
Hotel dinner bill - INR 43111 - Ref 810895,407.68,Miscellaneous,,,,,indian
Mutual fund SIP - INR 2604 - Ref 243189,418.22,Professional Fees,,,,,indian
McDonald's meal payment - INR 28904 - Ref 164962,278.08,Miscellaneous,,,,,indian
Myntra fashion order - INR 5699 - Ref 938287,308.2,Office Supplies,,,,,indian
Hotel stay booking - INR 14341 - Ref 942494,1939.75,Travel,,,,,indian
Electronics purchase - INR 16603 - Ref 828333,23.9,Office Supplies,,,,,indian
Car loan EMI - INR 1101 - Ref 470239,1409.71,Rent,,,,,indian
Car loan EMI - INR 10374 - Ref 465677,3154.47,Rent,,,,,indian
Flipkart purchase - INR 9643 - Ref 143360,227.29,Office Supplies,,,,,indian
Demat account transfer - INR 45888 - Ref 914028,3585.09,Professional Fees,,,,,indian
McDonald's meal payment - INR 2161 - Ref 853878,599.15,Miscellaneous,,,,,indian
Hotel stay booking - INR 7996 - Ref 620651,1580.17,Travel,,,,,indian
Ola cab booking - INR 25476 - Ref 386981,1299.55,Travel,,,,,indian
Personal loan EMI - INR 4122 - Ref 359309,4989.7,Rent,,,,,indian
Flipkart purchase - INR 25579 - Ref 808808,408.55,Office Supplies,,,,,indian
Credit card EMI - INR 34959 - Ref 707968,3255.4,Rent,,,,,indian
Retirement fund investment - INR 36936 - Ref 366236,4560.55,Professional Fees,,,,,indian
Amazon online shopping - INR 46856 - Ref 813110,196.2,Office Supplies,,,,,indian
Credit card EMI - INR 41069 - Ref 489286,4912.93,Rent,,,,,indian
Stock market investment - INR 8233 - Ref 777289,3273.4,Professional Fees,,,,,indian
Fixed deposit investment - INR 14022 - Ref 809169,3795.01,Professional Fees,,,,,indian
KFC online order - INR 24320 - Ref 190775,752.86,Miscellaneous,,,,,indian
Lifestyle store purchase - INR 14596 - Ref 112880,417.78,Office Supplies,,,,,indian
Cafe coffee purchase - INR 41740 - Ref 548650,519.34,Miscellaneous,,,,,indian
QuikTrip,38.94,Travel,2019-04-13,debit,Platinum Card,2019-04,excel
Metro card recharge - INR 49156 - Ref 755763,2212.18,Travel,,,,,indian
KFC online order - INR 4499 - Ref 431170,31.72,Miscellaneous,,,,,indian
McDonald's meal payment - INR 13483 - Ref 380009,423.79,Miscellaneous,,,,,indian
Retail store shopping - INR 16350 - Ref 144263,247.12,Office Supplies,,,,,indian
Metro card recharge - INR 7414 - Ref 281229,2948.57,Travel,,,,,indian
Mobile EMI payment - INR 3319 - Ref 641661,4488.67,Rent,,,,,indian
MakeMyTrip travel booking - INR 28082 - Ref 701070,1500.28,Travel,,,,,indian
Restaurant dine-in bill - INR 1755 - Ref 467054,198.32,Miscellaneous,,,,,indian
KFC online order - INR 17981 - Ref 520889,984.48,Miscellaneous,,,,,indian
Bus ticket purchase - INR 6563 - Ref 607393,1812.54,Travel,,,,,indian
Laptop EMI payment - INR 20251 - Ref 179141,1804.6,Rent,,,,,indian
Home loan EMI - INR 19131 - Ref 125776,4013.9,Rent,,,,,indian
Ola cab booking - INR 23433 - Ref 411807,2732.69,Travel,,,,,indian
Hardware Store,66.75,Office Supplies,2019-08-26,debit,Silver Card,2019-08,excel
Myntra fashion order - INR 38953 - Ref 600045,487.63,Office Supplies,,,,,indian
Gold bond investment - INR 6302 - Ref 206931,4620.01,Professional Fees,,,,,indian
Credit card EMI - INR 12851 - Ref 226104,1038.89,Rent,,,,,indian
Amazon,47.66,Office Supplies,2019-09-15,debit,Platinum Card,2019-09,excel
Mobile EMI payment - INR 45866 - Ref 955127,3557.71,Rent,,,,,indian
Flipkart purchase - INR 26960 - Ref 344030,24.0,Office Supplies,,,,,indian
Myntra fashion order - INR 26644 - Ref 766842,148.86,Office Supplies,,,,,indian
Amazon online shopping - INR 22877 - Ref 697884,342.94,Office Supplies,,,,,indian
Stock market investment - INR 10762 - Ref 975923,4365.59,Professional Fees,,,,,indian
MakeMyTrip travel booking - INR 39776 - Ref 277087,1838.47,Travel,,,,,indian
Hotel stay booking - INR 5598 - Ref 286253,2574.38,Travel,,,,,indian
Mall shopping payment - INR 19064 - Ref 904957,95.39,Office Supplies,,,,,indian
Share trading debit - INR 20923 - Ref 961833,4952.15,Professional Fees,,,,,indian
Ola cab booking - INR 27994 - Ref 351404,1630.12,Travel,,,,,indian
Ola cab booking - INR 47551 - Ref 555455,2645.16,Travel,,,,,indian
Gas Company,65.0,Utilities,2018-02-07,debit,Checking,2018-02,excel
Ola cab booking - INR 28255 - Ref 162996,1271.42,Travel,,,,,indian
Ola cab booking - INR 3931 - Ref 410311,2269.36,Travel,,,,,indian
Shell,33.3,Travel,2018-05-12,debit,Platinum Card,2018-05,excel
ETF purchase - INR 12979 - Ref 753285,4498.41,Professional Fees,,,,,indian
Consumer durable EMI - INR 37702 - Ref 983334,4431.43,Rent,,,,,indian
Grocery Store,7.61,Office Supplies,2018-07-28,debit,Silver Card,2018-07,excel
Lifestyle store purchase - INR 23561 - Ref 111287,225.06,Office Supplies,,,,,indian
Ola cab booking - INR 29965 - Ref 434054,782.25,Travel,,,,,indian
Bus ticket purchase - INR 37554 - Ref 225541,2665.63,Travel,,,,,indian
Bakery purchase - INR 31006 - Ref 158288,658.72,Miscellaneous,,,,,indian
Rapido bike ride - INR 39208 - Ref 973614,2231.5,Travel,,,,,indian
IRCTC train ticket - INR 14233 - Ref 634473,238.32,Travel,,,,,indian
Laptop EMI payment - INR 7000 - Ref 665824,2655.96,Rent,,,,,indian
Car loan EMI - INR 10830 - Ref 318424,4829.27,Rent,,,,,indian
Supermarket shopping - INR 46437 - Ref 573051,24.64,Office Supplies,,,,,indian
Retirement fund investment - INR 21582 - Ref 943569,2859.93,Professional Fees,,,,,indian
Home loan EMI - INR 1286 - Ref 262528,1004.35,Rent,,,,,indian
Stock market investment - INR 33769 - Ref 886141,4871.1,Professional Fees,,,,,indian
Brewing Company,14.0,Miscellaneous,2018-02-14,debit,Silver Card,2018-02,excel
ETF purchase - INR 2374 - Ref 932017,4682.09,Professional Fees,,,,,indian
Mobile EMI payment - INR 16992 - Ref 968433,3039.81,Rent,,,,,indian
Restaurant dine-in bill - INR 31273 - Ref 557233,717.17,Miscellaneous,,,,,indian
Chick-Fil-A,13.67,Miscellaneous,2018-08-11,debit,Platinum Card,2018-08,excel
Laptop EMI payment - INR 12969 - Ref 549893,2423.24,Rent,,,,,indian
Hotel dinner bill - INR 32635 - Ref 855882,256.01,Miscellaneous,,,,,indian
Mobile EMI payment - INR 6972 - Ref 639967,1385.19,Rent,,,,,indian
Credit Card Payment,554.99,Professional Fees,2018-01-22,credit,Platinum Card,2018-01,excel
Ajio clothing purchase - INR 32640 - Ref 480999,154.57,Office Supplies,,,,,indian
Laptop EMI payment - INR 8641 - Ref 466546,3455.86,Rent,,,,,indian
Hotel dinner bill - INR 21891 - Ref 223689,258.0,Miscellaneous,,,,,indian
Mall shopping payment - INR 18574 - Ref 249067,488.41,Office Supplies,,,,,indian
Ajio clothing purchase - INR 35882 - Ref 161732,30.42,Office Supplies,,,,,indian
Myntra fashion order - INR 5180 - Ref 164490,276.87,Office Supplies,,,,,indian
NPS contribution - INR 27246 - Ref 490781,1900.58,Professional Fees,,,,,indian
Rapido bike ride - INR 14698 - Ref 281386,599.29,Travel,,,,,indian
Cafe coffee purchase - INR 39025 - Ref 484453,166.23,Miscellaneous,,,,,indian
Retail store shopping - INR 13097 - Ref 758238,319.07,Office Supplies,,,,,indian
Ola cab booking - INR 15905 - Ref 920164,677.58,Travel,,,,,indian
ETF purchase - INR 33692 - Ref 557894,3486.15,Professional Fees,,,,,indian
Credit card EMI - INR 25979 - Ref 577743,4816.32,Rent,,,,,indian
Gold bond investment - INR 30239 - Ref 894410,3853.07,Professional Fees,,,,,indian
Electronics purchase - INR 16999 - Ref 515488,187.8,Office Supplies,,,,,indian
Credit card EMI - INR 23829 - Ref 860386,2193.45,Rent,,,,,indian
Car loan EMI - INR 14452 - Ref 459145,1714.61,Rent,,,,,indian
Fixed deposit investment - INR 16859 - Ref 243640,2588.11,Professional Fees,,,,,indian
Restaurant dine-in bill - INR 45036 - Ref 131272,257.58,Miscellaneous,,,,,indian
Mall shopping payment - INR 5535 - Ref 556537,341.09,Office Supplies,,,,,indian
Amazon online shopping - INR 4181 - Ref 841517,356.62,Office Supplies,,,,,indian
Education loan EMI - INR 33513 - Ref 432364,4381.68,Rent,,,,,indian
Credit card EMI - INR 7797 - Ref 764433,1289.54,Rent,,,,,indian
Retail store shopping - INR 27431 - Ref 345301,398.99,Office Supplies,,,,,indian
Flight ticket booking - INR 3044 - Ref 289639,2864.76,Travel,,,,,indian
Amazon online shopping - INR 29943 - Ref 892289,320.03,Office Supplies,,,,,indian
Airport taxi fare - INR 3731 - Ref 224205,313.4,Travel,,,,,indian
Rapido bike ride - INR 39214 - Ref 855380,2614.95,Travel,,,,,indian
Demat account transfer - INR 18048 - Ref 572216,3815.8,Professional Fees,,,,,indian
Gold bond investment - INR 5234 - Ref 396388,377.8,Professional Fees,,,,,indian
Grocery Store,35.95,Office Supplies,2018-02-20,debit,Silver Card,2018-02,excel
Appliance EMI - INR 8062 - Ref 657713,1320.26,Rent,,,,,indian
Ajio clothing purchase - INR 20350 - Ref 669668,171.05,Office Supplies,,,,,indian
Hotel stay booking - INR 25143 - Ref 792435,241.57,Travel,,,,,indian
Cafe coffee purchase - INR 3139 - Ref 599962,258.7,Miscellaneous,,,,,indian
Fixed deposit investment - INR 33710 - Ref 223332,397.67,Professional Fees,,,,,indian
Metro card recharge - INR 33041 - Ref 417587,1781.66,Travel,,,,,indian
Gold bond investment - INR 45393 - Ref 745626,3711.28,Professional Fees,,,,,indian
Lifestyle store purchase - INR 44234 - Ref 326927,317.92,Office Supplies,,,,,indian
Electronics purchase - INR 28903 - Ref 311349,21.59,Office Supplies,,,,,indian
Electronics purchase - INR 2541 - Ref 351819,178.65,Office Supplies,,,,,indian
Grocery Store,148.15,Office Supplies,2018-12-03,debit,Silver Card,2018-12,excel
Zomato food delivery - INR 303 - Ref 977599,558.81,Miscellaneous,,,,,indian
Rapido bike ride - INR 19177 - Ref 179966,1071.95,Travel,,,,,indian
Share trading debit - INR 27442 - Ref 382557,1464.27,Professional Fees,,,,,indian
McDonald's meal payment - INR 47102 - Ref 598515,206.77,Miscellaneous,,,,,indian
Flight ticket booking - INR 28131 - Ref 816412,2421.53,Travel,,,,,indian
Ajio clothing purchase - INR 19018 - Ref 273988,113.56,Office Supplies,,,,,indian
Grocery food items - INR 28458 - Ref 720071,898.6,Miscellaneous,,,,,indian
Flipkart purchase - INR 11308 - Ref 642345,388.41,Office Supplies,,,,,indian
Hotel dinner bill - INR 34495 - Ref 560566,309.76,Miscellaneous,,,,,indian
Education loan EMI - INR 15833 - Ref 101083,3380.14,Rent,,,,,indian
Lifestyle store purchase - INR 20180 - Ref 971472,172.01,Office Supplies,,,,,indian
Flipkart purchase - INR 15630 - Ref 633420,409.52,Office Supplies,,,,,indian
Dominos pizza order - INR 20213 - Ref 813956,499.43,Miscellaneous,,,,,indian
Ola cab booking - INR 13226 - Ref 436816,2451.05,Travel,,,,,indian
PPF contribution - INR 40267 - Ref 970577,1205.63,Professional Fees,,,,,indian
Bakery purchase - INR 38602 - Ref 343234,46.43,Miscellaneous,,,,,indian
Consumer durable EMI - INR 18525 - Ref 843364,3177.4,Rent,,,,,indian
Flipkart purchase - INR 29314 - Ref 426412,176.02,Office Supplies,,,,,indian
Amazon online shopping - INR 7615 - Ref 816214,432.98,Office Supplies,,,,,indian
Education loan EMI - INR 12101 - Ref 313102,2975.65,Rent,,,,,indian
Demat account transfer - INR 15917 - Ref 627022,1709.62,Professional Fees,,,,,indian
Share trading debit - INR 40882 - Ref 543662,843.65,Professional Fees,,,,,indian
Grocery food items - INR 20355 - Ref 728833,543.26,Miscellaneous,,,,,indian
McDonald's meal payment - INR 20990 - Ref 253203,687.43,Miscellaneous,,,,,indian
Supermarket shopping - INR 20432 - Ref 427480,103.78,Office Supplies,,,,,indian
Supermarket shopping - INR 15090 - Ref 139082,354.58,Office Supplies,,,,,indian
Grocery food items - INR 28462 - Ref 596467,948.04,Miscellaneous,,,,,indian
Personal loan EMI - INR 21885 - Ref 303407,2936.97,Rent,,,,,indian
Brewing Company,20.0,Miscellaneous,2018-11-19,debit,Silver Card,2018-11,excel
Flight ticket booking - INR 49685 - Ref 488178,2133.94,Travel,,,,,indian
Credit Card Payment,549.72,Professional Fees,2019-07-09,credit,Platinum Card,2019-07,excel
Electronics purchase - INR 49313 - Ref 844484,149.21,Office Supplies,,,,,indian
Flipkart purchase - INR 3918 - Ref 116866,255.17,Office Supplies,,,,,indian
KFC online order - INR 2001 - Ref 776787,864.77,Miscellaneous,,,,,indian
Credit Card Payment,600.51,Professional Fees,2019-04-01,credit,Platinum Card,2019-04,excel
Uber ride payment - INR 12966 - Ref 735040,1064.35,Travel,,,,,indian
Metro card recharge - INR 48060 - Ref 139098,884.38,Travel,,,,,indian
Grocery Store,87.14,Office Supplies,2019-07-15,debit,Silver Card,2019-07,excel
Share trading debit - INR 13794 - Ref 799363,4333.26,Professional Fees,,,,,indian
Cafe coffee purchase - INR 41127 - Ref 376173,156.1,Miscellaneous,,,,,indian
Hotel dinner bill - INR 45630 - Ref 529051,222.73,Miscellaneous,,,,,indian
Retirement fund investment - INR 23150 - Ref 472321,1903.06,Professional Fees,,,,,indian
Fancy Restaurant,98.19,Miscellaneous,2019-05-13,debit,Silver Card,2019-05,excel
Retail store shopping - INR 6446 - Ref 665907,223.67,Office Supplies,,,,,indian
McDonald's meal payment - INR 36169 - Ref 603748,380.21,Miscellaneous,,,,,indian
Demat account transfer - INR 39111 - Ref 777092,4122.12,Professional Fees,,,,,indian
Swiggy order payment - INR 38366 - Ref 105602,389.15,Miscellaneous,,,,,indian
Personal loan EMI - INR 10744 - Ref 930717,1195.68,Rent,,,,,indian
Mutual fund SIP - INR 13905 - Ref 313917,2105.66,Professional Fees,,,,,indian
Bakery purchase - INR 18598 - Ref 748674,702.93,Miscellaneous,,,,,indian
Hotel dinner bill - INR 35642 - Ref 178337,872.72,Miscellaneous,,,,,indian
Amazon online shopping - INR 27559 - Ref 899357,451.51,Office Supplies,,,,,indian
Grocery food items - INR 7678 - Ref 613613,997.59,Miscellaneous,,,,,indian
Lifestyle store purchase - INR 26966 - Ref 306367,105.56,Office Supplies,,,,,indian
ETF purchase - INR 26501 - Ref 370135,412.81,Professional Fees,,,,,indian
Uber ride payment - INR 40356 - Ref 564907,2236.63,Travel,,,,,indian
Lifestyle store purchase - INR 19932 - Ref 233475,499.95,Office Supplies,,,,,indian
Credit card EMI - INR 9984 - Ref 341353,1291.68,Rent,,,,,indian
Appliance EMI - INR 30834 - Ref 304567,3287.84,Rent,,,,,indian
Mall shopping payment - INR 49353 - Ref 485224,123.86,Office Supplies,,,,,indian
Hotel stay booking - INR 30902 - Ref 830566,2271.82,Travel,,,,,indian
Retail store shopping - INR 20066 - Ref 160371,96.31,Office Supplies,,,,,indian
Gold bond investment - INR 23280 - Ref 126844,4931.01,Professional Fees,,,,,indian
Credit Card Payment,817.14,Professional Fees,2018-04-02,credit,Silver Card,2018-04,excel
Gold bond investment - INR 41950 - Ref 127727,1301.53,Professional Fees,,,,,indian
Retail store shopping - INR 36484 - Ref 898311,335.44,Office Supplies,,,,,indian
eBay online order - INR 45235 - Ref 651400,38.11,Office Supplies,,,,,indian
Appliance EMI - INR 39224 - Ref 560898,2102.6,Rent,,,,,indian
Car loan EMI - INR 8322 - Ref 852002,1073.55,Rent,,,,,indian
Flight ticket booking - INR 9781 - Ref 714692,1128.43,Travel,,,,,indian
Mobile EMI payment - INR 27340 - Ref 850135,1077.91,Rent,,,,,indian
Appliance EMI - INR 32856 - Ref 282457,3950.48,Rent,,,,,indian
Amazon online shopping - INR 5408 - Ref 964726,431.95,Office Supplies,,,,,indian
Uber ride payment - INR 44824 - Ref 325271,392.39,Travel,,,,,indian
Flipkart purchase - INR 30800 - Ref 572985,445.04,Office Supplies,,,,,indian
Appliance EMI - INR 23399 - Ref 272600,1372.38,Rent,,,,,indian
Metro card recharge - INR 41834 - Ref 410868,2079.73,Travel,,,,,indian
Education loan EMI - INR 16466 - Ref 703345,3213.44,Rent,,,,,indian
eBay online order - INR 17257 - Ref 753640,256.03,Office Supplies,,,,,indian
Uber ride payment - INR 25420 - Ref 782736,692.6,Travel,,,,,indian
Lifestyle store purchase - INR 18763 - Ref 129184,49.64,Office Supplies,,,,,indian
Demat account transfer - INR 3311 - Ref 586692,2802.26,Professional Fees,,,,,indian
Car loan EMI - INR 48950 - Ref 159903,2219.28,Rent,,,,,indian
Mall shopping payment - INR 1139 - Ref 486960,448.23,Office Supplies,,,,,indian
Education loan EMI - INR 7693 - Ref 519138,4235.58,Rent,,,,,indian
Ajio clothing purchase - INR 49695 - Ref 337531,404.61,Office Supplies,,,,,indian
Cafe coffee purchase - INR 9711 - Ref 861719,408.03,Miscellaneous,,,,,indian
Personal loan EMI - INR 30079 - Ref 678700,4937.79,Rent,,,,,indian
Supermarket shopping - INR 4549 - Ref 110908,172.1,Office Supplies,,,,,indian
MakeMyTrip travel booking - INR 31014 - Ref 650677,548.78,Travel,,,,,indian
Electronics purchase - INR 20466 - Ref 740640,324.14,Office Supplies,,,,,indian
NPS contribution - INR 3755 - Ref 122953,3679.83,Professional Fees,,,,,indian
Demat account transfer - INR 30510 - Ref 487055,2751.97,Professional Fees,,,,,indian
Credit Card Payment,491.86,Professional Fees,2019-03-06,debit,Checking,2019-03,excel
MakeMyTrip travel booking - INR 6845 - Ref 986854,1697.54,Travel,,,,,indian
Fixed deposit investment - INR 49192 - Ref 533989,1069.45,Professional Fees,,,,,indian
Uber ride payment - INR 47853 - Ref 645466,225.11,Travel,,,,,indian
NPS contribution - INR 34019 - Ref 627734,2431.69,Professional Fees,,,,,indian
PPF contribution - INR 43407 - Ref 749130,4331.21,Professional Fees,,,,,indian
ETF purchase - INR 11499 - Ref 920692,3953.2,Professional Fees,,,,,indian
KFC online order - INR 38561 - Ref 407456,837.56,Miscellaneous,,,,,indian
Education loan EMI - INR 22576 - Ref 633337,4433.62,Rent,,,,,indian
Appliance EMI - INR 11274 - Ref 959682,4797.86,Rent,,,,,indian
Credit card EMI - INR 47298 - Ref 367423,2858.8,Rent,,,,,indian
MakeMyTrip travel booking - INR 16831 - Ref 664698,743.85,Travel,,,,,indian
Exxon,38.0,Travel,2018-09-26,debit,Silver Card,2018-09,excel
Restaurant dine-in bill - INR 35578 - Ref 346086,182.98,Miscellaneous,,,,,indian
Mobile EMI payment - INR 49757 - Ref 742488,1400.18,Rent,,,,,indian
Hardware Store,11.61,Office Supplies,2018-04-14,debit,Platinum Card,2018-04,excel
Rapido bike ride - INR 48273 - Ref 578943,402.69,Travel,,,,,indian
PPF contribution - INR 30520 - Ref 444213,2858.56,Professional Fees,,,,,indian
Credit Card Payment,159.38,Professional Fees,2018-08-15,credit,Platinum Card,2018-08,excel
Grocery Store,7.57,Office Supplies,2018-06-28,debit,Silver Card,2018-06,excel
Laptop EMI payment - INR 40762 - Ref 776826,1703.55,Rent,,,,,indian
Metro card recharge - INR 44179 - Ref 229761,553.95,Travel,,,,,indian
Stock market investment - INR 16712 - Ref 576141,570.39,Professional Fees,,,,,indian
Ola cab booking - INR 21463 - Ref 305157,1967.56,Travel,,,,,indian
Dominos pizza order - INR 44170 - Ref 456111,913.35,Miscellaneous,,,,,indian
Lifestyle store purchase - INR 45907 - Ref 501146,74.67,Office Supplies,,,,,indian
Mobile EMI payment - INR 26761 - Ref 452638,1357.84,Rent,,,,,indian
Hotel stay booking - INR 10303 - Ref 521564,1754.92,Travel,,,,,indian
Fixed deposit investment - INR 18767 - Ref 351062,4887.23,Professional Fees,,,,,indian
Stock market investment - INR 23501 - Ref 961472,2887.27,Professional Fees,,,,,indian
Metro card recharge - INR 19632 - Ref 983366,2097.87,Travel,,,,,indian
Mobile EMI payment - INR 22452 - Ref 132270,3644.16,Rent,,,,,indian
Laptop EMI payment - INR 24148 - Ref 442214,2164.0,Rent,,,,,indian
Retirement fund investment - INR 29260 - Ref 568436,3196.72,Professional Fees,,,,,indian
NPS contribution - INR 43553 - Ref 663821,1559.83,Professional Fees,,,,,indian
eBay online order - INR 32244 - Ref 635534,386.51,Office Supplies,,,,,indian
Retirement fund investment - INR 3088 - Ref 572880,1573.25,Professional Fees,,,,,indian
eBay online order - INR 31602 - Ref 796814,481.0,Office Supplies,,,,,indian
Stock market investment - INR 27850 - Ref 470914,3922.47,Professional Fees,,,,,indian
Hotel dinner bill - INR 28889 - Ref 509271,267.34,Miscellaneous,,,,,indian
Lifestyle store purchase - INR 25426 - Ref 652249,358.66,Office Supplies,,,,,indian
Cafe coffee purchase - INR 31605 - Ref 154915,247.86,Miscellaneous,,,,,indian
Appliance EMI - INR 9009 - Ref 624251,4785.65,Rent,,,,,indian
Swiggy order payment - INR 17964 - Ref 809024,385.35,Miscellaneous,,,,,indian
Uber ride payment - INR 20170 - Ref 129074,350.61,Travel,,,,,indian
Gold bond investment - INR 23215 - Ref 961270,622.6,Professional Fees,,,,,indian
Flight ticket booking - INR 28066 - Ref 166923,1627.15,Travel,,,,,indian
Myntra fashion order - INR 26489 - Ref 546538,38.91,Office Supplies,,,,,indian
Swiggy order payment - INR 47207 - Ref 459528,819.96,Miscellaneous,,,,,indian
Personal loan EMI - INR 587 - Ref 796461,1930.49,Rent,,,,,indian
MakeMyTrip travel booking - INR 10514 - Ref 609202,2423.14,Travel,,,,,indian
Rapido bike ride - INR 17482 - Ref 644998,363.48,Travel,,,,,indian
Laptop EMI payment - INR 29670 - Ref 997415,2205.68,Rent,,,,,indian
Fixed deposit investment - INR 20010 - Ref 469906,2844.04,Professional Fees,,,,,indian
Grocery food items - INR 25966 - Ref 528085,892.68,Miscellaneous,,,,,indian
Sushi Restaurant,48.64,Miscellaneous,2018-09-25,debit,Silver Card,2018-09,excel
Uber ride payment - INR 32783 - Ref 395532,2624.52,Travel,,,,,indian
ETF purchase - INR 29485 - Ref 759909,1228.12,Professional Fees,,,,,indian
Amazon online shopping - INR 45852 - Ref 360618,211.06,Office Supplies,,,,,indian
McDonald's meal payment - INR 20933 - Ref 265459,931.61,Miscellaneous,,,,,indian
Amazon Video,6.41,Software/Subscriptions,2018-04-03,debit,Platinum Card,2018-04,excel
Flight ticket booking - INR 44012 - Ref 154969,2111.33,Travel,,,,,indian
Grocery food items - INR 39535 - Ref 115197,726.31,Miscellaneous,,,,,indian
Airport taxi fare - INR 31730 - Ref 112341,1593.11,Travel,,,,,indian
Personal loan EMI - INR 18528 - Ref 451659,3692.77,Rent,,,,,indian
Internet Service Provider,74.99,Utilities,2018-02-26,debit,Checking,2018-02,excel
KFC online order - INR 18279 - Ref 427201,811.68,Miscellaneous,,,,,indian
BP,34.9,Travel,2018-03-08,debit,Platinum Card,2018-03,excel
Restaurant dine-in bill - INR 17858 - Ref 623061,156.02,Miscellaneous,,,,,indian
Restaurant dine-in bill - INR 37948 - Ref 121943,281.75,Miscellaneous,,,,,indian
Car loan EMI - INR 48358 - Ref 935557,3240.6,Rent,,,,,indian
Restaurant dine-in bill - INR 38927 - Ref 357191,314.93,Miscellaneous,,,,,indian
Bus ticket purchase - INR 34991 - Ref 698423,846.74,Travel,,,,,indian
Appliance EMI - INR 3359 - Ref 929473,4313.93,Rent,,,,,indian
KFC online order - INR 25891 - Ref 808552,622.51,Miscellaneous,,,,,indian
Share trading debit - INR 12464 - Ref 457009,3860.51,Professional Fees,,,,,indian
Zomato food delivery - INR 42854 - Ref 863982,483.09,Miscellaneous,,,,,indian
Laptop EMI payment - INR 1007 - Ref 607224,3758.38,Rent,,,,,indian
Best Buy,320.99,Software/Subscriptions,2019-03-18,debit,Platinum Card,2019-03,excel
Rapido bike ride - INR 14856 - Ref 863233,364.98,Travel,,,,,indian
McDonald's meal payment - INR 44342 - Ref 799031,166.57,Miscellaneous,,,,,indian
Grocery food items - INR 16431 - Ref 102000,982.55,Miscellaneous,,,,,indian
Supermarket shopping - INR 27801 - Ref 503502,99.49,Office Supplies,,,,,indian
Airport taxi fare - INR 8576 - Ref 163356,2733.83,Travel,,,,,indian
Airport taxi fare - INR 22391 - Ref 957544,1474.69,Travel,,,,,indian
Laptop EMI payment - INR 34716 - Ref 795680,3986.24,Rent,,,,,indian
Education loan EMI - INR 44375 - Ref 290758,1701.07,Rent,,,,,indian
Credit card EMI - INR 16503 - Ref 838211,4999.63,Rent,,,,,indian
Cafe coffee purchase - INR 15695 - Ref 164536,33.87,Miscellaneous,,,,,indian
Credit card EMI - INR 46369 - Ref 664661,3615.25,Rent,,,,,indian
Mall shopping payment - INR 2921 - Ref 631750,144.52,Office Supplies,,,,,indian
Metro card recharge - INR 21427 - Ref 401369,2176.73,Travel,,,,,indian
Car loan EMI - INR 43122 - Ref 530736,3422.54,Rent,,,,,indian
Laptop EMI payment - INR 22693 - Ref 266886,2798.93,Rent,,,,,indian
Rapido bike ride - INR 38080 - Ref 730695,1392.27,Travel,,,,,indian
Target,3.2,Office Supplies,2019-05-09,debit,Platinum Card,2019-05,excel
Metro card recharge - INR 44020 - Ref 605845,2715.0,Travel,,,,,indian
Uber ride payment - INR 35827 - Ref 241897,2150.54,Travel,,,,,indian
Grocery food items - INR 47489 - Ref 947951,491.9,Miscellaneous,,,,,indian
Laptop EMI payment - INR 26563 - Ref 232011,3908.68,Rent,,,,,indian
IRCTC train ticket - INR 2664 - Ref 472311,1718.45,Travel,,,,,indian
Fixed deposit investment - INR 33109 - Ref 466291,1570.77,Professional Fees,,,,,indian
Uber ride payment - INR 17377 - Ref 295710,1076.17,Travel,,,,,indian
ETF purchase - INR 4532 - Ref 873617,1760.89,Professional Fees,,,,,indian
MakeMyTrip travel booking - INR 20869 - Ref 657724,804.58,Travel,,,,,indian
Hotel dinner bill - INR 38876 - Ref 105521,970.18,Miscellaneous,,,,,indian
eBay online order - INR 21487 - Ref 708989,294.46,Office Supplies,,,,,indian
Ola cab booking - INR 27813 - Ref 498449,644.94,Travel,,,,,indian
NPS contribution - INR 1750 - Ref 440162,1126.85,Professional Fees,,,,,indian
Amazon online shopping - INR 31457 - Ref 695550,330.03,Office Supplies,,,,,indian
Personal loan EMI - INR 32649 - Ref 471998,1116.1,Rent,,,,,indian
Myntra fashion order - INR 31276 - Ref 525661,481.08,Office Supplies,,,,,indian
Ola cab booking - INR 25231 - Ref 975275,562.86,Travel,,,,,indian
NPS contribution - INR 22273 - Ref 122781,4396.11,Professional Fees,,,,,indian
Myntra fashion order - INR 6942 - Ref 414392,425.26,Office Supplies,,,,,indian
Gold bond investment - INR 10356 - Ref 870369,2185.08,Professional Fees,,,,,indian
Amazon online shopping - INR 40532 - Ref 188058,363.64,Office Supplies,,,,,indian
Bus ticket purchase - INR 33796 - Ref 812680,1018.37,Travel,,,,,indian
Restaurant dine-in bill - INR 42410 - Ref 585905,481.24,Miscellaneous,,,,,indian
Lifestyle store purchase - INR 26115 - Ref 871793,455.25,Office Supplies,,,,,indian
ETF purchase - INR 47917 - Ref 849417,2322.61,Professional Fees,,,,,indian
Lifestyle store purchase - INR 16113 - Ref 864774,106.13,Office Supplies,,,,,indian
Education loan EMI - INR 46962 - Ref 889846,3255.88,Rent,,,,,indian
Appliance EMI - INR 23004 - Ref 299755,1345.9,Rent,,,,,indian
Fixed deposit investment - INR 30670 - Ref 259237,3950.3,Professional Fees,,,,,indian
Metro card recharge - INR 37330 - Ref 546313,348.81,Travel,,,,,indian
Amazon online shopping - INR 17234 - Ref 845241,22.52,Office Supplies,,,,,indian
Metro card recharge - INR 35345 - Ref 807464,1356.89,Travel,,,,,indian
Rapido bike ride - INR 1918 - Ref 187568,276.36,Travel,,,,,indian
Rapido bike ride - INR 7331 - Ref 596964,1066.36,Travel,,,,,indian
Airport taxi fare - INR 31691 - Ref 741229,1395.28,Travel,,,,,indian
Consumer durable EMI - INR 34060 - Ref 995601,2741.51,Rent,,,,,indian
Retail store shopping - INR 18740 - Ref 824355,24.39,Office Supplies,,,,,indian
KFC online order - INR 11861 - Ref 836770,170.68,Miscellaneous,,,,,indian
Retail store shopping - INR 37004 - Ref 194991,280.95,Office Supplies,,,,,indian
Bakery purchase - INR 4832 - Ref 663011,773.23,Miscellaneous,,,,,indian
Amazon,74.97,Office Supplies,2018-06-23,debit,Platinum Card,2018-06,excel
Gold bond investment - INR 34651 - Ref 688180,2723.34,Professional Fees,,,,,indian
Electronics purchase - INR 47820 - Ref 861963,190.54,Office Supplies,,,,,indian
Restaurant dine-in bill - INR 21730 - Ref 515537,475.79,Miscellaneous,,,,,indian
Myntra fashion order - INR 15866 - Ref 303508,342.5,Office Supplies,,,,,indian
Education loan EMI - INR 14738 - Ref 379597,4792.25,Rent,,,,,indian
Blue Sky Market,6.48,Office Supplies,2018-04-09,debit,Silver Card,2018-04,excel
Gas Company,45.0,Utilities,2018-01-08,debit,Checking,2018-01,excel
Consumer durable EMI - INR 4954 - Ref 837870,3526.94,Rent,,,,,indian
Mall shopping payment - INR 46710 - Ref 653185,69.41,Office Supplies,,,,,indian
Car loan EMI - INR 17165 - Ref 107794,2104.8,Rent,,,,,indian
Mobile EMI payment - INR 32792 - Ref 510952,4732.12,Rent,,,,,indian
Personal loan EMI - INR 29168 - Ref 230949,2522.65,Rent,,,,,indian
MakeMyTrip travel booking - INR 13249 - Ref 597847,2752.0,Travel,,,,,indian
Credit card EMI - INR 27650 - Ref 604173,2333.45,Rent,,,,,indian
Personal loan EMI - INR 17333 - Ref 551295,1148.08,Rent,,,,,indian
Lifestyle store purchase - INR 16827 - Ref 140267,358.27,Office Supplies,,,,,indian
Credit card EMI - INR 19402 - Ref 319361,2225.98,Rent,,,,,indian
Appliance EMI - INR 42376 - Ref 524983,1816.09,Rent,,,,,indian
Home loan EMI - INR 46561 - Ref 926831,2182.17,Rent,,,,,indian
NPS contribution - INR 14843 - Ref 999736,4208.58,Professional Fees,,,,,indian
McDonald's meal payment - INR 32780 - Ref 360739,724.39,Miscellaneous,,,,,indian
Grocery food items - INR 32892 - Ref 300289,73.46,Miscellaneous,,,,,indian
Personal loan EMI - INR 28254 - Ref 708703,3698.61,Rent,,,,,indian
Amazon,23.47,Office Supplies,2018-08-18,debit,Platinum Card,2018-08,excel
Bike loan EMI - INR 25572 - Ref 113000,4840.54,Rent,,,,,indian
Retirement fund investment - INR 20757 - Ref 996379,3262.53,Professional Fees,,,,,indian
Chick-Fil-A,16.18,Miscellaneous,2018-06-09,debit,Platinum Card,2018-06,excel
Home loan EMI - INR 41376 - Ref 249494,2508.79,Rent,,,,,indian
Supermarket shopping - INR 26178 - Ref 438196,476.8,Office Supplies,,,,,indian
Restaurant dine-in bill - INR 42908 - Ref 196763,200.21,Miscellaneous,,,,,indian
McDonald's meal payment - INR 39560 - Ref 139442,685.56,Miscellaneous,,,,,indian
Retirement fund investment - INR 15311 - Ref 302170,2620.93,Professional Fees,,,,,indian
Credit card EMI - INR 21067 - Ref 543469,4073.04,Rent,,,,,indian
Electronics purchase - INR 41467 - Ref 766361,250.15,Office Supplies,,,,,indian
Retirement fund investment - INR 39206 - Ref 393401,980.75,Professional Fees,,,,,indian
Sheetz,4.27,Travel,2019-09-28,debit,Platinum Card,2019-09,excel
ETF purchase - INR 21284 - Ref 875405,3017.03,Professional Fees,,,,,indian
Rapido bike ride - INR 26914 - Ref 431113,2278.68,Travel,,,,,indian
QuikTrip,39.0,Travel,2018-04-29,debit,Platinum Card,2018-04,excel
Uber ride payment - INR 24794 - Ref 737915,1583.13,Travel,,,,,indian
Stock market investment - INR 3515 - Ref 966760,1111.08,Professional Fees,,,,,indian
Dominos pizza order - INR 13022 - Ref 161217,976.7,Miscellaneous,,,,,indian
Flight ticket booking - INR 29666 - Ref 310795,1179.98,Travel,,,,,indian
eBay online order - INR 40809 - Ref 953941,164.0,Office Supplies,,,,,indian
Cafe coffee purchase - INR 1730 - Ref 453877,687.81,Miscellaneous,,,,,indian
eBay online order - INR 726 - Ref 553779,467.07,Office Supplies,,,,,indian
Stock market investment - INR 2908 - Ref 736708,641.32,Professional Fees,,,,,indian
MakeMyTrip travel booking - INR 19806 - Ref 989690,623.26,Travel,,,,,indian
Airport taxi fare - INR 42410 - Ref 783177,767.78,Travel,,,,,indian
Bus ticket purchase - INR 49377 - Ref 595778,721.08,Travel,,,,,indian
Ajio clothing purchase - INR 41709 - Ref 674651,494.47,Office Supplies,,,,,indian
Lifestyle store purchase - INR 27526 - Ref 229290,180.78,Office Supplies,,,,,indian
Personal loan EMI - INR 13402 - Ref 511653,3203.36,Rent,,,,,indian
McDonald's meal payment - INR 14458 - Ref 921115,25.64,Miscellaneous,,,,,indian
Uber ride payment - INR 23772 - Ref 587561,2367.2,Travel,,,,,indian
KFC online order - INR 23883 - Ref 597781,312.82,Miscellaneous,,,,,indian
Ola cab booking - INR 5532 - Ref 763870,2248.76,Travel,,,,,indian
Gold bond investment - INR 34453 - Ref 723907,4287.93,Professional Fees,,,,,indian
Cafe coffee purchase - INR 37879 - Ref 668161,851.11,Miscellaneous,,,,,indian
Retirement fund investment - INR 45316 - Ref 974674,1869.3,Professional Fees,,,,,indian
Education loan EMI - INR 27906 - Ref 763397,2002.39,Rent,,,,,indian
Stock market investment - INR 15388 - Ref 810169,3188.29,Professional Fees,,,,,indian
Ola cab booking - INR 30338 - Ref 650316,128.61,Travel,,,,,indian
Swiggy order payment - INR 16364 - Ref 827145,867.31,Miscellaneous,,,,,indian
Myntra fashion order - INR 26126 - Ref 770947,251.13,Office Supplies,,,,,indian
Home loan EMI - INR 28378 - Ref 398225,3730.21,Rent,,,,,indian
eBay online order - INR 6532 - Ref 272662,89.76,Office Supplies,,,,,indian
Restaurant dine-in bill - INR 36019 - Ref 521818,640.28,Miscellaneous,,,,,indian
Mobile EMI payment - INR 5477 - Ref 379901,2194.22,Rent,,,,,indian
Grocery food items - INR 28104 - Ref 418476,652.35,Miscellaneous,,,,,indian
Laptop EMI payment - INR 38002 - Ref 388239,3129.36,Rent,,,,,indian
Retail store shopping - INR 15842 - Ref 302158,164.85,Office Supplies,,,,,indian
Personal loan EMI - INR 44982 - Ref 747535,4273.62,Rent,,,,,indian
Bus ticket purchase - INR 6262 - Ref 345561,260.66,Travel,,,,,indian
Supermarket shopping - INR 2567 - Ref 957890,164.15,Office Supplies,,,,,indian
Hotel dinner bill - INR 600 - Ref 480985,793.15,Miscellaneous,,,,,indian
Mobile EMI payment - INR 41787 - Ref 945763,2539.51,Rent,,,,,indian
Gold bond investment - INR 23251 - Ref 500172,1474.24,Professional Fees,,,,,indian
Laptop EMI payment - INR 34382 - Ref 252500,1434.28,Rent,,,,,indian
Restaurant dine-in bill - INR 47705 - Ref 255829,985.6,Miscellaneous,,,,,indian
Mutual fund SIP - INR 16659 - Ref 810133,3715.72,Professional Fees,,,,,indian
PPF contribution - INR 10392 - Ref 505075,1271.41,Professional Fees,,,,,indian
Grocery Store,46.96,Office Supplies,2019-02-21,debit,Silver Card,2019-02,excel
Gold bond investment - INR 10042 - Ref 421483,1154.01,Professional Fees,,,,,indian
Retail store shopping - INR 4245 - Ref 598160,342.31,Office Supplies,,,,,indian
Retail store shopping - INR 40642 - Ref 879255,468.29,Office Supplies,,,,,indian
Ajio clothing purchase - INR 7939 - Ref 711767,41.74,Office Supplies,,,,,indian
Fixed deposit investment - INR 18609 - Ref 830049,1700.99,Professional Fees,,,,,indian
Credit card EMI - INR 11589 - Ref 824200,3101.91,Rent,,,,,indian
Mutual fund SIP - INR 34791 - Ref 849002,3467.49,Professional Fees,,,,,indian
Personal loan EMI - INR 21375 - Ref 319799,1270.22,Rent,,,,,indian
Flipkart purchase - INR 21374 - Ref 809878,221.24,Office Supplies,,,,,indian
Myntra fashion order - INR 15690 - Ref 670318,172.7,Office Supplies,,,,,indian
Mutual fund SIP - INR 8447 - Ref 588308,2907.13,Professional Fees,,,,,indian
ETF purchase - INR 34602 - Ref 809408,625.88,Professional Fees,,,,,indian
Credit card EMI - INR 6232 - Ref 207809,1871.86,Rent,,,,,indian
Restaurant dine-in bill - INR 5483 - Ref 846331,292.41,Miscellaneous,,,,,indian
Hotel stay booking - INR 36120 - Ref 816140,336.72,Travel,,,,,indian
Education loan EMI - INR 17769 - Ref 441334,4653.95,Rent,,,,,indian
Credit card EMI - INR 46749 - Ref 820419,3314.22,Rent,,,,,indian
Stock market investment - INR 3040 - Ref 652841,4964.47,Professional Fees,,,,,indian
Mutual fund SIP - INR 27408 - Ref 704911,3210.56,Professional Fees,,,,,indian
Electronics purchase - INR 37803 - Ref 433450,478.61,Office Supplies,,,,,indian
Dominos pizza order - INR 33014 - Ref 220082,344.66,Miscellaneous,,,,,indian
PPF contribution - INR 44356 - Ref 617963,2184.52,Professional Fees,,,,,indian
Stock market investment - INR 35371 - Ref 206592,2959.55,Professional Fees,,,,,indian
Demat account transfer - INR 16522 - Ref 904609,2095.99,Professional Fees,,,,,indian
Grocery Store,37.43,Office Supplies,2018-11-13,debit,Platinum Card,2018-11,excel
Airport taxi fare - INR 10165 - Ref 551488,2598.88,Travel,,,,,indian
Uber ride payment - INR 41136 - Ref 883321,919.98,Travel,,,,,indian
Flipkart purchase - INR 44854 - Ref 595686,274.31,Office Supplies,,,,,indian
Supermarket shopping - INR 8251 - Ref 633726,108.26,Office Supplies,,,,,indian
McDonald's meal payment - INR 47126 - Ref 322340,770.5,Miscellaneous,,,,,indian
MakeMyTrip travel booking - INR 24433 - Ref 515425,52.02,Travel,,,,,indian
Bike loan EMI - INR 43584 - Ref 305689,2094.11,Rent,,,,,indian
Retail store shopping - INR 30725 - Ref 239728,320.48,Office Supplies,,,,,indian
Airport taxi fare - INR 38003 - Ref 477031,2702.97,Travel,,,,,indian
PPF contribution - INR 23251 - Ref 760574,1565.9,Professional Fees,,,,,indian
Swiggy order payment - INR 28808 - Ref 574895,728.42,Miscellaneous,,,,,indian
Fixed deposit investment - INR 1958 - Ref 149387,878.47,Professional Fees,,,,,indian
Swiggy order payment - INR 5814 - Ref 110885,823.82,Miscellaneous,,,,,indian
Supermarket shopping - INR 37811 - Ref 248335,117.73,Office Supplies,,,,,indian
MakeMyTrip travel booking - INR 11252 - Ref 395749,2432.77,Travel,,,,,indian
Appliance EMI - INR 11437 - Ref 999192,2999.55,Rent,,,,,indian
Retirement fund investment - INR 24778 - Ref 340239,1683.13,Professional Fees,,,,,indian
eBay online order - INR 14924 - Ref 498778,344.1,Office Supplies,,,,,indian
Share trading debit - INR 6249 - Ref 707644,909.32,Professional Fees,,,,,indian
Education loan EMI - INR 8775 - Ref 948760,4621.35,Rent,,,,,indian
Mall shopping payment - INR 14795 - Ref 658812,64.65,Office Supplies,,,,,indian
Home loan EMI - INR 16956 - Ref 631994,1026.45,Rent,,,,,indian
eBay online order - INR 106 - Ref 780439,306.14,Office Supplies,,,,,indian
Retail store shopping - INR 28339 - Ref 711757,365.64,Office Supplies,,,,,indian
Bike loan EMI - INR 23977 - Ref 443196,4906.45,Rent,,,,,indian
Bike loan EMI - INR 31950 - Ref 657955,1115.79,Rent,,,,,indian
Share trading debit - INR 43195 - Ref 535010,1543.3,Professional Fees,,,,,indian
Credit Card Payment,1900.0,Professional Fees,2019-01-31,debit,Checking,2019-01,excel
Hardware Store,210.79,Office Supplies,2018-04-25,debit,Silver Card,2018-04,excel
Consumer durable EMI - INR 33649 - Ref 775085,4293.36,Rent,,,,,indian
Zomato food delivery - INR 15678 - Ref 702844,122.46,Miscellaneous,,,,,indian
ETF purchase - INR 37062 - Ref 153636,1893.9,Professional Fees,,,,,indian
MakeMyTrip travel booking - INR 40588 - Ref 245171,822.77,Travel,,,,,indian
NPS contribution - INR 44279 - Ref 913732,2459.97,Professional Fees,,,,,indian
Rapido bike ride - INR 18924 - Ref 602576,2293.42,Travel,,,,,indian
Supermarket shopping - INR 34685 - Ref 601569,21.7,Office Supplies,,,,,indian
Education loan EMI - INR 38283 - Ref 481244,1166.44,Rent,,,,,indian
McDonald's meal payment - INR 48246 - Ref 391388,867.07,Miscellaneous,,,,,indian
Cafe coffee purchase - INR 39615 - Ref 621970,786.98,Miscellaneous,,,,,indian
Retirement fund investment - INR 41165 - Ref 184103,4460.09,Professional Fees,,,,,indian
Supermarket shopping - INR 4471 - Ref 338895,356.64,Office Supplies,,,,,indian
Car loan EMI - INR 21051 - Ref 980149,4691.46,Rent,,,,,indian
Gold bond investment - INR 25833 - Ref 671990,4085.27,Professional Fees,,,,,indian
Share trading debit - INR 44354 - Ref 616039,4123.45,Professional Fees,,,,,indian
American Tavern,23.49,Miscellaneous,2019-01-05,debit,Platinum Card,2019-01,excel
Credit Card Payment,1248.95,Professional Fees,2019-08-19,debit,Checking,2019-08,excel
Zomato food delivery - INR 38648 - Ref 942107,332.5,Miscellaneous,,,,,indian
Supermarket shopping - INR 26407 - Ref 215838,444.38,Office Supplies,,,,,indian
Electronics purchase - INR 15489 - Ref 580098,214.6,Office Supplies,,,,,indian
Demat account transfer - INR 3241 - Ref 322838,4578.2,Professional Fees,,,,,indian
Ajio clothing purchase - INR 10942 - Ref 110491,348.55,Office Supplies,,,,,indian
MakeMyTrip travel booking - INR 22524 - Ref 795012,999.32,Travel,,,,,indian
Dominos pizza order - INR 10538 - Ref 355746,994.08,Miscellaneous,,,,,indian
Supermarket shopping - INR 33213 - Ref 178974,206.26,Office Supplies,,,,,indian
Electronics purchase - INR 43435 - Ref 371936,379.61,Office Supplies,,,,,indian
Stock market investment - INR 45190 - Ref 263406,3473.26,Professional Fees,,,,,indian
Amazon,37.45,Office Supplies,2019-02-16,debit,Platinum Card,2019-02,excel
PPF contribution - INR 16666 - Ref 704404,931.57,Professional Fees,,,,,indian
Restaurant dine-in bill - INR 15966 - Ref 932189,922.74,Miscellaneous,,,,,indian
ETF purchase - INR 30319 - Ref 547912,4596.37,Professional Fees,,,,,indian
Demat account transfer - INR 34313 - Ref 846418,3906.3,Professional Fees,,,,,indian
Cafe coffee purchase - INR 44406 - Ref 762569,658.48,Miscellaneous,,,,,indian
Shell,40.44,Travel,2018-08-02,debit,Silver Card,2018-08,excel
Flight ticket booking - INR 43262 - Ref 735269,1562.03,Travel,,,,,indian
MakeMyTrip travel booking - INR 36128 - Ref 630638,1601.15,Travel,,,,,indian
Ola cab booking - INR 29755 - Ref 300556,2845.3,Travel,,,,,indian
eBay online order - INR 26230 - Ref 795108,74.32,Office Supplies,,,,,indian
IRCTC train ticket - INR 49736 - Ref 330065,671.07,Travel,,,,,indian
NPS contribution - INR 3915 - Ref 524699,3675.99,Professional Fees,,,,,indian
Lifestyle store purchase - INR 40190 - Ref 123061,154.53,Office Supplies,,,,,indian
Myntra fashion order - INR 18211 - Ref 899551,392.85,Office Supplies,,,,,indian
McDonald's meal payment - INR 15299 - Ref 419663,788.31,Miscellaneous,,,,,indian
Fancy Restaurant,106.8,Miscellaneous,2018-02-11,debit,Platinum Card,2018-02,excel
IRCTC train ticket - INR 33634 - Ref 794999,136.97,Travel,,,,,indian
Flipkart purchase - INR 42664 - Ref 140397,379.0,Office Supplies,,,,,indian
Appliance EMI - INR 26241 - Ref 229789,1087.2,Rent,,,,,indian
Electronics purchase - INR 32525 - Ref 416766,282.09,Office Supplies,,,,,indian
ETF purchase - INR 46635 - Ref 695784,3295.33,Professional Fees,,,,,indian
Flipkart purchase - INR 35521 - Ref 779252,96.31,Office Supplies,,,,,indian
Amazon online shopping - INR 36835 - Ref 507204,495.5,Office Supplies,,,,,indian
Thai Restaurant,26.04,Miscellaneous,2018-05-21,debit,Silver Card,2018-05,excel
Retail store shopping - INR 457 - Ref 498687,201.91,Office Supplies,,,,,indian
Credit Card Payment,235.18,Professional Fees,2018-06-02,credit,Silver Card,2018-06,excel
Car loan EMI - INR 27384 - Ref 442247,4983.35,Rent,,,,,indian
Flight ticket booking - INR 5499 - Ref 949507,490.13,Travel,,,,,indian
Myntra fashion order - INR 17029 - Ref 269713,461.85,Office Supplies,,,,,indian
Amazon online shopping - INR 15937 - Ref 176281,33.54,Office Supplies,,,,,indian
Amazon online shopping - INR 47138 - Ref 557601,100.44,Office Supplies,,,,,indian
eBay online order - INR 22806 - Ref 870911,60.51,Office Supplies,,,,,indian
Demat account transfer - INR 37534 - Ref 154494,3547.99,Professional Fees,,,,,indian
Appliance EMI - INR 19656 - Ref 346923,1520.3,Rent,,,,,indian
Bakery purchase - INR 14229 - Ref 261769,549.95,Miscellaneous,,,,,indian
Hotel dinner bill - INR 40553 - Ref 765949,222.04,Miscellaneous,,,,,indian
Laptop EMI payment - INR 32861 - Ref 779765,4371.41,Rent,,,,,indian
Grocery food items - INR 25049 - Ref 106649,41.06,Miscellaneous,,,,,indian
Zomato food delivery - INR 47849 - Ref 469691,316.27,Miscellaneous,,,,,indian
Credit Card Payment,124.03,Professional Fees,2018-10-02,credit,Platinum Card,2018-10,excel
Credit card EMI - INR 5340 - Ref 345064,3915.32,Rent,,,,,indian
Stock market investment - INR 19118 - Ref 861236,1287.41,Professional Fees,,,,,indian
Amazon,44.99,Office Supplies,2018-12-26,debit,Platinum Card,2018-12,excel
NPS contribution - INR 45936 - Ref 430077,2321.81,Professional Fees,,,,,indian
McDonald's meal payment - INR 16071 - Ref 335310,915.89,Miscellaneous,,,,,indian
Mutual fund SIP - INR 2242 - Ref 439657,1261.01,Professional Fees,,,,,indian
Bus ticket purchase - INR 3523 - Ref 423155,258.56,Travel,,,,,indian
Grocery Store,24.12,Office Supplies,2018-06-04,debit,Platinum Card,2018-06,excel
Cafe coffee purchase - INR 22625 - Ref 280433,265.36,Miscellaneous,,,,,indian
Consumer durable EMI - INR 49207 - Ref 898373,1782.67,Rent,,,,,indian
Mobile EMI payment - INR 5643 - Ref 740025,4745.34,Rent,,,,,indian
Hotel dinner bill - INR 22701 - Ref 390615,69.28,Miscellaneous,,,,,indian
Mall shopping payment - INR 38378 - Ref 662059,62.46,Office Supplies,,,,,indian
Supermarket shopping - INR 28468 - Ref 681042,245.22,Office Supplies,,,,,indian
Airport taxi fare - INR 3951 - Ref 177389,2870.76,Travel,,,,,indian
Bakery purchase - INR 40204 - Ref 447810,795.64,Miscellaneous,,,,,indian
Airport taxi fare - INR 28460 - Ref 129967,1474.63,Travel,,,,,indian
Retail store shopping - INR 9010 - Ref 477002,257.76,Office Supplies,,,,,indian
Restaurant dine-in bill - INR 30984 - Ref 118119,349.86,Miscellaneous,,,,,indian
Bike loan EMI - INR 3718 - Ref 600782,4658.96,Rent,,,,,indian
Fixed deposit investment - INR 4633 - Ref 438945,4679.6,Professional Fees,,,,,indian
Mobile EMI payment - INR 37480 - Ref 421003,1815.21,Rent,,,,,indian
Gold bond investment - INR 3633 - Ref 171567,844.53,Professional Fees,,,,,indian
Hotel dinner bill - INR 10328 - Ref 476203,429.34,Miscellaneous,,,,,indian
MakeMyTrip travel booking - INR 28545 - Ref 259981,390.26,Travel,,,,,indian
Stock market investment - INR 38272 - Ref 337831,983.69,Professional Fees,,,,,indian
Laptop EMI payment - INR 14001 - Ref 959321,3260.05,Rent,,,,,indian
BP,33.16,Travel,2019-06-15,debit,Silver Card,2019-06,excel
Metro card recharge - INR 37282 - Ref 773808,1027.91,Travel,,,,,indian
Hotel dinner bill - INR 47640 - Ref 569480,502.77,Miscellaneous,,,,,indian
Ola cab booking - INR 24309 - Ref 414754,701.35,Travel,,,,,indian
Ola cab booking - INR 40662 - Ref 203962,425.27,Travel,,,,,indian
Retail store shopping - INR 49114 - Ref 507479,271.55,Office Supplies,,,,,indian
Mutual fund SIP - INR 43101 - Ref 274285,1666.21,Professional Fees,,,,,indian
Credit card EMI - INR 3580 - Ref 985703,2519.0,Rent,,,,,indian
KFC online order - INR 37508 - Ref 996784,199.38,Miscellaneous,,,,,indian
ETF purchase - INR 14539 - Ref 188255,1594.78,Professional Fees,,,,,indian
Retirement fund investment - INR 8824 - Ref 605250,351.82,Professional Fees,,,,,indian
Airport taxi fare - INR 2907 - Ref 886143,948.43,Travel,,,,,indian
PPF contribution - INR 15552 - Ref 979815,4686.84,Professional Fees,,,,,indian
Flipkart purchase - INR 8019 - Ref 385646,40.95,Office Supplies,,,,,indian
Swiggy order payment - INR 36212 - Ref 901301,578.88,Miscellaneous,,,,,indian
Personal loan EMI - INR 13474 - Ref 363000,1812.79,Rent,,,,,indian
Dominos pizza order - INR 47271 - Ref 623687,461.5,Miscellaneous,,,,,indian
Demat account transfer - INR 3548 - Ref 240548,2245.36,Professional Fees,,,,,indian
ETF purchase - INR 44849 - Ref 173046,1870.21,Professional Fees,,,,,indian
Supermarket shopping - INR 38311 - Ref 362889,308.2,Office Supplies,,,,,indian
Grocery Store,9.62,Office Supplies,2018-06-26,debit,Silver Card,2018-06,excel
Grocery food items - INR 855 - Ref 326523,535.54,Miscellaneous,,,,,indian
Mutual fund SIP - INR 20296 - Ref 568347,4069.81,Professional Fees,,,,,indian
KFC online order - INR 41695 - Ref 293777,375.02,Miscellaneous,,,,,indian
Mobile EMI payment - INR 15999 - Ref 817874,2526.48,Rent,,,,,indian
Amazon online shopping - INR 32652 - Ref 841931,49.48,Office Supplies,,,,,indian
Myntra fashion order - INR 40720 - Ref 210655,467.71,Office Supplies,,,,,indian
Electronics purchase - INR 30859 - Ref 529960,311.48,Office Supplies,,,,,indian
Flight ticket booking - INR 49037 - Ref 499220,1771.55,Travel,,,,,indian
Appliance EMI - INR 19640 - Ref 919603,2550.22,Rent,,,,,indian
MakeMyTrip travel booking - INR 6538 - Ref 607187,2200.92,Travel,,,,,indian
Fixed deposit investment - INR 49339 - Ref 978175,4634.77,Professional Fees,,,,,indian
eBay online order - INR 49979 - Ref 337448,104.64,Office Supplies,,,,,indian
Credit card EMI - INR 15963 - Ref 999935,4835.59,Rent,,,,,indian
Hardware Store,68.04,Office Supplies,2019-08-31,debit,Platinum Card,2019-08,excel
Demat account transfer - INR 9147 - Ref 595243,2454.44,Professional Fees,,,,,indian
PPF contribution - INR 8799 - Ref 477505,4767.89,Professional Fees,,,,,indian
Retirement fund investment - INR 16380 - Ref 268505,1425.57,Professional Fees,,,,,indian
Retail store shopping - INR 20084 - Ref 566940,192.45,Office Supplies,,,,,indian
Education loan EMI - INR 20677 - Ref 617787,4895.92,Rent,,,,,indian
Lifestyle store purchase - INR 15868 - Ref 746202,413.1,Office Supplies,,,,,indian
eBay online order - INR 21423 - Ref 709156,110.55,Office Supplies,,,,,indian
Retail store shopping - INR 12637 - Ref 258091,310.11,Office Supplies,,,,,indian
Demat account transfer - INR 49772 - Ref 456223,3207.25,Professional Fees,,,,,indian
Share trading debit - INR 5530 - Ref 947871,2196.93,Professional Fees,,,,,indian
Flight ticket booking - INR 37634 - Ref 624528,2547.19,Travel,,,,,indian
Appliance EMI - INR 30665 - Ref 732460,2661.73,Rent,,,,,indian
Myntra fashion order - INR 30758 - Ref 300617,20.81,Office Supplies,,,,,indian
Grocery food items - INR 2497 - Ref 174174,782.23,Miscellaneous,,,,,indian
Credit card EMI - INR 9212 - Ref 612600,4952.62,Rent,,,,,indian
Bike loan EMI - INR 23070 - Ref 707877,1818.85,Rent,,,,,indian
Myntra fashion order - INR 34033 - Ref 797621,453.89,Office Supplies,,,,,indian
Demat account transfer - INR 35530 - Ref 286372,2329.51,Professional Fees,,,,,indian
Gold bond investment - INR 42287 - Ref 989655,4893.9,Professional Fees,,,,,indian
Appliance EMI - INR 1632 - Ref 289522,2781.83,Rent,,,,,indian
Uber ride payment - INR 26272 - Ref 445952,996.18,Travel,,,,,indian
Consumer durable EMI - INR 7383 - Ref 673702,2380.91,Rent,,,,,indian
Zomato food delivery - INR 24767 - Ref 472458,366.78,Miscellaneous,,,,,indian
Gold bond investment - INR 37470 - Ref 259792,3411.31,Professional Fees,,,,,indian
Gold bond investment - INR 18162 - Ref 858034,718.86,Professional Fees,,,,,indian
Demat account transfer - INR 38698 - Ref 991993,1147.16,Professional Fees,,,,,indian
Chick-Fil-A,56.07,Miscellaneous,2018-12-26,debit,Platinum Card,2018-12,excel
Grocery food items - INR 5780 - Ref 152671,813.62,Miscellaneous,,,,,indian
Airport taxi fare - INR 550 - Ref 628920,2178.14,Travel,,,,,indian
Cafe coffee purchase - INR 9514 - Ref 338865,339.47,Miscellaneous,,,,,indian
Zomato food delivery - INR 5506 - Ref 645744,93.54,Miscellaneous,,,,,indian
PPF contribution - INR 7063 - Ref 917464,1346.18,Professional Fees,,,,,indian
Myntra fashion order - INR 49431 - Ref 717938,236.92,Office Supplies,,,,,indian
KFC online order - INR 47861 - Ref 463032,61.39,Miscellaneous,,,,,indian
Laptop EMI payment - INR 8306 - Ref 464555,3533.61,Rent,,,,,indian
Italian Restaurant,54.0,Miscellaneous,2018-10-28,debit,Platinum Card,2018-10,excel
Stock market investment - INR 22819 - Ref 432313,1048.76,Professional Fees,,,,,indian
Amazon,45.75,Office Supplies,2018-03-13,debit,Platinum Card,2018-03,excel
eBay online order - INR 34231 - Ref 582607,454.6,Office Supplies,,,,,indian
MakeMyTrip travel booking - INR 43162 - Ref 121941,1972.68,Travel,,,,,indian
McDonald's meal payment - INR 33655 - Ref 957612,376.08,Miscellaneous,,,,,indian
Car loan EMI - INR 5299 - Ref 284270,4141.33,Rent,,,,,indian
Mobile EMI payment - INR 34930 - Ref 859158,2363.58,Rent,,,,,indian
Mutual fund SIP - INR 32048 - Ref 582822,2266.19,Professional Fees,,,,,indian
Pizza Place,23.34,Miscellaneous,2018-03-17,debit,Platinum Card,2018-03,excel
Gold bond investment - INR 13373 - Ref 906380,785.42,Professional Fees,,,,,indian
Hardware Store,22.14,Office Supplies,2018-12-22,debit,Platinum Card,2018-12,excel
Personal loan EMI - INR 454 - Ref 245415,3276.83,Rent,,,,,indian
Demat account transfer - INR 15734 - Ref 221998,1595.13,Professional Fees,,,,,indian
Grocery food items - INR 44290 - Ref 488152,250.3,Miscellaneous,,,,,indian
Mall shopping payment - INR 8639 - Ref 361163,125.03,Office Supplies,,,,,indian
Ola cab booking - INR 38354 - Ref 695302,731.95,Travel,,,,,indian
Ola cab booking - INR 19853 - Ref 242640,664.37,Travel,,,,,indian
Home loan EMI - INR 44695 - Ref 255372,4149.23,Rent,,,,,indian
ETF purchase - INR 16352 - Ref 781811,3693.72,Professional Fees,,,,,indian
Ajio clothing purchase - INR 35977 - Ref 629354,240.02,Office Supplies,,,,,indian
Zomato food delivery - INR 12881 - Ref 211570,686.51,Miscellaneous,,,,,indian
Hotel dinner bill - INR 31382 - Ref 398023,137.05,Miscellaneous,,,,,indian
eBay online order - INR 17437 - Ref 315050,192.2,Office Supplies,,,,,indian
Mall shopping payment - INR 29556 - Ref 345542,371.55,Office Supplies,,,,,indian
Ola cab booking - INR 29532 - Ref 949053,2263.05,Travel,,,,,indian
Rapido bike ride - INR 20099 - Ref 692755,799.56,Travel,,,,,indian
Laptop EMI payment - INR 7787 - Ref 780537,4650.51,Rent,,,,,indian
MakeMyTrip travel booking - INR 30178 - Ref 121520,858.36,Travel,,,,,indian
Amazon online shopping - INR 11467 - Ref 546493,477.65,Office Supplies,,,,,indian
Bike loan EMI - INR 38090 - Ref 254948,1537.22,Rent,,,,,indian
eBay online order - INR 44522 - Ref 849117,158.88,Office Supplies,,,,,indian
Grocery food items - INR 9468 - Ref 221137,174.59,Miscellaneous,,,,,indian
Uber ride payment - INR 17124 - Ref 576803,1288.51,Travel,,,,,indian
IRCTC train ticket - INR 39105 - Ref 672417,1479.0,Travel,,,,,indian
IRCTC train ticket - INR 7622 - Ref 962680,1656.33,Travel,,,,,indian
Gold bond investment - INR 1153 - Ref 812305,201.38,Professional Fees,,,,,indian
Appliance EMI - INR 41281 - Ref 633899,3630.64,Rent,,,,,indian
Electronics purchase - INR 27420 - Ref 222197,172.54,Office Supplies,,,,,indian
MakeMyTrip travel booking - INR 23839 - Ref 268647,2170.22,Travel,,,,,indian
Zomato food delivery - INR 40771 - Ref 585883,381.84,Miscellaneous,,,,,indian
IRCTC train ticket - INR 8731 - Ref 945814,2656.86,Travel,,,,,indian
Cafe coffee purchase - INR 45716 - Ref 797764,530.17,Miscellaneous,,,,,indian
Restaurant dine-in bill - INR 42980 - Ref 112978,82.94,Miscellaneous,,,,,indian
eBay online order - INR 8688 - Ref 594031,356.87,Office Supplies,,,,,indian
Home loan EMI - INR 19880 - Ref 881871,2794.45,Rent,,,,,indian
Laptop EMI payment - INR 46675 - Ref 767777,4156.91,Rent,,,,,indian
IRCTC train ticket - INR 16632 - Ref 863825,2585.06,Travel,,,,,indian
Demat account transfer - INR 34030 - Ref 622018,3795.64,Professional Fees,,,,,indian
Grocery food items - INR 29990 - Ref 367480,283.17,Miscellaneous,,,,,indian
Credit card EMI - INR 1497 - Ref 797437,2116.5,Rent,,,,,indian
Gold bond investment - INR 34185 - Ref 663089,2168.17,Professional Fees,,,,,indian
NPS contribution - INR 2454 - Ref 888389,2226.75,Professional Fees,,,,,indian
Mutual fund SIP - INR 41603 - Ref 558280,1018.46,Professional Fees,,,,,indian
Hotel dinner bill - INR 2768 - Ref 402031,640.51,Miscellaneous,,,,,indian
Education loan EMI - INR 44692 - Ref 800255,3943.13,Rent,,,,,indian
Mobile EMI payment - INR 4187 - Ref 397230,4009.71,Rent,,,,,indian
Bike loan EMI - INR 35926 - Ref 672941,4957.61,Rent,,,,,indian
Bakery purchase - INR 12723 - Ref 392803,332.12,Miscellaneous,,,,,indian
Myntra fashion order - INR 33508 - Ref 463952,401.42,Office Supplies,,,,,indian
Rapido bike ride - INR 24418 - Ref 465265,1117.61,Travel,,,,,indian
Ola cab booking - INR 18066 - Ref 658578,84.87,Travel,,,,,indian
Rapido bike ride - INR 38877 - Ref 287501,700.69,Travel,,,,,indian
Retail store shopping - INR 14953 - Ref 419253,349.94,Office Supplies,,,,,indian
Swiggy order payment - INR 6433 - Ref 705034,650.61,Miscellaneous,,,,,indian
Grocery food items - INR 40765 - Ref 668185,290.58,Miscellaneous,,,,,indian
PPF contribution - INR 7866 - Ref 238075,3210.69,Professional Fees,,,,,indian
Retirement fund investment - INR 21560 - Ref 581139,3522.61,Professional Fees,,,,,indian
Gold bond investment - INR 38228 - Ref 637203,2554.09,Professional Fees,,,,,indian
Mutual fund SIP - INR 19823 - Ref 726325,3309.4,Professional Fees,,,,,indian
Electronics purchase - INR 41781 - Ref 622040,68.6,Office Supplies,,,,,indian
Airport taxi fare - INR 34624 - Ref 585620,1351.29,Travel,,,,,indian
IRCTC train ticket - INR 33490 - Ref 509896,306.47,Travel,,,,,indian
Restaurant dine-in bill - INR 899 - Ref 355222,854.36,Miscellaneous,,,,,indian
Bus ticket purchase - INR 29951 - Ref 558677,2570.26,Travel,,,,,indian
Car loan EMI - INR 27679 - Ref 376788,2958.57,Rent,,,,,indian
Appliance EMI - INR 36835 - Ref 241686,2480.85,Rent,,,,,indian
Share trading debit - INR 16286 - Ref 534287,1571.5,Professional Fees,,,,,indian
Electronics purchase - INR 2925 - Ref 123776,117.06,Office Supplies,,,,,indian
Grocery food items - INR 42061 - Ref 654922,722.96,Miscellaneous,,,,,indian
Demat account transfer - INR 3860 - Ref 188047,226.62,Professional Fees,,,,,indian
Retail store shopping - INR 38611 - Ref 118759,20.09,Office Supplies,,,,,indian
Starbucks,2.5,Miscellaneous,2019-07-24,debit,Silver Card,2019-07,excel
Mall shopping payment - INR 45068 - Ref 722721,81.15,Office Supplies,,,,,indian
Hotel dinner bill - INR 23231 - Ref 224394,826.89,Miscellaneous,,,,,indian
Lifestyle store purchase - INR 3157 - Ref 384232,261.1,Office Supplies,,,,,indian
Hotel dinner bill - INR 15354 - Ref 255450,925.66,Miscellaneous,,,,,indian
Personal loan EMI - INR 15049 - Ref 276716,2294.41,Rent,,,,,indian
Car loan EMI - INR 33809 - Ref 487359,1695.25,Rent,,,,,indian
Dominos pizza order - INR 43493 - Ref 546574,392.2,Miscellaneous,,,,,indian
PPF contribution - INR 26523 - Ref 691533,3476.25,Professional Fees,,,,,indian
Mobile EMI payment - INR 48612 - Ref 500474,2802.58,Rent,,,,,indian
Swiggy order payment - INR 31706 - Ref 932368,149.16,Miscellaneous,,,,,indian
Zomato food delivery - INR 28840 - Ref 792515,337.94,Miscellaneous,,,,,indian
Flight ticket booking - INR 48360 - Ref 330248,1493.57,Travel,,,,,indian
NPS contribution - INR 38964 - Ref 395310,4723.72,Professional Fees,,,,,indian
Bus ticket purchase - INR 36321 - Ref 562795,308.98,Travel,,,,,indian
McDonald's meal payment - INR 37673 - Ref 664048,108.45,Miscellaneous,,,,,indian
PPF contribution - INR 7098 - Ref 326861,4754.18,Professional Fees,,,,,indian
MakeMyTrip travel booking - INR 46320 - Ref 439200,2385.86,Travel,,,,,indian
McDonald's meal payment - INR 14572 - Ref 728401,449.0,Miscellaneous,,,,,indian
Swiggy order payment - INR 15535 - Ref 551667,825.5,Miscellaneous,,,,,indian
Fixed deposit investment - INR 34297 - Ref 700025,4852.18,Professional Fees,,,,,indian
Retail store shopping - INR 29569 - Ref 848552,40.36,Office Supplies,,,,,indian
Bakery purchase - INR 22171 - Ref 562610,702.26,Miscellaneous,,,,,indian
Bike loan EMI - INR 17048 - Ref 128196,4882.9,Rent,,,,,indian
Flight ticket booking - INR 33042 - Ref 374731,2876.8,Travel,,,,,indian
Airport taxi fare - INR 20097 - Ref 938847,469.61,Travel,,,,,indian
Supermarket shopping - INR 47455 - Ref 558382,391.7,Office Supplies,,,,,indian
Mall shopping payment - INR 12712 - Ref 424101,409.71,Office Supplies,,,,,indian
Bus ticket purchase - INR 31947 - Ref 661957,2747.92,Travel,,,,,indian
McDonald's meal payment - INR 8705 - Ref 990090,571.85,Miscellaneous,,,,,indian
Mall shopping payment - INR 28436 - Ref 327919,48.15,Office Supplies,,,,,indian
Laptop EMI payment - INR 14254 - Ref 683501,3319.94,Rent,,,,,indian
Airport taxi fare - INR 29427 - Ref 720189,2787.74,Travel,,,,,indian
eBay online order - INR 39882 - Ref 240851,262.46,Office Supplies,,,,,indian
KFC online order - INR 25256 - Ref 488103,393.93,Miscellaneous,,,,,indian
Fancy Restaurant,7.0,Miscellaneous,2019-03-05,debit,Silver Card,2019-03,excel
Airport taxi fare - INR 16203 - Ref 949817,2250.51,Travel,,,,,indian
NPS contribution - INR 21111 - Ref 945708,607.79,Professional Fees,,,,,indian
PPF contribution - INR 8631 - Ref 488210,335.3,Professional Fees,,,,,indian
Credit card EMI - INR 15024 - Ref 778542,3923.73,Rent,,,,,indian
PPF contribution - INR 4673 - Ref 211291,920.43,Professional Fees,,,,,indian
Credit Card Payment,186.13,Professional Fees,2019-09-17,credit,Platinum Card,2019-09,excel
Metro card recharge - INR 40918 - Ref 704771,268.89,Travel,,,,,indian
Fixed deposit investment - INR 45748 - Ref 851644,1636.61,Professional Fees,,,,,indian
Share trading debit - INR 5885 - Ref 967940,4317.12,Professional Fees,,,,,indian
Appliance EMI - INR 30681 - Ref 907552,4857.73,Rent,,,,,indian
Hawaiian Grill,24.97,Miscellaneous,2019-07-01,debit,Silver Card,2019-07,excel
Airport taxi fare - INR 45624 - Ref 224974,469.16,Travel,,,,,indian
Flight ticket booking - INR 16288 - Ref 333845,1797.07,Travel,,,,,indian
Share trading debit - INR 21696 - Ref 472841,2183.85,Professional Fees,,,,,indian
Cafe coffee purchase - INR 9986 - Ref 600433,466.47,Miscellaneous,,,,,indian
KFC online order - INR 28997 - Ref 340454,328.29,Miscellaneous,,,,,indian
Credit card EMI - INR 1965 - Ref 680710,4208.94,Rent,,,,,indian
Stock market investment - INR 45084 - Ref 495048,765.74,Professional Fees,,,,,indian
Restaurant dine-in bill - INR 6141 - Ref 486350,395.2,Miscellaneous,,,,,indian
Home loan EMI - INR 48215 - Ref 454472,2118.88,Rent,,,,,indian
Metro card recharge - INR 16974 - Ref 543400,2758.19,Travel,,,,,indian
Swiggy order payment - INR 47380 - Ref 954389,448.72,Miscellaneous,,,,,indian
Hotel dinner bill - INR 28432 - Ref 445804,100.86,Miscellaneous,,,,,indian
Shell,7.48,Travel,2018-12-26,debit,Platinum Card,2018-12,excel
PPF contribution - INR 39555 - Ref 657605,2889.68,Professional Fees,,,,,indian
Consumer durable EMI - INR 23689 - Ref 556453,1798.67,Rent,,,,,indian
ETF purchase - INR 3729 - Ref 972993,4257.06,Professional Fees,,,,,indian
Gold bond investment - INR 44939 - Ref 336527,273.6,Professional Fees,,,,,indian
Stock market investment - INR 22790 - Ref 960014,1557.58,Professional Fees,,,,,indian
eBay online order - INR 22103 - Ref 107634,467.85,Office Supplies,,,,,indian
Lifestyle store purchase - INR 16969 - Ref 296464,385.37,Office Supplies,,,,,indian
MakeMyTrip travel booking - INR 19156 - Ref 820383,903.69,Travel,,,,,indian
Cafe coffee purchase - INR 24941 - Ref 350511,481.13,Miscellaneous,,,,,indian
Credit card EMI - INR 13634 - Ref 800295,4211.27,Rent,,,,,indian
Restaurant dine-in bill - INR 15957 - Ref 368889,914.6,Miscellaneous,,,,,indian
Home loan EMI - INR 19148 - Ref 832299,4254.04,Rent,,,,,indian
Education loan EMI - INR 31124 - Ref 648181,4355.26,Rent,,,,,indian
Supermarket shopping - INR 47577 - Ref 401292,247.17,Office Supplies,,,,,indian
Bakery purchase - INR 37042 - Ref 342934,157.14,Miscellaneous,,,,,indian
Metro card recharge - INR 26419 - Ref 734248,2539.12,Travel,,,,,indian
McDonald's meal payment - INR 38510 - Ref 785298,156.19,Miscellaneous,,,,,indian
Fixed deposit investment - INR 1415 - Ref 602108,4633.46,Professional Fees,,,,,indian
Hotel stay booking - INR 23309 - Ref 723795,415.42,Travel,,,,,indian
Credit card EMI - INR 10950 - Ref 703663,2354.24,Rent,,,,,indian
Zomato food delivery - INR 16562 - Ref 113162,800.68,Miscellaneous,,,,,indian
Metro card recharge - INR 36066 - Ref 208743,1318.25,Travel,,,,,indian
Credit Card Payment,765.68,Professional Fees,2019-05-24,credit,Silver Card,2019-05,excel
Grocery Store,31.0,Office Supplies,2018-05-19,debit,Silver Card,2018-05,excel
Uber ride payment - INR 30761 - Ref 369770,2523.09,Travel,,,,,indian
Appliance EMI - INR 41490 - Ref 903863,4305.55,Rent,,,,,indian
Hotel stay booking - INR 30097 - Ref 130988,1316.25,Travel,,,,,indian
Fixed deposit investment - INR 22741 - Ref 920637,1317.4,Professional Fees,,,,,indian
Share trading debit - INR 41099 - Ref 709588,1640.16,Professional Fees,,,,,indian
Mall shopping payment - INR 11375 - Ref 492990,239.33,Office Supplies,,,,,indian
Appliance EMI - INR 29275 - Ref 186654,3289.03,Rent,,,,,indian
Consumer durable EMI - INR 17295 - Ref 168932,2192.81,Rent,,,,,indian
McDonald's meal payment - INR 46319 - Ref 393289,560.65,Miscellaneous,,,,,indian
Swiggy order payment - INR 23019 - Ref 190501,122.82,Miscellaneous,,,,,indian
Retail store shopping - INR 48461 - Ref 528471,496.44,Office Supplies,,,,,indian
Flipkart purchase - INR 46881 - Ref 763706,473.69,Office Supplies,,,,,indian
Gold bond investment - INR 2145 - Ref 702632,592.98,Professional Fees,,,,,indian
Swiggy order payment - INR 6604 - Ref 630226,85.89,Miscellaneous,,,,,indian
Ola cab booking - INR 2381 - Ref 122085,1935.37,Travel,,,,,indian
Hotel dinner bill - INR 2575 - Ref 327215,393.27,Miscellaneous,,,,,indian
Uber ride payment - INR 10471 - Ref 425625,194.64,Travel,,,,,indian
eBay online order - INR 2446 - Ref 398032,466.81,Office Supplies,,,,,indian
Grocery food items - INR 6054 - Ref 257954,899.23,Miscellaneous,,,,,indian
Consumer durable EMI - INR 18199 - Ref 836633,2656.16,Rent,,,,,indian
Credit card EMI - INR 1937 - Ref 817624,2681.79,Rent,,,,,indian
Airport taxi fare - INR 19229 - Ref 255150,1865.36,Travel,,,,,indian
Education loan EMI - INR 10957 - Ref 490109,1798.74,Rent,,,,,indian
Credit card EMI - INR 4555 - Ref 823760,4045.89,Rent,,,,,indian
Ola cab booking - INR 36010 - Ref 174754,1571.65,Travel,,,,,indian
Laptop EMI payment - INR 31073 - Ref 480795,3491.02,Rent,,,,,indian
Myntra fashion order - INR 11309 - Ref 127238,177.34,Office Supplies,,,,,indian
eBay online order - INR 9285 - Ref 630853,325.08,Office Supplies,,,,,indian
Laptop EMI payment - INR 47472 - Ref 881939,2828.18,Rent,,,,,indian
Bike loan EMI - INR 9833 - Ref 881145,1364.85,Rent,,,,,indian
Metro card recharge - INR 44201 - Ref 380976,2392.93,Travel,,,,,indian
Laptop EMI payment - INR 38200 - Ref 167670,4953.33,Rent,,,,,indian
Grocery Store,21.38,Office Supplies,2018-12-06,debit,Platinum Card,2018-12,excel
BP,39.08,Travel,2019-04-30,debit,Platinum Card,2019-04,excel
Airport taxi fare - INR 11837 - Ref 350255,105.29,Travel,,,,,indian
Amazon,49.99,Office Supplies,2018-12-18,debit,Platinum Card,2018-12,excel
Hotel dinner bill - INR 1039 - Ref 713196,209.11,Miscellaneous,,,,,indian
eBay online order - INR 39354 - Ref 491445,285.48,Office Supplies,,,,,indian
Zomato food delivery - INR 20798 - Ref 122715,561.0,Miscellaneous,,,,,indian
MakeMyTrip travel booking - INR 28439 - Ref 693520,740.72,Travel,,,,,indian
Swiggy order payment - INR 27335 - Ref 320334,661.69,Miscellaneous,,,,,indian
KFC online order - INR 38663 - Ref 301488,619.74,Miscellaneous,,,,,indian
Hotel stay booking - INR 22142 - Ref 716282,856.7,Travel,,,,,indian
Ola cab booking - INR 6457 - Ref 147247,2436.68,Travel,,,,,indian
Ola cab booking - INR 34283 - Ref 664101,2595.64,Travel,,,,,indian
Hotel stay booking - INR 47938 - Ref 305224,2048.0,Travel,,,,,indian
Swiggy order payment - INR 36855 - Ref 614352,259.93,Miscellaneous,,,,,indian
Ajio clothing purchase - INR 47989 - Ref 136882,258.59,Office Supplies,,,,,indian
Ajio clothing purchase - INR 12336 - Ref 207548,252.08,Office Supplies,,,,,indian
McDonald's meal payment - INR 34446 - Ref 850502,106.68,Miscellaneous,,,,,indian
McDonald's meal payment - INR 26640 - Ref 109110,714.42,Miscellaneous,,,,,indian
Ajio clothing purchase - INR 16284 - Ref 918296,101.45,Office Supplies,,,,,indian
Bus ticket purchase - INR 27110 - Ref 447864,1517.25,Travel,,,,,indian
Airport taxi fare - INR 6339 - Ref 916416,580.75,Travel,,,,,indian
Airport taxi fare - INR 15828 - Ref 373521,789.15,Travel,,,,,indian
Stock market investment - INR 473 - Ref 934393,4191.99,Professional Fees,,,,,indian
Grocery Store,44.19,Office Supplies,2018-01-15,debit,Silver Card,2018-01,excel
Hotel dinner bill - INR 11706 - Ref 254450,52.84,Miscellaneous,,,,,indian
Electronics purchase - INR 26850 - Ref 888158,47.31,Office Supplies,,,,,indian
Education loan EMI - INR 11181 - Ref 107818,4121.24,Rent,,,,,indian
Swiggy order payment - INR 8048 - Ref 882702,733.28,Miscellaneous,,,,,indian
Ola cab booking - INR 14670 - Ref 635619,2382.63,Travel,,,,,indian
Ola cab booking - INR 47252 - Ref 259522,1217.51,Travel,,,,,indian
Car loan EMI - INR 35749 - Ref 649074,2101.3,Rent,,,,,indian
Mutual fund SIP - INR 16880 - Ref 767239,2948.97,Professional Fees,,,,,indian
Mobile EMI payment - INR 15212 - Ref 461505,4941.45,Rent,,,,,indian
Brewing Company,19.0,Miscellaneous,2019-07-05,debit,Silver Card,2019-07,excel
Education loan EMI - INR 930 - Ref 613100,3144.86,Rent,,,,,indian
Swiggy order payment - INR 39549 - Ref 513105,426.15,Miscellaneous,,,,,indian
Share trading debit - INR 46488 - Ref 289693,858.73,Professional Fees,,,,,indian
NPS contribution - INR 42114 - Ref 310551,4791.81,Professional Fees,,,,,indian
Amazon online shopping - INR 9344 - Ref 548761,196.21,Office Supplies,,,,,indian
Airport taxi fare - INR 28829 - Ref 903826,1128.49,Travel,,,,,indian
Swiggy order payment - INR 4377 - Ref 685287,308.37,Miscellaneous,,,,,indian
Consumer durable EMI - INR 41537 - Ref 148223,2087.82,Rent,,,,,indian
Hotel dinner bill - INR 4064 - Ref 847978,771.62,Miscellaneous,,,,,indian
Education loan EMI - INR 1935 - Ref 163615,2478.11,Rent,,,,,indian
Fixed deposit investment - INR 41039 - Ref 383289,4853.8,Professional Fees,,,,,indian
Bike loan EMI - INR 25657 - Ref 137343,3680.26,Rent,,,,,indian
Lifestyle store purchase - INR 36637 - Ref 968906,80.93,Office Supplies,,,,,indian
Zomato food delivery - INR 18785 - Ref 817435,477.54,Miscellaneous,,,,,indian
IRCTC train ticket - INR 12779 - Ref 771625,659.93,Travel,,,,,indian
Demat account transfer - INR 45900 - Ref 906342,4425.54,Professional Fees,,,,,indian
Bike loan EMI - INR 23873 - Ref 643462,3360.15,Rent,,,,,indian
Education loan EMI - INR 33189 - Ref 545283,4517.08,Rent,,,,,indian
Supermarket shopping - INR 18583 - Ref 585378,406.25,Office Supplies,,,,,indian
Appliance EMI - INR 13630 - Ref 779265,2899.49,Rent,,,,,indian
Appliance EMI - INR 18295 - Ref 957532,3720.91,Rent,,,,,indian
Hotel dinner bill - INR 16838 - Ref 225876,602.16,Miscellaneous,,,,,indian
Mutual fund SIP - INR 14766 - Ref 971851,1751.71,Professional Fees,,,,,indian
Dominos pizza order - INR 26858 - Ref 831412,671.31,Miscellaneous,,,,,indian
Mutual fund SIP - INR 11959 - Ref 586726,1731.92,Professional Fees,,,,,indian
Consumer durable EMI - INR 19632 - Ref 667227,1037.59,Rent,,,,,indian
Hotel stay booking - INR 22033 - Ref 852773,971.87,Travel,,,,,indian
Laptop EMI payment - INR 48337 - Ref 518971,1150.99,Rent,,,,,indian
Laptop EMI payment - INR 9935 - Ref 461553,3642.12,Rent,,,,,indian
NPS contribution - INR 27048 - Ref 166232,720.06,Professional Fees,,,,,indian
Cafe coffee purchase - INR 27591 - Ref 398114,504.23,Miscellaneous,,,,,indian
Hotel dinner bill - INR 24858 - Ref 250727,238.24,Miscellaneous,,,,,indian
Retirement fund investment - INR 22548 - Ref 475947,2413.52,Professional Fees,,,,,indian
Credit card EMI - INR 31394 - Ref 852976,1810.85,Rent,,,,,indian
Cafe coffee purchase - INR 6786 - Ref 346042,840.72,Miscellaneous,,,,,indian
Dominos pizza order - INR 1786 - Ref 888598,268.7,Miscellaneous,,,,,indian
Mutual fund SIP - INR 11415 - Ref 268211,4081.72,Professional Fees,,,,,indian
Personal loan EMI - INR 2898 - Ref 674153,1616.6,Rent,,,,,indian
BP,33.46,Travel,2019-09-28,debit,Platinum Card,2019-09,excel
Credit card EMI - INR 11866 - Ref 611973,4911.37,Rent,,,,,indian
Electronics purchase - INR 3867 - Ref 372025,365.51,Office Supplies,,,,,indian
Flipkart purchase - INR 48326 - Ref 543269,160.6,Office Supplies,,,,,indian
Amazon online shopping - INR 45481 - Ref 165668,201.97,Office Supplies,,,,,indian
Mutual fund SIP - INR 20252 - Ref 989099,4558.1,Professional Fees,,,,,indian
Grocery Store,6.27,Office Supplies,2018-08-03,debit,Silver Card,2018-08,excel
Retirement fund investment - INR 7556 - Ref 223982,4742.06,Professional Fees,,,,,indian
Cafe coffee purchase - INR 14951 - Ref 728268,427.32,Miscellaneous,,,,,indian
Ajio clothing purchase - INR 12194 - Ref 814250,296.85,Office Supplies,,,,,indian
MakeMyTrip travel booking - INR 38160 - Ref 213282,2053.23,Travel,,,,,indian
Demat account transfer - INR 21151 - Ref 613090,4518.5,Professional Fees,,,,,indian
Lifestyle store purchase - INR 35638 - Ref 188976,24.6,Office Supplies,,,,,indian
Car loan EMI - INR 27277 - Ref 984160,3466.08,Rent,,,,,indian
Education loan EMI - INR 29714 - Ref 126709,4300.95,Rent,,,,,indian
Bike loan EMI - INR 36353 - Ref 104341,4223.1,Rent,,,,,indian
ETF purchase - INR 22567 - Ref 105161,4551.78,Professional Fees,,,,,indian
Gold bond investment - INR 7360 - Ref 468001,1189.19,Professional Fees,,,,,indian
Fixed deposit investment - INR 13067 - Ref 965185,256.88,Professional Fees,,,,,indian
Lifestyle store purchase - INR 18150 - Ref 498260,151.51,Office Supplies,,,,,indian
Uber ride payment - INR 2678 - Ref 255704,708.75,Travel,,,,,indian
Dominos pizza order - INR 46866 - Ref 336075,285.5,Miscellaneous,,,,,indian
Personal loan EMI - INR 32410 - Ref 959604,2204.6,Rent,,,,,indian
Hotel stay booking - INR 16683 - Ref 572553,1498.47,Travel,,,,,indian
Restaurant dine-in bill - INR 46468 - Ref 572157,717.37,Miscellaneous,,,,,indian
Personal loan EMI - INR 34191 - Ref 524921,3471.34,Rent,,,,,indian
Hotel stay booking - INR 1078 - Ref 797684,489.41,Travel,,,,,indian
MakeMyTrip travel booking - INR 2538 - Ref 525965,54.31,Travel,,,,,indian
Ajio clothing purchase - INR 11820 - Ref 691739,464.41,Office Supplies,,,,,indian
Flight ticket booking - INR 45202 - Ref 283947,1931.94,Travel,,,,,indian
Ola cab booking - INR 20442 - Ref 491248,1173.07,Travel,,,,,indian
Credit card EMI - INR 33660 - Ref 940953,2114.18,Rent,,,,,indian
Credit card EMI - INR 46177 - Ref 122386,3474.39,Rent,,,,,indian
Retail store shopping - INR 2127 - Ref 735950,218.95,Office Supplies,,,,,indian
PPF contribution - INR 18575 - Ref 356598,4630.33,Professional Fees,,,,,indian
Ola cab booking - INR 22476 - Ref 540340,2872.27,Travel,,,,,indian
Electronics purchase - INR 42516 - Ref 214057,100.12,Office Supplies,,,,,indian
Flight ticket booking - INR 7424 - Ref 306092,1855.56,Travel,,,,,indian
ETF purchase - INR 44226 - Ref 241163,3640.91,Professional Fees,,,,,indian
Restaurant dine-in bill - INR 39602 - Ref 248892,741.05,Miscellaneous,,,,,indian
Demat account transfer - INR 49080 - Ref 853962,444.11,Professional Fees,,,,,indian
eBay online order - INR 31030 - Ref 208552,274.31,Office Supplies,,,,,indian
Fixed deposit investment - INR 34800 - Ref 924369,924.6,Professional Fees,,,,,indian
McDonald's meal payment - INR 44048 - Ref 174127,926.43,Miscellaneous,,,,,indian
Supermarket shopping - INR 41396 - Ref 380547,235.71,Office Supplies,,,,,indian
eBay online order - INR 49604 - Ref 753219,221.4,Office Supplies,,,,,indian
Restaurant dine-in bill - INR 16848 - Ref 856466,347.12,Miscellaneous,,,,,indian
KFC online order - INR 48400 - Ref 464258,708.64,Miscellaneous,,,,,indian
Electronics purchase - INR 47094 - Ref 370219,345.67,Office Supplies,,,,,indian
NPS contribution - INR 41261 - Ref 176511,2568.13,Professional Fees,,,,,indian
IRCTC train ticket - INR 2996 - Ref 477783,1160.17,Travel,,,,,indian
Flight ticket booking - INR 47165 - Ref 445992,1297.87,Travel,,,,,indian
Supermarket shopping - INR 49689 - Ref 131691,445.48,Office Supplies,,,,,indian
Laptop EMI payment - INR 26682 - Ref 248854,4550.22,Rent,,,,,indian
PPF contribution - INR 19139 - Ref 218250,2342.04,Professional Fees,,,,,indian
Laptop EMI payment - INR 46396 - Ref 301941,2431.85,Rent,,,,,indian
Fixed deposit investment - INR 35593 - Ref 618275,3201.96,Professional Fees,,,,,indian
Dominos pizza order - INR 15606 - Ref 136874,676.73,Miscellaneous,,,,,indian
NPS contribution - INR 37717 - Ref 508073,4128.43,Professional Fees,,,,,indian
Amazon online shopping - INR 26662 - Ref 873852,365.33,Office Supplies,,,,,indian
Laptop EMI payment - INR 28219 - Ref 584821,4247.08,Rent,,,,,indian
Appliance EMI - INR 26225 - Ref 258908,1275.71,Rent,,,,,indian
Airport taxi fare - INR 27967 - Ref 220972,859.22,Travel,,,,,indian
Flight ticket booking - INR 31013 - Ref 670271,2941.72,Travel,,,,,indian
Mutual fund SIP - INR 29569 - Ref 798941,4440.43,Professional Fees,,,,,indian
Lifestyle store purchase - INR 47013 - Ref 872097,79.63,Office Supplies,,,,,indian
Myntra fashion order - INR 40969 - Ref 802554,107.01,Office Supplies,,,,,indian
Amazon online shopping - INR 41326 - Ref 373150,432.78,Office Supplies,,,,,indian
Retirement fund investment - INR 24342 - Ref 570626,4737.75,Professional Fees,,,,,indian
Mobile EMI payment - INR 10184 - Ref 129240,4874.3,Rent,,,,,indian
Zomato food delivery - INR 21970 - Ref 873986,388.13,Miscellaneous,,,,,indian
Cafe coffee purchase - INR 22595 - Ref 197363,684.52,Miscellaneous,,,,,indian
Internet Service Provider,69.99,Utilities,2018-01-25,debit,Checking,2018-01,excel
Retail store shopping - INR 13024 - Ref 570712,179.3,Office Supplies,,,,,indian
Flipkart purchase - INR 31479 - Ref 864963,369.0,Office Supplies,,,,,indian
Uber ride payment - INR 36016 - Ref 600781,2527.68,Travel,,,,,indian
Dominos pizza order - INR 23897 - Ref 217171,534.15,Miscellaneous,,,,,indian
Metro card recharge - INR 27408 - Ref 779041,2952.51,Travel,,,,,indian
Consumer durable EMI - INR 1237 - Ref 579107,3615.33,Rent,,,,,indian
Laptop EMI payment - INR 24265 - Ref 126991,4367.63,Rent,,,,,indian
Personal loan EMI - INR 3125 - Ref 247757,2060.03,Rent,,,,,indian
Lifestyle store purchase - INR 15604 - Ref 918122,249.59,Office Supplies,,,,,indian
Zomato food delivery - INR 37232 - Ref 505875,802.88,Miscellaneous,,,,,indian
Demat account transfer - INR 22832 - Ref 854198,1894.98,Professional Fees,,,,,indian
IRCTC train ticket - INR 45723 - Ref 545954,521.11,Travel,,,,,indian
Airport taxi fare - INR 16795 - Ref 354098,1823.37,Travel,,,,,indian
Home loan EMI - INR 34859 - Ref 540264,3988.06,Rent,,,,,indian
Mutual fund SIP - INR 12655 - Ref 528963,3962.57,Professional Fees,,,,,indian
Bike loan EMI - INR 39825 - Ref 779333,3636.73,Rent,,,,,indian
Amazon online shopping - INR 45511 - Ref 781033,248.07,Office Supplies,,,,,indian
NPS contribution - INR 35804 - Ref 386880,4908.99,Professional Fees,,,,,indian
Hotel stay booking - INR 19172 - Ref 436445,1844.82,Travel,,,,,indian
Hotel dinner bill - INR 11357 - Ref 396509,803.9,Miscellaneous,,,,,indian
Share trading debit - INR 15726 - Ref 863090,3628.67,Professional Fees,,,,,indian
Dominos pizza order - INR 24175 - Ref 449433,285.82,Miscellaneous,,,,,indian
Zomato food delivery - INR 20850 - Ref 244067,192.65,Miscellaneous,,,,,indian
Stock market investment - INR 2958 - Ref 677020,765.58,Professional Fees,,,,,indian
Fixed deposit investment - INR 7325 - Ref 364531,4657.21,Professional Fees,,,,,indian
Bike loan EMI - INR 39316 - Ref 995533,4065.23,Rent,,,,,indian
Bike loan EMI - INR 15470 - Ref 453189,2965.62,Rent,,,,,indian
Flight ticket booking - INR 39247 - Ref 691259,930.41,Travel,,,,,indian
Consumer durable EMI - INR 19721 - Ref 999834,1019.33,Rent,,,,,indian
Demat account transfer - INR 30791 - Ref 482033,2777.44,Professional Fees,,,,,indian
Airport taxi fare - INR 45483 - Ref 811346,1006.49,Travel,,,,,indian
Demat account transfer - INR 33298 - Ref 275461,1777.09,Professional Fees,,,,,indian
Amazon,11.7,Office Supplies,2019-01-24,debit,Platinum Card,2019-01,excel
Bus ticket purchase - INR 11328 - Ref 355374,2051.26,Travel,,,,,indian
Lifestyle store purchase - INR 27203 - Ref 262791,50.66,Office Supplies,,,,,indian
Flight ticket booking - INR 1732 - Ref 494734,1377.07,Travel,,,,,indian
Personal loan EMI - INR 40741 - Ref 662463,1095.95,Rent,,,,,indian
KFC online order - INR 24859 - Ref 742247,359.44,Miscellaneous,,,,,indian
Airport taxi fare - INR 36902 - Ref 803813,694.31,Travel,,,,,indian
Consumer durable EMI - INR 32400 - Ref 700907,3381.81,Rent,,,,,indian
Flight ticket booking - INR 35363 - Ref 405783,1167.2,Travel,,,,,indian
Car loan EMI - INR 522 - Ref 571975,4795.76,Rent,,,,,indian
Consumer durable EMI - INR 1581 - Ref 101895,1263.65,Rent,,,,,indian
Chevron,4.58,Travel,2018-04-06,debit,Platinum Card,2018-04,excel
Lifestyle store purchase - INR 17974 - Ref 646771,71.73,Office Supplies,,,,,indian
Dominos pizza order - INR 33525 - Ref 256140,759.87,Miscellaneous,,,,,indian
Credit card EMI - INR 39945 - Ref 382771,2184.09,Rent,,,,,indian
Supermarket shopping - INR 12655 - Ref 511392,275.33,Office Supplies,,,,,indian
Amazon,13.84,Office Supplies,2019-03-19,debit,Platinum Card,2019-03,excel
Grocery food items - INR 32811 - Ref 436996,983.95,Miscellaneous,,,,,indian
Airport taxi fare - INR 19932 - Ref 583032,1812.87,Travel,,,,,indian
Dominos pizza order - INR 35589 - Ref 522583,709.22,Miscellaneous,,,,,indian
Hotel stay booking - INR 7500 - Ref 432772,1676.23,Travel,,,,,indian
Zomato food delivery - INR 1652 - Ref 236897,996.2,Miscellaneous,,,,,indian
Fixed deposit investment - INR 29740 - Ref 647275,3832.15,Professional Fees,,,,,indian
eBay online order - INR 39070 - Ref 583433,171.84,Office Supplies,,,,,indian
Consumer durable EMI - INR 19710 - Ref 344081,2380.5,Rent,,,,,indian
ETF purchase - INR 45829 - Ref 687747,4488.49,Professional Fees,,,,,indian
Credit card EMI - INR 17358 - Ref 776864,2592.56,Rent,,,,,indian
Personal loan EMI - INR 40439 - Ref 388814,3875.48,Rent,,,,,indian
Grocery Store,44.25,Office Supplies,2018-07-05,debit,Silver Card,2018-07,excel
Supermarket shopping - INR 34226 - Ref 388542,230.46,Office Supplies,,,,,indian
Ola cab booking - INR 17326 - Ref 592749,2824.29,Travel,,,,,indian
Electronics purchase - INR 2375 - Ref 392362,46.42,Office Supplies,,,,,indian
Retail store shopping - INR 29388 - Ref 922292,469.59,Office Supplies,,,,,indian
Ola cab booking - INR 31492 - Ref 953539,2239.69,Travel,,,,,indian
Personal loan EMI - INR 9481 - Ref 681936,4322.61,Rent,,,,,indian
Hotel stay booking - INR 49968 - Ref 851641,1501.49,Travel,,,,,indian
Uber ride payment - INR 2999 - Ref 961031,2150.03,Travel,,,,,indian
Supermarket shopping - INR 37277 - Ref 771271,252.65,Office Supplies,,,,,indian
Bakery purchase - INR 8440 - Ref 768182,268.05,Miscellaneous,,,,,indian
Hotel dinner bill - INR 18589 - Ref 497815,233.43,Miscellaneous,,,,,indian
Hotel stay booking - INR 9135 - Ref 859374,623.85,Travel,,,,,indian
Amazon online shopping - INR 11079 - Ref 697295,180.89,Office Supplies,,,,,indian
Flipkart purchase - INR 29892 - Ref 653933,342.82,Office Supplies,,,,,indian
Cafe coffee purchase - INR 17733 - Ref 361517,810.97,Miscellaneous,,,,,indian
KFC online order - INR 47996 - Ref 764788,451.66,Miscellaneous,,,,,indian
Amazon online shopping - INR 12517 - Ref 728898,26.82,Office Supplies,,,,,indian
Mall shopping payment - INR 654 - Ref 211076,257.9,Office Supplies,,,,,indian
Lifestyle store purchase - INR 2605 - Ref 228382,351.33,Office Supplies,,,,,indian
Amazon online shopping - INR 149 - Ref 626060,265.6,Office Supplies,,,,,indian
Electronics purchase - INR 34268 - Ref 343232,375.52,Office Supplies,,,,,indian
Electronics purchase - INR 49140 - Ref 249335,419.21,Office Supplies,,,,,indian
Restaurant dine-in bill - INR 21045 - Ref 191375,707.74,Miscellaneous,,,,,indian
Retail store shopping - INR 8985 - Ref 686207,326.97,Office Supplies,,,,,indian
Hotel dinner bill - INR 16038 - Ref 771203,485.77,Miscellaneous,,,,,indian
Appliance EMI - INR 39165 - Ref 968105,1660.18,Rent,,,,,indian
Share trading debit - INR 19853 - Ref 231332,2963.64,Professional Fees,,,,,indian
NPS contribution - INR 30773 - Ref 301571,1415.91,Professional Fees,,,,,indian
Lifestyle store purchase - INR 47105 - Ref 975665,439.1,Office Supplies,,,,,indian
Uber ride payment - INR 13442 - Ref 647191,2969.84,Travel,,,,,indian
Laptop EMI payment - INR 5670 - Ref 402531,1592.8,Rent,,,,,indian
Education loan EMI - INR 42815 - Ref 112666,1312.33,Rent,,,,,indian
Home loan EMI - INR 40337 - Ref 934422,4029.89,Rent,,,,,indian
Grocery food items - INR 7926 - Ref 993490,365.51,Miscellaneous,,,,,indian
Ola cab booking - INR 5807 - Ref 304650,801.43,Travel,,,,,indian
Demat account transfer - INR 42683 - Ref 121254,4481.14,Professional Fees,,,,,indian
Retail store shopping - INR 35913 - Ref 290825,434.56,Office Supplies,,,,,indian
Mobile EMI payment - INR 37895 - Ref 943843,1628.02,Rent,,,,,indian
Appliance EMI - INR 2103 - Ref 755069,3629.22,Rent,,,,,indian
ETF purchase - INR 39044 - Ref 572101,3971.32,Professional Fees,,,,,indian
NPS contribution - INR 10263 - Ref 398921,3789.13,Professional Fees,,,,,indian
Laptop EMI payment - INR 9845 - Ref 173947,2907.23,Rent,,,,,indian
Personal loan EMI - INR 23268 - Ref 732161,2132.99,Rent,,,,,indian
Gold bond investment - INR 35304 - Ref 271033,2290.34,Professional Fees,,,,,indian
Flight ticket booking - INR 32168 - Ref 709934,2348.37,Travel,,,,,indian
Stock market investment - INR 16972 - Ref 328778,713.42,Professional Fees,,,,,indian
Ola cab booking - INR 30501 - Ref 763241,1050.3,Travel,,,,,indian
Mall shopping payment - INR 21434 - Ref 947699,115.62,Office Supplies,,,,,indian
Mobile EMI payment - INR 34916 - Ref 921039,2058.66,Rent,,,,,indian
Personal loan EMI - INR 24865 - Ref 308326,2636.77,Rent,,,,,indian
Share trading debit - INR 38295 - Ref 150089,1588.2,Professional Fees,,,,,indian
Appliance EMI - INR 37686 - Ref 255677,4653.42,Rent,,,,,indian
Dominos pizza order - INR 44233 - Ref 602228,120.85,Miscellaneous,,,,,indian
Metro card recharge - INR 11211 - Ref 809184,1695.22,Travel,,,,,indian
PPF contribution - INR 15448 - Ref 829190,2654.26,Professional Fees,,,,,indian
Uber ride payment - INR 24579 - Ref 183835,811.87,Travel,,,,,indian
Ajio clothing purchase - INR 11559 - Ref 923943,133.83,Office Supplies,,,,,indian
MakeMyTrip travel booking - INR 48875 - Ref 764657,2845.39,Travel,,,,,indian
Flipkart purchase - INR 1525 - Ref 814347,431.8,Office Supplies,,,,,indian
Amazon online shopping - INR 24897 - Ref 969095,247.13,Office Supplies,,,,,indian
Grocery food items - INR 40914 - Ref 155668,164.4,Miscellaneous,,,,,indian
Ajio clothing purchase - INR 27122 - Ref 784365,371.02,Office Supplies,,,,,indian
Fixed deposit investment - INR 9547 - Ref 127760,2639.56,Professional Fees,,,,,indian
Mutual fund SIP - INR 23351 - Ref 132062,857.25,Professional Fees,,,,,indian
Myntra fashion order - INR 289 - Ref 256080,140.64,Office Supplies,,,,,indian
Airport taxi fare - INR 4006 - Ref 545407,2517.08,Travel,,,,,indian
Bakery purchase - INR 44720 - Ref 474042,320.94,Miscellaneous,,,,,indian
Home loan EMI - INR 21488 - Ref 360556,1542.66,Rent,,,,,indian
Appliance EMI - INR 35983 - Ref 352321,3368.81,Rent,,,,,indian
KFC online order - INR 42508 - Ref 650088,428.24,Miscellaneous,,,,,indian
Restaurant dine-in bill - INR 4316 - Ref 502790,118.98,Miscellaneous,,,,,indian
Mall shopping payment - INR 4534 - Ref 368845,424.06,Office Supplies,,,,,indian
Bike loan EMI - INR 10572 - Ref 117283,3478.94,Rent,,,,,indian
Grocery food items - INR 31829 - Ref 506970,927.82,Miscellaneous,,,,,indian
Swiggy order payment - INR 15640 - Ref 540839,269.92,Miscellaneous,,,,,indian
Swiggy order payment - INR 17693 - Ref 895502,824.14,Miscellaneous,,,,,indian
McDonald's meal payment - INR 6188 - Ref 837533,462.66,Miscellaneous,,,,,indian
Grocery Store,80.79,Office Supplies,2018-04-01,debit,Platinum Card,2018-04,excel
MakeMyTrip travel booking - INR 19058 - Ref 773852,460.74,Travel,,,,,indian
Fixed deposit investment - INR 3376 - Ref 928685,4140.88,Professional Fees,,,,,indian
Lifestyle store purchase - INR 25566 - Ref 967670,331.58,Office Supplies,,,,,indian
Lifestyle store purchase - INR 45976 - Ref 650423,444.63,Office Supplies,,,,,indian
Mobile EMI payment - INR 37764 - Ref 753636,3596.72,Rent,,,,,indian
Grocery Store,9.09,Office Supplies,2018-03-30,debit,Silver Card,2018-03,excel
Retirement fund investment - INR 43124 - Ref 889102,4403.76,Professional Fees,,,,,indian
Swiggy order payment - INR 23384 - Ref 893655,593.9,Miscellaneous,,,,,indian
Ajio clothing purchase - INR 29091 - Ref 910194,123.06,Office Supplies,,,,,indian
Credit Card Payment,1390.37,Professional Fees,2019-09-06,credit,Platinum Card,2019-09,excel
Fixed deposit investment - INR 20884 - Ref 445733,271.33,Professional Fees,,,,,indian
Mobile EMI payment - INR 1860 - Ref 339906,1350.08,Rent,,,,,indian
Electronics purchase - INR 23315 - Ref 847501,385.61,Office Supplies,,,,,indian
Bike loan EMI - INR 21440 - Ref 353583,4268.13,Rent,,,,,indian
Airport taxi fare - INR 7106 - Ref 506713,642.62,Travel,,,,,indian
Appliance EMI - INR 11873 - Ref 640522,4192.22,Rent,,,,,indian
Mobile EMI payment - INR 27570 - Ref 785199,2253.41,Rent,,,,,indian
Home loan EMI - INR 9040 - Ref 814373,3003.17,Rent,,,,,indian
Dominos pizza order - INR 33227 - Ref 440717,222.71,Miscellaneous,,,,,indian
KFC online order - INR 24663 - Ref 406844,496.55,Miscellaneous,,,,,indian
Uber ride payment - INR 47760 - Ref 463993,1860.25,Travel,,,,,indian
Uber ride payment - INR 38390 - Ref 221792,2887.2,Travel,,,,,indian
Bike loan EMI - INR 20047 - Ref 210088,1910.58,Rent,,,,,indian
Grocery food items - INR 16875 - Ref 720367,229.47,Miscellaneous,,,,,indian
McDonald's meal payment - INR 17456 - Ref 250678,784.7,Miscellaneous,,,,,indian
Education loan EMI - INR 34622 - Ref 193809,3935.26,Rent,,,,,indian
Swiggy order payment - INR 11105 - Ref 667336,64.51,Miscellaneous,,,,,indian
Shell,34.69,Travel,2019-08-21,debit,Platinum Card,2019-08,excel
Car loan EMI - INR 10714 - Ref 993964,2258.0,Rent,,,,,indian
Share trading debit - INR 25081 - Ref 107903,4266.24,Professional Fees,,,,,indian
Dominos pizza order - INR 12020 - Ref 428352,426.85,Miscellaneous,,,,,indian
Dominos pizza order - INR 38946 - Ref 389623,262.44,Miscellaneous,,,,,indian
Car loan EMI - INR 6017 - Ref 898731,3501.84,Rent,,,,,indian
New York Deli,21.38,Miscellaneous,2018-12-22,debit,Platinum Card,2018-12,excel
Rapido bike ride - INR 30292 - Ref 126928,771.43,Travel,,,,,indian
Credit card EMI - INR 15053 - Ref 239386,4798.45,Rent,,,,,indian
Credit card EMI - INR 46863 - Ref 404308,3631.69,Rent,,,,,indian
Mall shopping payment - INR 44934 - Ref 527694,482.3,Office Supplies,,,,,indian
Hotel dinner bill - INR 37992 - Ref 543594,645.24,Miscellaneous,,,,,indian
MakeMyTrip travel booking - INR 13491 - Ref 540100,318.28,Travel,,,,,indian
Car loan EMI - INR 19254 - Ref 103189,4352.06,Rent,,,,,indian
Metro card recharge - INR 43161 - Ref 650567,2610.7,Travel,,,,,indian
Starbucks,7.0,Miscellaneous,2018-04-12,debit,Platinum Card,2018-04,excel
Fixed deposit investment - INR 33461 - Ref 874667,2390.95,Professional Fees,,,,,indian
ETF purchase - INR 21646 - Ref 714766,1850.57,Professional Fees,,,,,indian
Mall shopping payment - INR 5010 - Ref 321469,335.17,Office Supplies,,,,,indian
Myntra fashion order - INR 31608 - Ref 466867,392.05,Office Supplies,,,,,indian
Amazon online shopping - INR 47581 - Ref 458723,388.08,Office Supplies,,,,,indian
Laptop EMI payment - INR 2872 - Ref 509587,3392.18,Rent,,,,,indian
Fixed deposit investment - INR 9373 - Ref 702207,2856.3,Professional Fees,,,,,indian
Home loan EMI - INR 21052 - Ref 241575,3618.43,Rent,,,,,indian
NPS contribution - INR 23323 - Ref 816553,2633.93,Professional Fees,,,,,indian
Car loan EMI - INR 19110 - Ref 195735,4792.34,Rent,,,,,indian
Electronics purchase - INR 20664 - Ref 925384,385.54,Office Supplies,,,,,indian
Grocery food items - INR 3335 - Ref 300152,601.93,Miscellaneous,,,,,indian
Education loan EMI - INR 48129 - Ref 211990,2521.02,Rent,,,,,indian
MakeMyTrip travel booking - INR 349 - Ref 337425,2765.13,Travel,,,,,indian
Car loan EMI - INR 32704 - Ref 121626,3832.3,Rent,,,,,indian
Personal loan EMI - INR 2069 - Ref 588774,2235.73,Rent,,,,,indian
Lifestyle store purchase - INR 27795 - Ref 793169,94.53,Office Supplies,,,,,indian
Amazon,38.56,Office Supplies,2019-05-07,debit,Platinum Card,2019-05,excel
Laptop EMI payment - INR 14553 - Ref 864226,3212.89,Rent,,,,,indian
Metro card recharge - INR 29208 - Ref 795313,1377.42,Travel,,,,,indian
Hotel stay booking - INR 12077 - Ref 558075,1378.99,Travel,,,,,indian
Share trading debit - INR 23582 - Ref 556582,2398.33,Professional Fees,,,,,indian
Appliance EMI - INR 16327 - Ref 769214,2241.1,Rent,,,,,indian
Electronics purchase - INR 24003 - Ref 370129,111.3,Office Supplies,,,,,indian
Consumer durable EMI - INR 22319 - Ref 587417,1167.97,Rent,,,,,indian
IRCTC train ticket - INR 24908 - Ref 972368,529.23,Travel,,,,,indian
Car loan EMI - INR 32861 - Ref 319655,3011.4,Rent,,,,,indian
MakeMyTrip travel booking - INR 49689 - Ref 610023,2031.49,Travel,,,,,indian
Personal loan EMI - INR 9082 - Ref 101641,2989.11,Rent,,,,,indian
IRCTC train ticket - INR 9562 - Ref 130723,381.5,Travel,,,,,indian
Retail store shopping - INR 46271 - Ref 513947,292.18,Office Supplies,,,,,indian
Mobile EMI payment - INR 808 - Ref 309518,1013.89,Rent,,,,,indian
KFC online order - INR 38683 - Ref 551926,815.18,Miscellaneous,,,,,indian
Bike loan EMI - INR 36426 - Ref 680240,1464.96,Rent,,,,,indian
Myntra fashion order - INR 24801 - Ref 315587,306.43,Office Supplies,,,,,indian
Retirement fund investment - INR 18177 - Ref 721613,537.86,Professional Fees,,,,,indian
Gold bond investment - INR 25162 - Ref 245545,4867.42,Professional Fees,,,,,indian
KFC online order - INR 8241 - Ref 169723,264.86,Miscellaneous,,,,,indian
Uber ride payment - INR 3558 - Ref 894435,1838.9,Travel,,,,,indian
Bike loan EMI - INR 14275 - Ref 117367,1743.75,Rent,,,,,indian
Hotel dinner bill - INR 48411 - Ref 532815,258.99,Miscellaneous,,,,,indian
American Tavern,36.44,Miscellaneous,2018-07-02,debit,Silver Card,2018-07,excel
Grocery food items - INR 25646 - Ref 372706,694.9,Miscellaneous,,,,,indian
Fixed deposit investment - INR 15865 - Ref 285775,4646.56,Professional Fees,,,,,indian
Ola cab booking - INR 13776 - Ref 390084,860.06,Travel,,,,,indian
Amazon online shopping - INR 10992 - Ref 899578,481.12,Office Supplies,,,,,indian
Supermarket shopping - INR 45836 - Ref 572045,420.61,Office Supplies,,,,,indian
Rapido bike ride - INR 5725 - Ref 643115,703.71,Travel,,,,,indian
KFC online order - INR 7083 - Ref 547323,680.03,Miscellaneous,,,,,indian
Education loan EMI - INR 34232 - Ref 314819,1699.2,Rent,,,,,indian
Flight ticket booking - INR 39250 - Ref 716147,2290.51,Travel,,,,,indian
Ola cab booking - INR 27908 - Ref 657614,1595.26,Travel,,,,,indian
KFC online order - INR 49566 - Ref 588251,407.7,Miscellaneous,,,,,indian
McDonald's meal payment - INR 11284 - Ref 970428,189.72,Miscellaneous,,,,,indian
Dominos pizza order - INR 22233 - Ref 928240,366.53,Miscellaneous,,,,,indian
MakeMyTrip travel booking - INR 47621 - Ref 741559,554.86,Travel,,,,,indian
Restaurant dine-in bill - INR 13202 - Ref 456365,459.84,Miscellaneous,,,,,indian
Mutual fund SIP - INR 1607 - Ref 654368,3050.27,Professional Fees,,,,,indian
Restaurant dine-in bill - INR 46201 - Ref 499681,926.32,Miscellaneous,,,,,indian
Mobile EMI payment - INR 15822 - Ref 325570,4570.75,Rent,,,,,indian
Car loan EMI - INR 2236 - Ref 898131,4493.97,Rent,,,,,indian
ETF purchase - INR 49042 - Ref 337641,1813.42,Professional Fees,,,,,indian
Appliance EMI - INR 40007 - Ref 104372,3732.43,Rent,,,,,indian
Personal loan EMI - INR 36016 - Ref 563721,4313.37,Rent,,,,,indian
KFC online order - INR 33390 - Ref 775452,115.18,Miscellaneous,,,,,indian
Car loan EMI - INR 34139 - Ref 478755,1025.51,Rent,,,,,indian
Credit card EMI - INR 16781 - Ref 764911,3589.52,Rent,,,,,indian
Rapido bike ride - INR 46412 - Ref 998998,1943.0,Travel,,,,,indian
Bakery purchase - INR 2947 - Ref 142146,183.04,Miscellaneous,,,,,indian
Lifestyle store purchase - INR 47540 - Ref 632948,324.43,Office Supplies,,,,,indian
Home loan EMI - INR 30620 - Ref 862206,3470.92,Rent,,,,,indian
Amazon online shopping - INR 8162 - Ref 291598,268.0,Office Supplies,,,,,indian
Mobile EMI payment - INR 23014 - Ref 183920,2046.25,Rent,,,,,indian
Uber ride payment - INR 9617 - Ref 854561,1021.39,Travel,,,,,indian
Retail store shopping - INR 49895 - Ref 546340,134.99,Office Supplies,,,,,indian
eBay online order - INR 9276 - Ref 416692,239.78,Office Supplies,,,,,indian
Flipkart purchase - INR 48683 - Ref 105110,172.57,Office Supplies,,,,,indian
Gold bond investment - INR 39247 - Ref 851083,3840.36,Professional Fees,,,,,indian
Flight ticket booking - INR 28466 - Ref 839553,889.8,Travel,,,,,indian
Swiggy order payment - INR 43407 - Ref 790539,263.79,Miscellaneous,,,,,indian
Share trading debit - INR 25529 - Ref 334197,1629.0,Professional Fees,,,,,indian
Cafe coffee purchase - INR 43909 - Ref 971048,171.11,Miscellaneous,,,,,indian
Metro card recharge - INR 31378 - Ref 921877,2718.62,Travel,,,,,indian
MakeMyTrip travel booking - INR 11667 - Ref 644493,2992.53,Travel,,,,,indian
Gold bond investment - INR 20610 - Ref 607711,2404.28,Professional Fees,,,,,indian
Bike loan EMI - INR 15495 - Ref 490945,2880.59,Rent,,,,,indian
Flight ticket booking - INR 28088 - Ref 322963,949.11,Travel,,,,,indian
Retail store shopping - INR 31666 - Ref 455166,254.17,Office Supplies,,,,,indian
MakeMyTrip travel booking - INR 9502 - Ref 140788,435.76,Travel,,,,,indian
Hotel dinner bill - INR 6335 - Ref 152284,42.28,Miscellaneous,,,,,indian
Swiggy order payment - INR 20027 - Ref 386839,767.13,Miscellaneous,,,,,indian
Gold bond investment - INR 18213 - Ref 851026,2197.87,Professional Fees,,,,,indian
Personal loan EMI - INR 34171 - Ref 609724,3471.86,Rent,,,,,indian
Appliance EMI - INR 14019 - Ref 271419,3573.59,Rent,,,,,indian
Education loan EMI - INR 43775 - Ref 234314,4849.24,Rent,,,,,indian
Electronics purchase - INR 20357 - Ref 752223,247.81,Office Supplies,,,,,indian
Car loan EMI - INR 30501 - Ref 227849,4819.43,Rent,,,,,indian
NPS contribution - INR 24061 - Ref 966525,2726.95,Professional Fees,,,,,indian
Flipkart purchase - INR 5955 - Ref 108217,63.64,Office Supplies,,,,,indian
Dominos pizza order - INR 40283 - Ref 524519,788.35,Miscellaneous,,,,,indian
Consumer durable EMI - INR 1575 - Ref 652602,2044.59,Rent,,,,,indian
Airport taxi fare - INR 38891 - Ref 989631,137.4,Travel,,,,,indian
Credit Card Payment,464.03,Professional Fees,2018-12-20,credit,Silver Card,2018-12,excel
Uber ride payment - INR 19068 - Ref 534152,268.2,Travel,,,,,indian
ETF purchase - INR 13436 - Ref 996013,4760.19,Professional Fees,,,,,indian
Fixed deposit investment - INR 30533 - Ref 189640,1398.54,Professional Fees,,,,,indian
Retirement fund investment - INR 26155 - Ref 600153,203.46,Professional Fees,,,,,indian
Mutual fund SIP - INR 7868 - Ref 301137,3214.38,Professional Fees,,,,,indian
Flight ticket booking - INR 15152 - Ref 487559,993.14,Travel,,,,,indian
Laptop EMI payment - INR 48526 - Ref 367431,1984.7,Rent,,,,,indian
Brewing Company,19.3,Miscellaneous,2019-09-08,debit,Platinum Card,2019-09,excel
PPF contribution - INR 39093 - Ref 311151,793.01,Professional Fees,,,,,indian
McDonald's meal payment - INR 28647 - Ref 519501,589.39,Miscellaneous,,,,,indian
Restaurant dine-in bill - INR 15543 - Ref 759151,733.3,Miscellaneous,,,,,indian
Appliance EMI - INR 47496 - Ref 500068,1068.57,Rent,,,,,indian
Retail store shopping - INR 19808 - Ref 876606,212.28,Office Supplies,,,,,indian
PPF contribution - INR 36246 - Ref 108961,1157.4,Professional Fees,,,,,indian
Mobile EMI payment - INR 2457 - Ref 316095,1550.4,Rent,,,,,indian
IRCTC train ticket - INR 2394 - Ref 143812,925.29,Travel,,,,,indian
MakeMyTrip travel booking - INR 2107 - Ref 134664,648.16,Travel,,,,,indian
Stock market investment - INR 35097 - Ref 625479,1984.25,Professional Fees,,,,,indian
Education loan EMI - INR 47248 - Ref 561934,4061.1,Rent,,,,,indian
Mall shopping payment - INR 16686 - Ref 660254,393.01,Office Supplies,,,,,indian
Car loan EMI - INR 7125 - Ref 266042,4174.79,Rent,,,,,indian
Brunch Restaurant,10.29,Miscellaneous,2018-12-11,debit,Platinum Card,2018-12,excel
KFC online order - INR 48576 - Ref 358963,232.92,Miscellaneous,,,,,indian
Consumer durable EMI - INR 24528 - Ref 450959,1743.01,Rent,,,,,indian
Swiggy order payment - INR 45060 - Ref 449005,87.5,Miscellaneous,,,,,indian
Credit Card Payment,134.34,Professional Fees,2018-09-14,credit,Platinum Card,2018-09,excel
Airport taxi fare - INR 15973 - Ref 123178,1502.89,Travel,,,,,indian
Mall shopping payment - INR 2173 - Ref 796488,426.05,Office Supplies,,,,,indian
Mall shopping payment - INR 18597 - Ref 757333,324.2,Office Supplies,,,,,indian
American Tavern,32.53,Miscellaneous,2019-05-20,debit,Silver Card,2019-05,excel
Bakery purchase - INR 4451 - Ref 402373,863.56,Miscellaneous,,,,,indian
Rapido bike ride - INR 29675 - Ref 282660,1643.38,Travel,,,,,indian
Metro card recharge - INR 1635 - Ref 626072,1987.37,Travel,,,,,indian
Consumer durable EMI - INR 40262 - Ref 967181,4526.52,Rent,,,,,indian
Personal loan EMI - INR 29423 - Ref 912966,3411.69,Rent,,,,,indian
Credit card EMI - INR 8814 - Ref 820698,2304.51,Rent,,,,,indian
KFC online order - INR 6367 - Ref 159143,965.62,Miscellaneous,,,,,indian
Personal loan EMI - INR 18345 - Ref 835086,4847.64,Rent,,,,,indian
Appliance EMI - INR 47688 - Ref 540782,2882.35,Rent,,,,,indian
ETF purchase - INR 5670 - Ref 544991,2632.62,Professional Fees,,,,,indian
IRCTC train ticket - INR 39825 - Ref 421773,1368.85,Travel,,,,,indian
Retirement fund investment - INR 13265 - Ref 860285,4351.76,Professional Fees,,,,,indian
Hotel stay booking - INR 20903 - Ref 974818,2365.45,Travel,,,,,indian
Myntra fashion order - INR 10550 - Ref 724340,357.01,Office Supplies,,,,,indian
McDonald's meal payment - INR 36286 - Ref 583822,121.43,Miscellaneous,,,,,indian
Restaurant dine-in bill - INR 48707 - Ref 732149,635.68,Miscellaneous,,,,,indian
Hardware Store,42.7,Office Supplies,2018-04-23,debit,Silver Card,2018-04,excel
Gold bond investment - INR 32886 - Ref 205176,2573.01,Professional Fees,,,,,indian
PPF contribution - INR 34990 - Ref 439036,2530.81,Professional Fees,,,,,indian
Bakery purchase - INR 3094 - Ref 436578,39.01,Miscellaneous,,,,,indian
Bike loan EMI - INR 49108 - Ref 127841,3521.25,Rent,,,,,indian
Retirement fund investment - INR 34442 - Ref 688269,4051.04,Professional Fees,,,,,indian
Supermarket shopping - INR 6110 - Ref 373901,120.7,Office Supplies,,,,,indian
Grocery food items - INR 8067 - Ref 134737,150.06,Miscellaneous,,,,,indian
Mutual fund SIP - INR 20238 - Ref 623722,2150.61,Professional Fees,,,,,indian
Personal loan EMI - INR 45654 - Ref 340449,3295.69,Rent,,,,,indian
Rapido bike ride - INR 17321 - Ref 154597,2813.17,Travel,,,,,indian
Electronics purchase - INR 21406 - Ref 866981,94.63,Office Supplies,,,,,indian
Credit card EMI - INR 17690 - Ref 490145,4473.38,Rent,,,,,indian
Zomato food delivery - INR 16121 - Ref 819795,822.57,Miscellaneous,,,,,indian
Grocery Store,5.35,Office Supplies,2019-07-29,debit,Platinum Card,2019-07,excel
Car loan EMI - INR 25477 - Ref 492157,1496.64,Rent,,,,,indian
Fixed deposit investment - INR 18040 - Ref 546217,4404.09,Professional Fees,,,,,indian
McDonald's meal payment - INR 4626 - Ref 407157,515.04,Miscellaneous,,,,,indian
Hotel dinner bill - INR 46974 - Ref 418033,558.24,Miscellaneous,,,,,indian
MakeMyTrip travel booking - INR 43474 - Ref 782632,2766.74,Travel,,,,,indian
Myntra fashion order - INR 44824 - Ref 871341,338.96,Office Supplies,,,,,indian
Demat account transfer - INR 12121 - Ref 576528,2709.36,Professional Fees,,,,,indian
Amazon online shopping - INR 42391 - Ref 543344,425.53,Office Supplies,,,,,indian
Mutual fund SIP - INR 47147 - Ref 315458,2609.8,Professional Fees,,,,,indian
McDonald's meal payment - INR 28133 - Ref 944348,184.01,Miscellaneous,,,,,indian
eBay online order - INR 40489 - Ref 823925,255.0,Office Supplies,,,,,indian
Dominos pizza order - INR 43612 - Ref 503019,778.35,Miscellaneous,,,,,indian
PPF contribution - INR 17526 - Ref 271356,4132.65,Professional Fees,,,,,indian
Hotel stay booking - INR 38808 - Ref 858955,1490.53,Travel,,,,,indian
NPS contribution - INR 37213 - Ref 785373,4702.51,Professional Fees,,,,,indian
Mutual fund SIP - INR 3666 - Ref 714304,1399.07,Professional Fees,,,,,indian
Ajio clothing purchase - INR 14569 - Ref 784512,416.78,Office Supplies,,,,,indian
Myntra fashion order - INR 10321 - Ref 122910,68.48,Office Supplies,,,,,indian
Flipkart purchase - INR 42965 - Ref 405851,231.25,Office Supplies,,,,,indian
Bus ticket purchase - INR 3866 - Ref 537685,1994.0,Travel,,,,,indian
Share trading debit - INR 16800 - Ref 237286,1340.46,Professional Fees,,,,,indian
Mall shopping payment - INR 27569 - Ref 294121,22.93,Office Supplies,,,,,indian
Hotel dinner bill - INR 17809 - Ref 989212,305.62,Miscellaneous,,,,,indian
Fixed deposit investment - INR 36152 - Ref 797579,3690.73,Professional Fees,,,,,indian
Share trading debit - INR 14205 - Ref 417677,1860.91,Professional Fees,,,,,indian
Bakery purchase - INR 29012 - Ref 948120,871.44,Miscellaneous,,,,,indian
Restaurant dine-in bill - INR 11771 - Ref 333315,927.06,Miscellaneous,,,,,indian
Fixed deposit investment - INR 5921 - Ref 225046,1463.92,Professional Fees,,,,,indian
QuikTrip,35.24,Travel,2019-05-13,debit,Silver Card,2019-05,excel
Demat account transfer - INR 2083 - Ref 992939,4942.97,Professional Fees,,,,,indian
Bakery purchase - INR 42863 - Ref 474273,387.41,Miscellaneous,,,,,indian
Metro card recharge - INR 25057 - Ref 273770,1014.2,Travel,,,,,indian
Stock market investment - INR 28768 - Ref 558975,3171.84,Professional Fees,,,,,indian
Shell,32.47,Travel,2018-12-26,debit,Platinum Card,2018-12,excel
Mutual fund SIP - INR 34282 - Ref 563293,791.53,Professional Fees,,,,,indian
Electronics purchase - INR 47021 - Ref 484896,259.54,Office Supplies,,,,,indian
Car loan EMI - INR 20073 - Ref 284812,3847.24,Rent,,,,,indian
Retirement fund investment - INR 12174 - Ref 797953,2553.29,Professional Fees,,,,,indian
Personal loan EMI - INR 31424 - Ref 597254,1294.13,Rent,,,,,indian
Amazon,39.05,Office Supplies,2018-01-13,debit,Platinum Card,2018-01,excel
ETF purchase - INR 17138 - Ref 737123,1125.49,Professional Fees,,,,,indian
eBay online order - INR 23640 - Ref 271904,481.59,Office Supplies,,,,,indian
Consumer durable EMI - INR 3344 - Ref 690244,4709.3,Rent,,,,,indian
Grocery food items - INR 21353 - Ref 765198,138.63,Miscellaneous,,,,,indian
Rapido bike ride - INR 5307 - Ref 242940,146.51,Travel,,,,,indian
Retail store shopping - INR 37725 - Ref 292069,341.72,Office Supplies,,,,,indian
Supermarket shopping - INR 40556 - Ref 853449,259.17,Office Supplies,,,,,indian
ETF purchase - INR 29618 - Ref 578112,1782.3,Professional Fees,,,,,indian
Myntra fashion order - INR 37629 - Ref 223698,456.78,Office Supplies,,,,,indian
Fixed deposit investment - INR 40616 - Ref 765529,2038.74,Professional Fees,,,,,indian
Myntra fashion order - INR 2099 - Ref 327984,205.59,Office Supplies,,,,,indian
Retail store shopping - INR 43896 - Ref 408605,412.84,Office Supplies,,,,,indian
KFC online order - INR 8713 - Ref 875332,323.1,Miscellaneous,,,,,indian
Uber ride payment - INR 44666 - Ref 136005,1176.22,Travel,,,,,indian
Lifestyle store purchase - INR 36420 - Ref 391640,243.91,Office Supplies,,,,,indian
Bakery Place,3.02,Miscellaneous,2019-03-12,debit,Platinum Card,2019-03,excel
Supermarket shopping - INR 25302 - Ref 703995,458.8,Office Supplies,,,,,indian
Swiggy order payment - INR 3536 - Ref 544569,987.49,Miscellaneous,,,,,indian
Restaurant dine-in bill - INR 531 - Ref 398897,550.62,Miscellaneous,,,,,indian
Ajio clothing purchase - INR 24616 - Ref 172583,454.16,Office Supplies,,,,,indian
Grocery food items - INR 31530 - Ref 353713,442.43,Miscellaneous,,,,,indian
IRCTC train ticket - INR 29654 - Ref 817058,1964.1,Travel,,,,,indian
Dominos pizza order - INR 12770 - Ref 946634,775.35,Miscellaneous,,,,,indian
Mutual fund SIP - INR 23283 - Ref 183208,3304.19,Professional Fees,,,,,indian
Hotel stay booking - INR 24826 - Ref 796007,661.11,Travel,,,,,indian
Fixed deposit investment - INR 29957 - Ref 832196,3528.5,Professional Fees,,,,,indian
eBay online order - INR 16218 - Ref 358411,257.59,Office Supplies,,,,,indian
Lifestyle store purchase - INR 45975 - Ref 876741,143.09,Office Supplies,,,,,indian
Dominos pizza order - INR 21511 - Ref 972858,949.63,Miscellaneous,,,,,indian
Flipkart purchase - INR 18599 - Ref 904759,102.98,Office Supplies,,,,,indian
Electronics purchase - INR 26138 - Ref 169640,366.93,Office Supplies,,,,,indian
Ola cab booking - INR 24799 - Ref 422924,286.12,Travel,,,,,indian
Lifestyle store purchase - INR 34641 - Ref 130988,40.49,Office Supplies,,,,,indian
KFC online order - INR 26391 - Ref 255690,336.94,Miscellaneous,,,,,indian
Hardware Store,103.14,Office Supplies,2019-07-07,debit,Platinum Card,2019-07,excel
Retail store shopping - INR 36446 - Ref 878470,102.68,Office Supplies,,,,,indian
Fixed deposit investment - INR 23656 - Ref 772294,4962.83,Professional Fees,,,,,indian
Grocery food items - INR 26173 - Ref 239853,527.39,Miscellaneous,,,,,indian
Zomato food delivery - INR 162 - Ref 603544,330.06,Miscellaneous,,,,,indian
Grocery Store,33.15,Office Supplies,2019-08-17,debit,Platinum Card,2019-08,excel
Stock market investment - INR 23334 - Ref 588204,4080.61,Professional Fees,,,,,indian
Retail store shopping - INR 16232 - Ref 703618,471.52,Office Supplies,,,,,indian
Supermarket shopping - INR 7467 - Ref 258234,217.21,Office Supplies,,,,,indian
Fixed deposit investment - INR 1174 - Ref 778641,3570.67,Professional Fees,,,,,indian
Laptop EMI payment - INR 23931 - Ref 749684,2290.52,Rent,,,,,indian
Rapido bike ride - INR 14955 - Ref 666725,1341.14,Travel,,,,,indian
Bike loan EMI - INR 6946 - Ref 526811,2221.89,Rent,,,,,indian
Mall shopping payment - INR 16863 - Ref 607240,346.25,Office Supplies,,,,,indian
Fixed deposit investment - INR 44699 - Ref 665877,1518.43,Professional Fees,,,,,indian
Mutual fund SIP - INR 40423 - Ref 762195,1721.33,Professional Fees,,,,,indian
Restaurant dine-in bill - INR 38564 - Ref 365425,655.01,Miscellaneous,,,,,indian
Home loan EMI - INR 43801 - Ref 724648,2485.59,Rent,,,,,indian
ETF purchase - INR 2309 - Ref 331235,1042.38,Professional Fees,,,,,indian
Zomato food delivery - INR 20375 - Ref 922083,237.99,Miscellaneous,,,,,indian
Ola cab booking - INR 5439 - Ref 329482,1267.33,Travel,,,,,indian
Gold bond investment - INR 41474 - Ref 838414,880.04,Professional Fees,,,,,indian
Mall shopping payment - INR 21336 - Ref 773116,51.53,Office Supplies,,,,,indian
Restaurant dine-in bill - INR 42287 - Ref 859183,224.83,Miscellaneous,,,,,indian
Hotel dinner bill - INR 42050 - Ref 945980,350.66,Miscellaneous,,,,,indian
Hotel stay booking - INR 8747 - Ref 889699,2249.96,Travel,,,,,indian
Retirement fund investment - INR 42397 - Ref 945139,1701.03,Professional Fees,,,,,indian
Zomato food delivery - INR 20239 - Ref 208524,510.64,Miscellaneous,,,,,indian
Rapido bike ride - INR 13880 - Ref 594768,2551.55,Travel,,,,,indian
Uber ride payment - INR 32357 - Ref 811502,2102.85,Travel,,,,,indian
Credit Card Payment,499.6,Professional Fees,2019-01-02,debit,Checking,2019-01,excel
eBay online order - INR 10624 - Ref 899914,483.36,Office Supplies,,,,,indian
Swiggy order payment - INR 28121 - Ref 561953,814.95,Miscellaneous,,,,,indian
Home loan EMI - INR 38462 - Ref 483712,4729.48,Rent,,,,,indian
Mutual fund SIP - INR 7514 - Ref 594113,937.23,Professional Fees,,,,,indian
Grocery food items - INR 8789 - Ref 286477,644.91,Miscellaneous,,,,,indian
Rapido bike ride - INR 10269 - Ref 624450,1934.4,Travel,,,,,indian
Hotel dinner bill - INR 18664 - Ref 695734,106.04,Miscellaneous,,,,,indian
Education loan EMI - INR 41870 - Ref 951098,3065.49,Rent,,,,,indian
KFC online order - INR 1591 - Ref 630254,753.02,Miscellaneous,,,,,indian
Gas Company,52.0,Utilities,2018-03-08,debit,Checking,2018-03,excel
Electronics purchase - INR 4076 - Ref 627442,272.81,Office Supplies,,,,,indian
Restaurant dine-in bill - INR 24164 - Ref 239753,961.38,Miscellaneous,,,,,indian
Airport taxi fare - INR 297 - Ref 700636,1520.21,Travel,,,,,indian
Credit Card Payment,751.5,Professional Fees,2018-11-29,credit,Platinum Card,2018-11,excel
Myntra fashion order - INR 30999 - Ref 216700,107.28,Office Supplies,,,,,indian
Credit Card Payment,363.08,Professional Fees,2018-04-04,credit,Platinum Card,2018-04,excel
ETF purchase - INR 46353 - Ref 334520,741.65,Professional Fees,,,,,indian
Restaurant dine-in bill - INR 37747 - Ref 688750,427.67,Miscellaneous,,,,,indian
Laptop EMI payment - INR 42044 - Ref 240928,1557.69,Rent,,,,,indian
Car loan EMI - INR 13417 - Ref 566724,3286.55,Rent,,,,,indian
Myntra fashion order - INR 18593 - Ref 511465,97.26,Office Supplies,,,,,indian
Uber ride payment - INR 43825 - Ref 768409,2883.79,Travel,,,,,indian
Mobile EMI payment - INR 9732 - Ref 401766,1663.37,Rent,,,,,indian
Swiggy order payment - INR 15619 - Ref 524269,93.89,Miscellaneous,,,,,indian
Hotel stay booking - INR 3977 - Ref 310971,1195.72,Travel,,,,,indian
ETF purchase - INR 13733 - Ref 353139,2960.96,Professional Fees,,,,,indian
Bike loan EMI - INR 8626 - Ref 716668,3654.76,Rent,,,,,indian
MakeMyTrip travel booking - INR 49696 - Ref 785356,2389.15,Travel,,,,,indian
Mutual fund SIP - INR 21832 - Ref 798235,2724.57,Professional Fees,,,,,indian
PPF contribution - INR 33794 - Ref 740344,917.98,Professional Fees,,,,,indian
Ajio clothing purchase - INR 23050 - Ref 367333,392.48,Office Supplies,,,,,indian
Ola cab booking - INR 5284 - Ref 888579,876.57,Travel,,,,,indian
Credit Card Payment,154.13,Professional Fees,2018-02-06,credit,Silver Card,2018-02,excel
Dominos pizza order - INR 31057 - Ref 633069,945.41,Miscellaneous,,,,,indian
Consumer durable EMI - INR 40788 - Ref 945211,1919.26,Rent,,,,,indian
Demat account transfer - INR 7537 - Ref 837919,1942.13,Professional Fees,,,,,indian
Bus ticket purchase - INR 9567 - Ref 199625,1176.52,Travel,,,,,indian
Mobile EMI payment - INR 39647 - Ref 414187,3219.76,Rent,,,,,indian
Uber ride payment - INR 40661 - Ref 746054,2363.01,Travel,,,,,indian
Electronics purchase - INR 5492 - Ref 173056,278.44,Office Supplies,,,,,indian
Zomato food delivery - INR 29503 - Ref 710180,114.63,Miscellaneous,,,,,indian
Electronics purchase - INR 36077 - Ref 419138,487.25,Office Supplies,,,,,indian
Fixed deposit investment - INR 29692 - Ref 777659,1548.67,Professional Fees,,,,,indian
Mutual fund SIP - INR 48339 - Ref 147476,669.04,Professional Fees,,,,,indian
Mobile EMI payment - INR 18795 - Ref 463650,2785.09,Rent,,,,,indian
Rapido bike ride - INR 17252 - Ref 284549,199.03,Travel,,,,,indian
Gold bond investment - INR 12935 - Ref 111684,3052.58,Professional Fees,,,,,indian
PPF contribution - INR 875 - Ref 642625,804.43,Professional Fees,,,,,indian
PPF contribution - INR 34943 - Ref 523525,4006.89,Professional Fees,,,,,indian
Mobile EMI payment - INR 36758 - Ref 412087,4870.13,Rent,,,,,indian
Fixed deposit investment - INR 49412 - Ref 237391,4812.44,Professional Fees,,,,,indian
Metro card recharge - INR 42778 - Ref 676296,2054.26,Travel,,,,,indian
Swiggy order payment - INR 31011 - Ref 740984,27.18,Miscellaneous,,,,,indian
Dominos pizza order - INR 11122 - Ref 114082,715.31,Miscellaneous,,,,,indian
Amazon online shopping - INR 43272 - Ref 352511,392.49,Office Supplies,,,,,indian
Credit card EMI - INR 27810 - Ref 953353,4881.6,Rent,,,,,indian
Airport taxi fare - INR 25385 - Ref 779842,2240.12,Travel,,,,,indian
Fixed deposit investment - INR 42289 - Ref 808138,2622.7,Professional Fees,,,,,indian
Gold bond investment - INR 15555 - Ref 229334,3728.82,Professional Fees,,,,,indian
Mutual fund SIP - INR 42112 - Ref 683854,4038.37,Professional Fees,,,,,indian
Ola cab booking - INR 48993 - Ref 658950,1706.93,Travel,,,,,indian
Consumer durable EMI - INR 45408 - Ref 898905,2695.33,Rent,,,,,indian
Gold bond investment - INR 42895 - Ref 104855,4057.58,Professional Fees,,,,,indian
Flight ticket booking - INR 14229 - Ref 979277,2951.82,Travel,,,,,indian
Flight ticket booking - INR 49610 - Ref 467511,1240.01,Travel,,,,,indian
Personal loan EMI - INR 47994 - Ref 400167,4234.92,Rent,,,,,indian
Flight ticket booking - INR 14371 - Ref 466231,1541.91,Travel,,,,,indian
Share trading debit - INR 14734 - Ref 220123,2705.53,Professional Fees,,,,,indian
Car loan EMI - INR 44675 - Ref 487601,1990.97,Rent,,,,,indian
Hotel dinner bill - INR 43995 - Ref 445413,990.41,Miscellaneous,,,,,indian
Flight ticket booking - INR 43180 - Ref 480679,1299.56,Travel,,,,,indian
Grocery food items - INR 23256 - Ref 876385,848.4,Miscellaneous,,,,,indian
MakeMyTrip travel booking - INR 15525 - Ref 311831,2304.8,Travel,,,,,indian
Lifestyle store purchase - INR 47487 - Ref 130487,267.92,Office Supplies,,,,,indian
Myntra fashion order - INR 48083 - Ref 646523,39.51,Office Supplies,,,,,indian
Credit card EMI - INR 28908 - Ref 220732,4923.27,Rent,,,,,indian
Stock market investment - INR 32843 - Ref 423976,255.11,Professional Fees,,,,,indian
Credit Card Payment,90.57,Professional Fees,2019-09-16,debit,Checking,2019-09,excel
Bus ticket purchase - INR 18274 - Ref 677921,2269.09,Travel,,,,,indian
Zomato food delivery - INR 21196 - Ref 744759,881.74,Miscellaneous,,,,,indian
Car loan EMI - INR 31341 - Ref 747705,2495.28,Rent,,,,,indian
Fixed deposit investment - INR 26686 - Ref 721134,1490.07,Professional Fees,,,,,indian
Home loan EMI - INR 41234 - Ref 595361,4067.59,Rent,,,,,indian
Swiggy order payment - INR 5858 - Ref 732014,896.74,Miscellaneous,,,,,indian
Home loan EMI - INR 38411 - Ref 976189,1484.95,Rent,,,,,indian
Education loan EMI - INR 31397 - Ref 633478,1000.68,Rent,,,,,indian
Appliance EMI - INR 9363 - Ref 508357,3070.3,Rent,,,,,indian
Grocery food items - INR 31875 - Ref 737644,111.2,Miscellaneous,,,,,indian
Hardware Store,28.0,Office Supplies,2018-12-23,debit,Platinum Card,2018-12,excel
Flipkart purchase - INR 39281 - Ref 218757,186.42,Office Supplies,,,,,indian
Uber ride payment - INR 4081 - Ref 691869,58.36,Travel,,,,,indian
Personal loan EMI - INR 21669 - Ref 975809,3552.33,Rent,,,,,indian
Education loan EMI - INR 7779 - Ref 492019,3919.9,Rent,,,,,indian
Credit Card Payment,601.4,Professional Fees,2018-05-09,credit,Platinum Card,2018-05,excel
Consumer durable EMI - INR 3289 - Ref 794698,1598.19,Rent,,,,,indian
Lifestyle store purchase - INR 26099 - Ref 390963,438.95,Office Supplies,,,,,indian
Gold bond investment - INR 5951 - Ref 227903,4677.89,Professional Fees,,,,,indian
Education loan EMI - INR 7614 - Ref 350667,2066.11,Rent,,,,,indian
Ola cab booking - INR 36659 - Ref 949995,337.93,Travel,,,,,indian
Laptop EMI payment - INR 46782 - Ref 918487,2165.04,Rent,,,,,indian
Swiggy order payment - INR 44392 - Ref 523925,192.12,Miscellaneous,,,,,indian
Dominos pizza order - INR 3128 - Ref 528518,325.72,Miscellaneous,,,,,indian
Share trading debit - INR 36480 - Ref 125344,782.54,Professional Fees,,,,,indian
Personal loan EMI - INR 22099 - Ref 624748,4579.7,Rent,,,,,indian
Laptop EMI payment - INR 1634 - Ref 508214,1784.4,Rent,,,,,indian
NPS contribution - INR 16359 - Ref 699435,1266.29,Professional Fees,,,,,indian
Shell,31.32,Travel,2019-01-31,debit,Silver Card,2019-01,excel
Mobile EMI payment - INR 48855 - Ref 322110,4593.13,Rent,,,,,indian
Retail store shopping - INR 29349 - Ref 815046,425.35,Office Supplies,,,,,indian
Cafe coffee purchase - INR 31674 - Ref 527259,100.78,Miscellaneous,,,,,indian
Ajio clothing purchase - INR 29424 - Ref 881811,326.1,Office Supplies,,,,,indian
ETF purchase - INR 39548 - Ref 370484,3957.94,Professional Fees,,,,,indian
Stock market investment - INR 44320 - Ref 137594,3322.59,Professional Fees,,,,,indian
Amazon online shopping - INR 20983 - Ref 354069,317.92,Office Supplies,,,,,indian
IRCTC train ticket - INR 43636 - Ref 492293,2818.75,Travel,,,,,indian
Credit Card Payment,860.05,Professional Fees,2018-12-29,credit,Platinum Card,2018-12,excel
Personal loan EMI - INR 14026 - Ref 314855,1751.16,Rent,,,,,indian
BP,39.44,Travel,2018-05-24,debit,Silver Card,2018-05,excel
Education loan EMI - INR 1564 - Ref 651266,2544.32,Rent,,,,,indian
KFC online order - INR 36367 - Ref 748097,922.62,Miscellaneous,,,,,indian
Mutual fund SIP - INR 7085 - Ref 292671,2096.54,Professional Fees,,,,,indian
Supermarket shopping - INR 6443 - Ref 438209,337.66,Office Supplies,,,,,indian
IRCTC train ticket - INR 18947 - Ref 151247,1160.6,Travel,,,,,indian
Share trading debit - INR 14868 - Ref 354388,2037.39,Professional Fees,,,,,indian
Ajio clothing purchase - INR 16068 - Ref 762429,341.66,Office Supplies,,,,,indian
Education loan EMI - INR 7955 - Ref 505962,2263.61,Rent,,,,,indian
Brewing Company,8.0,Miscellaneous,2019-02-16,debit,Platinum Card,2019-02,excel
Ola cab booking - INR 38795 - Ref 637273,514.46,Travel,,,,,indian
Amazon,27.17,Office Supplies,2019-03-08,debit,Platinum Card,2019-03,excel
Bike loan EMI - INR 9144 - Ref 221713,2546.26,Rent,,,,,indian
Mobile EMI payment - INR 28520 - Ref 805028,3400.41,Rent,,,,,indian
Electronics purchase - INR 39563 - Ref 414613,82.95,Office Supplies,,,,,indian
Electronics purchase - INR 38863 - Ref 842677,490.68,Office Supplies,,,,,indian
Bakery purchase - INR 25132 - Ref 693367,661.46,Miscellaneous,,,,,indian
Credit Card Payment,100.68,Professional Fees,2019-06-20,credit,Silver Card,2019-06,excel
MakeMyTrip travel booking - INR 36162 - Ref 399713,2378.11,Travel,,,,,indian
Bakery purchase - INR 23236 - Ref 629262,789.67,Miscellaneous,,,,,indian
Bakery purchase - INR 32218 - Ref 628864,795.6,Miscellaneous,,,,,indian
Grocery food items - INR 16426 - Ref 823757,799.44,Miscellaneous,,,,,indian
Consumer durable EMI - INR 27598 - Ref 707678,3157.63,Rent,,,,,indian
Stock market investment - INR 46472 - Ref 678242,3210.39,Professional Fees,,,,,indian
Ajio clothing purchase - INR 33561 - Ref 959570,104.77,Office Supplies,,,,,indian
Grocery food items - INR 29065 - Ref 611796,32.17,Miscellaneous,,,,,indian
Grocery Store,16.23,Office Supplies,2019-03-18,debit,Platinum Card,2019-03,excel
Retirement fund investment - INR 32875 - Ref 550923,2784.57,Professional Fees,,,,,indian
KFC online order - INR 46802 - Ref 811682,120.43,Miscellaneous,,,,,indian
Retail store shopping - INR 18910 - Ref 314120,320.84,Office Supplies,,,,,indian
Swiggy order payment - INR 32887 - Ref 589238,844.34,Miscellaneous,,,,,indian
Flipkart purchase - INR 10356 - Ref 423281,470.36,Office Supplies,,,,,indian
Bike loan EMI - INR 1557 - Ref 606121,2814.0,Rent,,,,,indian
Airport taxi fare - INR 46717 - Ref 481549,2828.67,Travel,,,,,indian
eBay online order - INR 44824 - Ref 222848,204.1,Office Supplies,,,,,indian
IRCTC train ticket - INR 2747 - Ref 456963,2589.3,Travel,,,,,indian
Swiggy order payment - INR 12428 - Ref 159885,874.94,Miscellaneous,,,,,indian
Flight ticket booking - INR 15279 - Ref 566239,2408.41,Travel,,,,,indian
ETF purchase - INR 43464 - Ref 762428,1598.39,Professional Fees,,,,,indian
Credit Card Payment,436.75,Professional Fees,2019-04-09,debit,Checking,2019-04,excel
Uber ride payment - INR 26086 - Ref 296366,349.21,Travel,,,,,indian
Mortgage Payment,1100.0,Rent,2019-01-03,debit,Checking,2019-01,excel
Retail store shopping - INR 37635 - Ref 504873,197.69,Office Supplies,,,,,indian
Consumer durable EMI - INR 45333 - Ref 904264,2370.93,Rent,,,,,indian
NPS contribution - INR 46760 - Ref 370260,4842.89,Professional Fees,,,,,indian
Retirement fund investment - INR 17111 - Ref 143741,2186.86,Professional Fees,,,,,indian
Mobile EMI payment - INR 28868 - Ref 871387,4664.52,Rent,,,,,indian
Laptop EMI payment - INR 21857 - Ref 209735,3570.96,Rent,,,,,indian
Appliance EMI - INR 25733 - Ref 152295,2897.59,Rent,,,,,indian
MakeMyTrip travel booking - INR 37480 - Ref 626882,2873.78,Travel,,,,,indian
Best Buy,331.69,Software/Subscriptions,2019-05-09,debit,Platinum Card,2019-05,excel
KFC online order - INR 4674 - Ref 640876,586.13,Miscellaneous,,,,,indian
Ola cab booking - INR 49168 - Ref 634343,529.36,Travel,,,,,indian
ETF purchase - INR 4220 - Ref 748914,491.96,Professional Fees,,,,,indian
Zomato food delivery - INR 45860 - Ref 424975,307.57,Miscellaneous,,,,,indian
Mobile EMI payment - INR 20179 - Ref 647354,4493.12,Rent,,,,,indian
KFC online order - INR 49988 - Ref 802841,249.15,Miscellaneous,,,,,indian
Retirement fund investment - INR 10069 - Ref 300276,1564.04,Professional Fees,,,,,indian
Electronics purchase - INR 18203 - Ref 586874,63.75,Office Supplies,,,,,indian
Electronics purchase - INR 29637 - Ref 435039,115.72,Office Supplies,,,,,indian
Appliance EMI - INR 34823 - Ref 779558,1609.53,Rent,,,,,indian
Myntra fashion order - INR 14701 - Ref 581117,192.34,Office Supplies,,,,,indian
Metro card recharge - INR 37729 - Ref 404399,2256.83,Travel,,,,,indian
Ajio clothing purchase - INR 42535 - Ref 768438,32.33,Office Supplies,,,,,indian
Metro card recharge - INR 18590 - Ref 284625,1448.04,Travel,,,,,indian
Home loan EMI - INR 22302 - Ref 187583,4645.95,Rent,,,,,indian
Consumer durable EMI - INR 12960 - Ref 557943,2347.06,Rent,,,,,indian
Zomato food delivery - INR 17322 - Ref 284349,747.52,Miscellaneous,,,,,indian
Laptop EMI payment - INR 8339 - Ref 126511,3804.74,Rent,,,,,indian
Go Mart,33.51,Travel,2018-07-14,debit,Silver Card,2018-07,excel
Rapido bike ride - INR 49278 - Ref 254612,2339.68,Travel,,,,,indian
Hotel dinner bill - INR 28706 - Ref 411505,633.28,Miscellaneous,,,,,indian
Supermarket shopping - INR 8570 - Ref 746062,492.53,Office Supplies,,,,,indian
Metro card recharge - INR 35929 - Ref 917455,2572.25,Travel,,,,,indian
Metro card recharge - INR 39065 - Ref 450218,1345.26,Travel,,,,,indian
Lifestyle store purchase - INR 45956 - Ref 884771,145.18,Office Supplies,,,,,indian
Grocery food items - INR 9597 - Ref 293872,639.22,Miscellaneous,,,,,indian
Gold bond investment - INR 25402 - Ref 832381,2594.05,Professional Fees,,,,,indian
Hardware Store,224.7,Office Supplies,2018-04-24,debit,Platinum Card,2018-04,excel
Retail store shopping - INR 3782 - Ref 772595,414.61,Office Supplies,,,,,indian
Home loan EMI - INR 49827 - Ref 379794,3541.64,Rent,,,,,indian
Ajio clothing purchase - INR 32340 - Ref 184183,389.76,Office Supplies,,,,,indian
Bike loan EMI - INR 30802 - Ref 274872,3363.0,Rent,,,,,indian
Hardware Store,44.31,Office Supplies,2019-07-28,debit,Platinum Card,2019-07,excel
Bakery purchase - INR 49856 - Ref 582588,831.69,Miscellaneous,,,,,indian
Biweekly Paycheck,2250.0,Payroll,2019-07-05,credit,Checking,2019-07,excel
Demat account transfer - INR 26739 - Ref 978749,2309.22,Professional Fees,,,,,indian
Flipkart purchase - INR 30822 - Ref 917641,296.11,Office Supplies,,,,,indian
Share trading debit - INR 12555 - Ref 393647,657.16,Professional Fees,,,,,indian
Cafe coffee purchase - INR 22681 - Ref 981647,62.5,Miscellaneous,,,,,indian
Flight ticket booking - INR 14686 - Ref 336761,2206.53,Travel,,,,,indian
Credit card EMI - INR 21271 - Ref 154334,2401.27,Rent,,,,,indian
Credit card EMI - INR 38862 - Ref 276884,3529.09,Rent,,,,,indian
Share trading debit - INR 24237 - Ref 488878,4586.95,Professional Fees,,,,,indian
Ajio clothing purchase - INR 17029 - Ref 193944,356.63,Office Supplies,,,,,indian
Thai Restaurant,26.67,Miscellaneous,2019-07-22,debit,Silver Card,2019-07,excel
Bakery purchase - INR 46242 - Ref 954257,178.73,Miscellaneous,,,,,indian
Stock market investment - INR 27994 - Ref 402107,1889.18,Professional Fees,,,,,indian
IRCTC train ticket - INR 12165 - Ref 762310,390.51,Travel,,,,,indian
Flight ticket booking - INR 34776 - Ref 750569,2537.69,Travel,,,,,indian
Mutual fund SIP - INR 10738 - Ref 405585,1921.27,Professional Fees,,,,,indian
Retirement fund investment - INR 39037 - Ref 594510,1097.15,Professional Fees,,,,,indian
Metro card recharge - INR 40190 - Ref 904209,2285.31,Travel,,,,,indian
McDonald's meal payment - INR 1992 - Ref 976994,62.61,Miscellaneous,,,,,indian
Hotel stay booking - INR 20853 - Ref 550838,1399.84,Travel,,,,,indian
Share trading debit - INR 26825 - Ref 697744,1598.51,Professional Fees,,,,,indian
Ola cab booking - INR 47319 - Ref 472093,155.9,Travel,,,,,indian
Ola cab booking - INR 24799 - Ref 589867,2612.87,Travel,,,,,indian
Rapido bike ride - INR 8776 - Ref 231929,1080.66,Travel,,,,,indian
Bakery purchase - INR 48539 - Ref 294547,384.86,Miscellaneous,,,,,indian
Rapido bike ride - INR 41080 - Ref 898458,1878.15,Travel,,,,,indian
Education loan EMI - INR 44399 - Ref 756056,4706.51,Rent,,,,,indian
Stock market investment - INR 29640 - Ref 970975,2596.66,Professional Fees,,,,,indian
Electronics purchase - INR 22560 - Ref 564401,120.19,Office Supplies,,,,,indian
Ola cab booking - INR 18726 - Ref 398635,1059.86,Travel,,,,,indian
Mobile EMI payment - INR 23485 - Ref 617533,3898.34,Rent,,,,,indian
Ajio clothing purchase - INR 1806 - Ref 711472,399.53,Office Supplies,,,,,indian
Education loan EMI - INR 14622 - Ref 808681,1194.29,Rent,,,,,indian
Bike loan EMI - INR 27853 - Ref 173888,4267.56,Rent,,,,,indian
Netflix,13.9,Utilities,2019-05-04,debit,Platinum Card,2019-05,excel
Supermarket shopping - INR 18750 - Ref 160300,216.56,Office Supplies,,,,,indian
Hotel stay booking - INR 34562 - Ref 944807,427.44,Travel,,,,,indian
Ola cab booking - INR 12559 - Ref 584300,1474.65,Travel,,,,,indian
Dominos pizza order - INR 19636 - Ref 445761,516.48,Miscellaneous,,,,,indian
Consumer durable EMI - INR 23661 - Ref 833810,2350.05,Rent,,,,,indian
Retirement fund investment - INR 10699 - Ref 586874,4589.17,Professional Fees,,,,,indian
Rapido bike ride - INR 44036 - Ref 508496,1127.63,Travel,,,,,indian
Rapido bike ride - INR 22858 - Ref 234369,2441.57,Travel,,,,,indian
Laptop EMI payment - INR 25901 - Ref 196159,3970.34,Rent,,,,,indian
Hardware Store,37.41,Office Supplies,2018-11-21,debit,Platinum Card,2018-11,excel
Uber ride payment - INR 2942 - Ref 942580,402.1,Travel,,,,,indian
IRCTC train ticket - INR 36594 - Ref 578614,323.6,Travel,,,,,indian
Fixed deposit investment - INR 27765 - Ref 535830,4291.24,Professional Fees,,,,,indian
ETF purchase - INR 42461 - Ref 593359,1794.49,Professional Fees,,,,,indian
Appliance EMI - INR 15853 - Ref 175474,4832.13,Rent,,,,,indian
Demat account transfer - INR 32432 - Ref 429795,3583.44,Professional Fees,,,,,indian
Bus ticket purchase - INR 47443 - Ref 894841,1832.42,Travel,,,,,indian
IRCTC train ticket - INR 40906 - Ref 376733,1093.11,Travel,,,,,indian
Rapido bike ride - INR 2682 - Ref 164357,1000.85,Travel,,,,,indian
Credit card EMI - INR 29834 - Ref 539326,3667.99,Rent,,,,,indian
Bus ticket purchase - INR 20381 - Ref 792868,2528.32,Travel,,,,,indian
Electronics purchase - INR 30789 - Ref 502178,240.28,Office Supplies,,,,,indian
eBay online order - INR 26380 - Ref 955324,167.88,Office Supplies,,,,,indian
Demat account transfer - INR 47778 - Ref 995619,4363.05,Professional Fees,,,,,indian
Stock market investment - INR 11024 - Ref 731759,459.91,Professional Fees,,,,,indian
Credit Card Payment,574.84,Professional Fees,2019-02-19,debit,Checking,2019-02,excel
McDonald's meal payment - INR 38454 - Ref 153972,401.77,Miscellaneous,,,,,indian
Airport taxi fare - INR 15817 - Ref 570111,991.39,Travel,,,,,indian
Mobile EMI payment - INR 1726 - Ref 874079,2768.83,Rent,,,,,indian
Restaurant dine-in bill - INR 36491 - Ref 611244,621.82,Miscellaneous,,,,,indian
Stock market investment - INR 12470 - Ref 679592,2441.72,Professional Fees,,,,,indian
Bakery purchase - INR 30196 - Ref 978769,733.22,Miscellaneous,,,,,indian
Grocery Store,6.11,Office Supplies,2018-06-01,debit,Platinum Card,2018-06,excel
Hotel stay booking - INR 1007 - Ref 919733,1995.02,Travel,,,,,indian
Hotel dinner bill - INR 2579 - Ref 929629,120.37,Miscellaneous,,,,,indian
Mall shopping payment - INR 49150 - Ref 220112,350.52,Office Supplies,,,,,indian
PPF contribution - INR 35452 - Ref 820625,3671.74,Professional Fees,,,,,indian
Credit Card Payment,521.17,Professional Fees,2019-08-06,debit,Checking,2019-08,excel
IRCTC train ticket - INR 15131 - Ref 139339,2743.95,Travel,,,,,indian
Stock market investment - INR 20038 - Ref 414404,849.21,Professional Fees,,,,,indian
Consumer durable EMI - INR 11547 - Ref 666212,4260.86,Rent,,,,,indian
PPF contribution - INR 43322 - Ref 916891,1907.57,Professional Fees,,,,,indian
Lifestyle store purchase - INR 36755 - Ref 666335,338.5,Office Supplies,,,,,indian
Hotel stay booking - INR 4163 - Ref 617862,2431.86,Travel,,,,,indian
Personal loan EMI - INR 27208 - Ref 200971,3559.3,Rent,,,,,indian
KFC online order - INR 7070 - Ref 423676,938.66,Miscellaneous,,,,,indian
Amazon online shopping - INR 32137 - Ref 404404,69.09,Office Supplies,,,,,indian
Supermarket shopping - INR 2373 - Ref 799676,246.96,Office Supplies,,,,,indian
Mike's Construction Co.,8000.0,Office Supplies,2018-05-11,debit,Checking,2018-05,excel
Rapido bike ride - INR 36467 - Ref 867683,2193.32,Travel,,,,,indian
Mall shopping payment - INR 38165 - Ref 411585,446.23,Office Supplies,,,,,indian
Demat account transfer - INR 24232 - Ref 718726,1124.06,Professional Fees,,,,,indian
Bakery purchase - INR 19480 - Ref 401124,500.99,Miscellaneous,,,,,indian
Hotel stay booking - INR 39799 - Ref 888668,1266.56,Travel,,,,,indian
Uber ride payment - INR 27595 - Ref 852878,2794.14,Travel,,,,,indian
Mobile EMI payment - INR 42217 - Ref 258741,1276.08,Rent,,,,,indian
Hotel dinner bill - INR 41412 - Ref 795671,498.81,Miscellaneous,,,,,indian
Bakery purchase - INR 11536 - Ref 882406,163.0,Miscellaneous,,,,,indian
Personal loan EMI - INR 18331 - Ref 375876,2819.14,Rent,,,,,indian
Flight ticket booking - INR 43197 - Ref 289841,1090.5,Travel,,,,,indian
Hotel stay booking - INR 3277 - Ref 668996,2076.8,Travel,,,,,indian
Gold bond investment - INR 7501 - Ref 194686,1253.2,Professional Fees,,,,,indian
Bakery purchase - INR 3796 - Ref 881364,282.1,Miscellaneous,,,,,indian
Retirement fund investment - INR 22740 - Ref 355408,1309.83,Professional Fees,,,,,indian
NPS contribution - INR 7919 - Ref 549595,3300.47,Professional Fees,,,,,indian
Home loan EMI - INR 35724 - Ref 626120,3661.36,Rent,,,,,indian
Metro card recharge - INR 22429 - Ref 129891,1855.25,Travel,,,,,indian
Appliance EMI - INR 23202 - Ref 219901,1619.19,Rent,,,,,indian
Retirement fund investment - INR 49907 - Ref 723385,4691.19,Professional Fees,,,,,indian
Ola cab booking - INR 10453 - Ref 212501,1052.48,Travel,,,,,indian
Fixed deposit investment - INR 998 - Ref 264166,1462.37,Professional Fees,,,,,indian
Cafe coffee purchase - INR 42423 - Ref 384707,243.34,Miscellaneous,,,,,indian
Electronics purchase - INR 18798 - Ref 420711,441.79,Office Supplies,,,,,indian
Supermarket shopping - INR 34762 - Ref 196099,183.32,Office Supplies,,,,,indian
IRCTC train ticket - INR 20819 - Ref 717276,854.73,Travel,,,,,indian
Gold bond investment - INR 29733 - Ref 804480,2916.46,Professional Fees,,,,,indian
Home loan EMI - INR 45860 - Ref 107903,4559.66,Rent,,,,,indian
Uber ride payment - INR 22863 - Ref 268960,353.88,Travel,,,,,indian
Supermarket shopping - INR 18543 - Ref 143660,350.13,Office Supplies,,,,,indian
Ola cab booking - INR 9421 - Ref 665847,2998.81,Travel,,,,,indian
Credit Card Payment,480.88,Professional Fees,2019-05-13,debit,Checking,2019-05,excel
Appliance EMI - INR 27773 - Ref 111090,3084.02,Rent,,,,,indian
Zomato food delivery - INR 34745 - Ref 955644,315.91,Miscellaneous,,,,,indian
Amazon online shopping - INR 43951 - Ref 604305,125.18,Office Supplies,,,,,indian
Metro card recharge - INR 15048 - Ref 413093,2696.24,Travel,,,,,indian
Flight ticket booking - INR 2115 - Ref 884282,406.2,Travel,,,,,indian
Fixed deposit investment - INR 38881 - Ref 301886,2145.73,Professional Fees,,,,,indian
Mobile EMI payment - INR 45672 - Ref 850301,3121.46,Rent,,,,,indian
McDonald's meal payment - INR 47759 - Ref 300532,554.22,Miscellaneous,,,,,indian
Retirement fund investment - INR 35499 - Ref 182359,3529.57,Professional Fees,,,,,indian
Thai Restaurant,24.0,Miscellaneous,2019-07-01,debit,Silver Card,2019-07,excel
American Tavern,3.5,Miscellaneous,2019-08-17,debit,Platinum Card,2019-08,excel
Mall shopping payment - INR 22113 - Ref 133817,233.53,Office Supplies,,,,,indian
Airport taxi fare - INR 11041 - Ref 693027,2635.81,Travel,,,,,indian
Zomato food delivery - INR 4552 - Ref 345466,765.01,Miscellaneous,,,,,indian
Metro card recharge - INR 28298 - Ref 163419,2252.96,Travel,,,,,indian
Hardware Store,6.83,Office Supplies,2018-09-22,debit,Platinum Card,2018-09,excel
Bike loan EMI - INR 46153 - Ref 323469,3250.1,Rent,,,,,indian
Retirement fund investment - INR 41644 - Ref 975014,4658.46,Professional Fees,,,,,indian
Credit Card Payment,544.37,Professional Fees,2018-10-21,credit,Platinum Card,2018-10,excel
IRCTC train ticket - INR 10905 - Ref 976865,1732.32,Travel,,,,,indian
KFC online order - INR 32925 - Ref 117395,223.19,Miscellaneous,,,,,indian
Gold bond investment - INR 28662 - Ref 401105,4027.93,Professional Fees,,,,,indian
MakeMyTrip travel booking - INR 38291 - Ref 756269,185.67,Travel,,,,,indian
Laptop EMI payment - INR 35457 - Ref 796347,1595.59,Rent,,,,,indian
Education loan EMI - INR 24175 - Ref 968540,2215.66,Rent,,,,,indian
Hotel dinner bill - INR 20104 - Ref 684060,918.56,Miscellaneous,,,,,indian
Home loan EMI - INR 16682 - Ref 520935,1380.34,Rent,,,,,indian
Myntra fashion order - INR 43529 - Ref 366507,356.03,Office Supplies,,,,,indian
Ola cab booking - INR 25375 - Ref 841064,1887.69,Travel,,,,,indian
Bike loan EMI - INR 46847 - Ref 508518,2808.17,Rent,,,,,indian
Demat account transfer - INR 26333 - Ref 983141,1450.68,Professional Fees,,,,,indian
Mutual fund SIP - INR 42740 - Ref 119554,4754.35,Professional Fees,,,,,indian
Flipkart purchase - INR 5632 - Ref 472044,483.29,Office Supplies,,,,,indian
Rapido bike ride - INR 8067 - Ref 619919,1970.83,Travel,,,,,indian
Swiggy order payment - INR 43351 - Ref 800240,639.93,Miscellaneous,,,,,indian
Consumer durable EMI - INR 41807 - Ref 514407,1529.25,Rent,,,,,indian
Shell,36.47,Travel,2018-02-12,debit,Silver Card,2018-02,excel
Cafe coffee purchase - INR 19030 - Ref 456872,713.74,Miscellaneous,,,,,indian
Dominos pizza order - INR 43591 - Ref 881064,992.84,Miscellaneous,,,,,indian
Mutual fund SIP - INR 37385 - Ref 851011,919.29,Professional Fees,,,,,indian
Bakery purchase - INR 18193 - Ref 400635,427.53,Miscellaneous,,,,,indian
PPF contribution - INR 41024 - Ref 676137,994.52,Professional Fees,,,,,indian
Metro card recharge - INR 42244 - Ref 596985,466.65,Travel,,,,,indian
Share trading debit - INR 17337 - Ref 744645,487.58,Professional Fees,,,,,indian
ETF purchase - INR 24246 - Ref 113453,4026.82,Professional Fees,,,,,indian
Bike loan EMI - INR 46841 - Ref 706272,1993.08,Rent,,,,,indian
KFC online order - INR 3370 - Ref 119560,527.6,Miscellaneous,,,,,indian
Home loan EMI - INR 24621 - Ref 852955,1299.46,Rent,,,,,indian
Gold bond investment - INR 19813 - Ref 898323,422.9,Professional Fees,,,,,indian
Zomato food delivery - INR 36503 - Ref 348061,241.34,Miscellaneous,,,,,indian
Mutual fund SIP - INR 39568 - Ref 601096,1312.91,Professional Fees,,,,,indian
Grocery food items - INR 48519 - Ref 885665,274.96,Miscellaneous,,,,,indian
Uber ride payment - INR 35529 - Ref 983550,2181.21,Travel,,,,,indian
Grocery food items - INR 30963 - Ref 744603,405.03,Miscellaneous,,,,,indian
Dominos pizza order - INR 3245 - Ref 889115,270.82,Miscellaneous,,,,,indian
Gold bond investment - INR 18406 - Ref 295685,4803.91,Professional Fees,,,,,indian
Stock market investment - INR 8912 - Ref 846581,3081.03,Professional Fees,,,,,indian
Grocery food items - INR 48040 - Ref 445568,644.37,Miscellaneous,,,,,indian
McDonald's meal payment - INR 48501 - Ref 150170,357.91,Miscellaneous,,,,,indian
Home loan EMI - INR 7856 - Ref 333358,3235.16,Rent,,,,,indian
Starbucks,12.84,Miscellaneous,2019-03-30,debit,Platinum Card,2019-03,excel
Supermarket shopping - INR 20473 - Ref 577743,74.27,Office Supplies,,,,,indian
ETF purchase - INR 35727 - Ref 570150,2402.49,Professional Fees,,,,,indian
Home loan EMI - INR 47856 - Ref 644749,2925.98,Rent,,,,,indian
Share trading debit - INR 2737 - Ref 618867,4972.15,Professional Fees,,,,,indian
Mortgage Payment,1209.18,Rent,2018-10-02,debit,Checking,2018-10,excel
Rapido bike ride - INR 28340 - Ref 345074,210.09,Travel,,,,,indian
Retirement fund investment - INR 3731 - Ref 749932,3538.51,Professional Fees,,,,,indian
Amazon online shopping - INR 24035 - Ref 207423,174.05,Office Supplies,,,,,indian
Credit Card Payment,260.95,Professional Fees,2019-06-03,credit,Platinum Card,2019-06,excel
Rapido bike ride - INR 21732 - Ref 904608,1472.76,Travel,,,,,indian
Amazon,24.63,Office Supplies,2019-09-23,debit,Platinum Card,2019-09,excel
MakeMyTrip travel booking - INR 42237 - Ref 554722,1642.18,Travel,,,,,indian
IRCTC train ticket - INR 12722 - Ref 698227,1405.14,Travel,,,,,indian
Lifestyle store purchase - INR 21558 - Ref 602615,157.67,Office Supplies,,,,,indian
Amazon online shopping - INR 27280 - Ref 164971,240.63,Office Supplies,,,,,indian
Hotel dinner bill - INR 29153 - Ref 295197,416.11,Miscellaneous,,,,,indian
Uber ride payment - INR 27770 - Ref 651225,287.35,Travel,,,,,indian
PPF contribution - INR 8316 - Ref 120032,3787.91,Professional Fees,,,,,indian
Airport taxi fare - INR 27238 - Ref 852267,1376.71,Travel,,,,,indian
Stock market investment - INR 35280 - Ref 670791,1264.5,Professional Fees,,,,,indian
Gold bond investment - INR 40667 - Ref 177833,906.0,Professional Fees,,,,,indian
PPF contribution - INR 22251 - Ref 295657,2864.33,Professional Fees,,,,,indian
Laptop EMI payment - INR 43466 - Ref 262203,4074.83,Rent,,,,,indian
Car loan EMI - INR 6821 - Ref 207626,1398.41,Rent,,,,,indian
Cafe coffee purchase - INR 19476 - Ref 803546,600.85,Miscellaneous,,,,,indian
Amazon,24.3,Office Supplies,2018-12-18,debit,Platinum Card,2018-12,excel
Retirement fund investment - INR 22698 - Ref 689763,2582.5,Professional Fees,,,,,indian
Demat account transfer - INR 43855 - Ref 637578,4217.49,Professional Fees,,,,,indian
MakeMyTrip travel booking - INR 29395 - Ref 957836,1585.01,Travel,,,,,indian
Share trading debit - INR 40645 - Ref 185823,871.01,Professional Fees,,,,,indian
Credit Card Payment,115.52,Professional Fees,2019-07-19,credit,Platinum Card,2019-07,excel
Retail store shopping - INR 37981 - Ref 251891,74.73,Office Supplies,,,,,indian
Bakery purchase - INR 28145 - Ref 463786,599.93,Miscellaneous,,,,,indian
Credit Card Payment,268.96,Professional Fees,2019-04-27,credit,Silver Card,2019-04,excel
Grocery Store,5.64,Office Supplies,2018-08-15,debit,Platinum Card,2018-08,excel
Stock market investment - INR 8173 - Ref 968474,2741.19,Professional Fees,,,,,indian
Appliance EMI - INR 16855 - Ref 192043,3476.26,Rent,,,,,indian
Lifestyle store purchase - INR 40296 - Ref 106931,361.77,Office Supplies,,,,,indian
Hotel dinner bill - INR 43520 - Ref 964177,907.04,Miscellaneous,,,,,indian
Share trading debit - INR 16642 - Ref 176605,1524.53,Professional Fees,,,,,indian
Electronics purchase - INR 33979 - Ref 515680,389.62,Office Supplies,,,,,indian
Mall shopping payment - INR 49917 - Ref 443090,353.69,Office Supplies,,,,,indian
Home loan EMI - INR 25065 - Ref 182288,2618.25,Rent,,,,,indian
Retail store shopping - INR 24571 - Ref 447114,271.11,Office Supplies,,,,,indian
Cafe coffee purchase - INR 5664 - Ref 568443,855.77,Miscellaneous,,,,,indian
Fixed deposit investment - INR 15357 - Ref 891101,4365.05,Professional Fees,,,,,indian
Bus ticket purchase - INR 12595 - Ref 714893,1109.82,Travel,,,,,indian
Hardware Store,6.4,Office Supplies,2018-11-17,debit,Platinum Card,2018-11,excel
IRCTC train ticket - INR 36325 - Ref 663836,2230.99,Travel,,,,,indian
NPS contribution - INR 43651 - Ref 772743,234.53,Professional Fees,,,,,indian
Education loan EMI - INR 31822 - Ref 745646,4897.18,Rent,,,,,indian
NPS contribution - INR 43397 - Ref 570161,806.14,Professional Fees,,,,,indian
eBay online order - INR 16618 - Ref 843382,365.47,Office Supplies,,,,,indian
Grocery Store,91.03,Office Supplies,2018-05-28,debit,Silver Card,2018-05,excel
Stock market investment - INR 45764 - Ref 890250,632.4,Professional Fees,,,,,indian
Restaurant dine-in bill - INR 15867 - Ref 478348,470.39,Miscellaneous,,,,,indian
Hotel stay booking - INR 33852 - Ref 431894,859.72,Travel,,,,,indian
Restaurant dine-in bill - INR 34151 - Ref 631296,953.96,Miscellaneous,,,,,indian
KFC online order - INR 31581 - Ref 152626,227.56,Miscellaneous,,,,,indian
Supermarket shopping - INR 46462 - Ref 980942,159.04,Office Supplies,,,,,indian
Myntra fashion order - INR 9206 - Ref 239011,310.75,Office Supplies,,,,,indian
Laptop EMI payment - INR 39558 - Ref 879589,2908.27,Rent,,,,,indian
Laptop EMI payment - INR 20265 - Ref 601584,4858.3,Rent,,,,,indian
Zomato food delivery - INR 49155 - Ref 412470,878.59,Miscellaneous,,,,,indian
Bike loan EMI - INR 22829 - Ref 431484,4039.51,Rent,,,,,indian
MakeMyTrip travel booking - INR 36268 - Ref 527187,158.79,Travel,,,,,indian
Rapido bike ride - INR 44667 - Ref 478634,1696.16,Travel,,,,,indian
Grocery Store,8.8,Office Supplies,2018-09-17,debit,Platinum Card,2018-09,excel
Supermarket shopping - INR 953 - Ref 380434,285.64,Office Supplies,,,,,indian
Laptop EMI payment - INR 36673 - Ref 839303,3184.53,Rent,,,,,indian
PPF contribution - INR 47064 - Ref 895182,1672.75,Professional Fees,,,,,indian
Hotel stay booking - INR 25795 - Ref 671451,1523.85,Travel,,,,,indian
Dominos pizza order - INR 23152 - Ref 641998,82.8,Miscellaneous,,,,,indian
Retail store shopping - INR 47059 - Ref 381862,352.57,Office Supplies,,,,,indian
Metro card recharge - INR 24180 - Ref 866166,2286.7,Travel,,,,,indian
Hotel stay booking - INR 34632 - Ref 396119,2977.83,Travel,,,,,indian
Flight ticket booking - INR 17431 - Ref 246702,2840.62,Travel,,,,,indian
Cafe coffee purchase - INR 45315 - Ref 792446,769.25,Miscellaneous,,,,,indian
Zomato food delivery - INR 10194 - Ref 138422,85.67,Miscellaneous,,,,,indian
Credit Card Payment,335.2,Professional Fees,2019-08-15,debit,Checking,2019-08,excel
Lifestyle store purchase - INR 18937 - Ref 635096,487.63,Office Supplies,,,,,indian
Uber ride payment - INR 4042 - Ref 206800,544.98,Travel,,,,,indian
Flipkart purchase - INR 49879 - Ref 371985,182.38,Office Supplies,,,,,indian
Myntra fashion order - INR 3451 - Ref 256332,421.26,Office Supplies,,,,,indian
Retail store shopping - INR 49466 - Ref 207601,360.39,Office Supplies,,,,,indian
Credit Card Payment,491.45,Professional Fees,2019-01-09,credit,Platinum Card,2019-01,excel
Consumer durable EMI - INR 37867 - Ref 361949,2834.88,Rent,,,,,indian
Electronics purchase - INR 47185 - Ref 250497,134.54,Office Supplies,,,,,indian
Flipkart purchase - INR 46799 - Ref 991582,57.19,Office Supplies,,,,,indian
Consumer durable EMI - INR 25505 - Ref 969666,3304.93,Rent,,,,,indian
Bakery purchase - INR 22202 - Ref 830541,727.16,Miscellaneous,,,,,indian
Retirement fund investment - INR 38027 - Ref 435317,3240.74,Professional Fees,,,,,indian
Demat account transfer - INR 47903 - Ref 409151,895.27,Professional Fees,,,,,indian
Personal loan EMI - INR 40148 - Ref 617107,3987.56,Rent,,,,,indian
Stock market investment - INR 37150 - Ref 522294,3027.43,Professional Fees,,,,,indian
Laptop EMI payment - INR 41521 - Ref 435233,1565.71,Rent,,,,,indian
Laptop EMI payment - INR 45485 - Ref 399415,4434.37,Rent,,,,,indian
IRCTC train ticket - INR 4759 - Ref 270696,447.87,Travel,,,,,indian
Retail store shopping - INR 4167 - Ref 158192,245.13,Office Supplies,,,,,indian
Education loan EMI - INR 21557 - Ref 434484,4429.94,Rent,,,,,indian
Cafe coffee purchase - INR 34426 - Ref 187328,29.08,Miscellaneous,,,,,indian
Supermarket shopping - INR 30047 - Ref 747063,499.25,Office Supplies,,,,,indian
Grocery Store,10.89,Office Supplies,2019-04-19,debit,Platinum Card,2019-04,excel
Grocery Store,22.98,Office Supplies,2018-04-28,debit,Silver Card,2018-04,excel
Hardware Store,10.02,Office Supplies,2018-11-19,debit,Silver Card,2018-11,excel
Mutual fund SIP - INR 11930 - Ref 967956,234.65,Professional Fees,,,,,indian
Bike loan EMI - INR 33986 - Ref 563007,1497.9,Rent,,,,,indian
Flight ticket booking - INR 5100 - Ref 172366,74.97,Travel,,,,,indian
Restaurant dine-in bill - INR 26440 - Ref 271063,36.55,Miscellaneous,,,,,indian
Consumer durable EMI - INR 33681 - Ref 675699,2383.0,Rent,,,,,indian
Mobile EMI payment - INR 44264 - Ref 815631,3191.75,Rent,,,,,indian
MakeMyTrip travel booking - INR 17192 - Ref 741508,2995.44,Travel,,,,,indian
Credit Card Payment,349.28,Professional Fees,2019-08-05,credit,Platinum Card,2019-08,excel
Uber ride payment - INR 4220 - Ref 233386,2635.66,Travel,,,,,indian
Retail store shopping - INR 38347 - Ref 810695,248.3,Office Supplies,,,,,indian
eBay online order - INR 35510 - Ref 264404,390.63,Office Supplies,,,,,indian
Electronics purchase - INR 1814 - Ref 675704,217.42,Office Supplies,,,,,indian
MakeMyTrip travel booking - INR 16425 - Ref 293190,1048.39,Travel,,,,,indian
Metro card recharge - INR 27136 - Ref 481669,485.28,Travel,,,,,indian
Personal loan EMI - INR 21393 - Ref 455123,2436.98,Rent,,,,,indian
NPS contribution - INR 8217 - Ref 626220,1577.02,Professional Fees,,,,,indian
Metro card recharge - INR 25663 - Ref 755119,2458.66,Travel,,,,,indian
Dominos pizza order - INR 42040 - Ref 397562,668.73,Miscellaneous,,,,,indian
Pizza Place,24.98,Miscellaneous,2018-03-28,debit,Silver Card,2018-03,excel
Mutual fund SIP - INR 35630 - Ref 106465,244.58,Professional Fees,,,,,indian
Zomato food delivery - INR 4826 - Ref 402941,410.07,Miscellaneous,,,,,indian
Credit card EMI - INR 9053 - Ref 700668,4089.37,Rent,,,,,indian
Airport taxi fare - INR 23350 - Ref 455549,2562.71,Travel,,,,,indian
Grocery food items - INR 10751 - Ref 542869,768.58,Miscellaneous,,,,,indian
Ajio clothing purchase - INR 42517 - Ref 711742,269.02,Office Supplies,,,,,indian
Metro card recharge - INR 39190 - Ref 483651,986.61,Travel,,,,,indian
Appliance EMI - INR 16750 - Ref 139728,1294.84,Rent,,,,,indian
Zomato food delivery - INR 18298 - Ref 273562,570.18,Miscellaneous,,,,,indian
Uber ride payment - INR 47232 - Ref 955170,1234.81,Travel,,,,,indian
Lifestyle store purchase - INR 38409 - Ref 117826,454.44,Office Supplies,,,,,indian
McDonald's meal payment - INR 46854 - Ref 148239,511.79,Miscellaneous,,,,,indian
KFC online order - INR 7825 - Ref 364143,322.14,Miscellaneous,,,,,indian
Ola cab booking - INR 43493 - Ref 352446,1042.3,Travel,,,,,indian
IRCTC train ticket - INR 45799 - Ref 729880,425.96,Travel,,,,,indian
KFC online order - INR 39627 - Ref 745899,794.06,Miscellaneous,,,,,indian
IRCTC train ticket - INR 2389 - Ref 357367,1992.45,Travel,,,,,indian
Swiggy order payment - INR 46861 - Ref 243118,308.29,Miscellaneous,,,,,indian
Flight ticket booking - INR 655 - Ref 451528,1647.35,Travel,,,,,indian
Credit card EMI - INR 12898 - Ref 262638,2786.99,Rent,,,,,indian
Retail store shopping - INR 22127 - Ref 274608,166.58,Office Supplies,,,,,indian
Electronics purchase - INR 49806 - Ref 730256,377.46,Office Supplies,,,,,indian
Restaurant dine-in bill - INR 43484 - Ref 840065,948.5,Miscellaneous,,,,,indian
Retirement fund investment - INR 43555 - Ref 159094,647.4,Professional Fees,,,,,indian
Hotel stay booking - INR 2298 - Ref 626347,2648.5,Travel,,,,,indian
Credit Card Payment,61.43,Professional Fees,2018-07-20,credit,Silver Card,2018-07,excel
KFC online order - INR 10808 - Ref 410512,135.12,Miscellaneous,,,,,indian
Bus ticket purchase - INR 3599 - Ref 318221,1279.48,Travel,,,,,indian
Home loan EMI - INR 16174 - Ref 381469,3710.44,Rent,,,,,indian
Car loan EMI - INR 37980 - Ref 625320,1172.46,Rent,,,,,indian
Starbucks,9.58,Miscellaneous,2018-07-23,debit,Platinum Card,2018-07,excel
Laptop EMI payment - INR 33906 - Ref 624499,4338.6,Rent,,,,,indian
Laptop EMI payment - INR 33010 - Ref 777596,3726.85,Rent,,,,,indian
Home loan EMI - INR 26255 - Ref 775813,4354.15,Rent,,,,,indian
Brewing Company,15.0,Miscellaneous,2019-06-18,debit,Silver Card,2019-06,excel
PPF contribution - INR 19095 - Ref 500731,2899.94,Professional Fees,,,,,indian
Laptop EMI payment - INR 29832 - Ref 266323,1995.29,Rent,,,,,indian
Zomato food delivery - INR 47118 - Ref 457654,191.56,Miscellaneous,,,,,indian
Restaurant dine-in bill - INR 40743 - Ref 536682,334.79,Miscellaneous,,,,,indian
Metro card recharge - INR 36018 - Ref 825181,385.0,Travel,,,,,indian
Bakery purchase - INR 14367 - Ref 607881,196.81,Miscellaneous,,,,,indian
NPS contribution - INR 12526 - Ref 667775,1345.69,Professional Fees,,,,,indian
Hotel dinner bill - INR 30680 - Ref 973219,683.21,Miscellaneous,,,,,indian
Bike loan EMI - INR 3125 - Ref 483451,2867.82,Rent,,,,,indian
ETF purchase - INR 46156 - Ref 478837,3604.82,Professional Fees,,,,,indian
MakeMyTrip travel booking - INR 33769 - Ref 210406,725.69,Travel,,,,,indian
eBay online order - INR 46968 - Ref 971905,360.65,Office Supplies,,,,,indian
Flight ticket booking - INR 19791 - Ref 658462,1942.37,Travel,,,,,indian
Flipkart purchase - INR 8024 - Ref 571221,314.74,Office Supplies,,,,,indian
Dominos pizza order - INR 5639 - Ref 813887,642.79,Miscellaneous,,,,,indian
KFC online order - INR 11393 - Ref 120332,262.52,Miscellaneous,,,,,indian
Bus ticket purchase - INR 941 - Ref 487218,152.22,Travel,,,,,indian
Bus ticket purchase - INR 27403 - Ref 228977,2046.72,Travel,,,,,indian
Grocery food items - INR 22235 - Ref 500828,914.01,Miscellaneous,,,,,indian
Cafe coffee purchase - INR 30273 - Ref 814773,641.01,Miscellaneous,,,,,indian
Bakery purchase - INR 4810 - Ref 895869,173.79,Miscellaneous,,,,,indian
Metro card recharge - INR 10686 - Ref 376985,2615.6,Travel,,,,,indian
Supermarket shopping - INR 9543 - Ref 259714,320.16,Office Supplies,,,,,indian
IRCTC train ticket - INR 16051 - Ref 370859,2676.35,Travel,,,,,indian
NPS contribution - INR 23752 - Ref 417770,4910.79,Professional Fees,,,,,indian
ETF purchase - INR 15919 - Ref 119909,2255.88,Professional Fees,,,,,indian
Mutual fund SIP - INR 46327 - Ref 215086,1338.59,Professional Fees,,,,,indian
Uber ride payment - INR 7990 - Ref 974936,536.74,Travel,,,,,indian
Flight ticket booking - INR 6367 - Ref 915326,2609.12,Travel,,,,,indian
Hotel dinner bill - INR 16643 - Ref 613847,315.11,Miscellaneous,,,,,indian
Ajio clothing purchase - INR 47706 - Ref 160808,308.0,Office Supplies,,,,,indian
Ola cab booking - INR 18887 - Ref 855711,2527.21,Travel,,,,,indian
Ajio clothing purchase - INR 24417 - Ref 747062,252.98,Office Supplies,,,,,indian
IRCTC train ticket - INR 43190 - Ref 225271,215.54,Travel,,,,,indian
Education loan EMI - INR 35163 - Ref 182164,1283.5,Rent,,,,,indian
Grocery food items - INR 34096 - Ref 811879,726.64,Miscellaneous,,,,,indian
Ajio clothing purchase - INR 26256 - Ref 308168,362.57,Office Supplies,,,,,indian
MakeMyTrip travel booking - INR 22940 - Ref 915719,1639.92,Travel,,,,,indian
Retail store shopping - INR 49153 - Ref 818403,292.62,Office Supplies,,,,,indian
Myntra fashion order - INR 22510 - Ref 396415,430.95,Office Supplies,,,,,indian
Education loan EMI - INR 21899 - Ref 348368,3008.03,Rent,,,,,indian
Hardware Store,17.38,Office Supplies,2018-01-22,debit,Silver Card,2018-01,excel
Cafe coffee purchase - INR 26673 - Ref 240230,649.89,Miscellaneous,,,,,indian
Electronics purchase - INR 10072 - Ref 917089,387.6,Office Supplies,,,,,indian
Car loan EMI - INR 598 - Ref 416727,2060.8,Rent,,,,,indian
eBay online order - INR 32359 - Ref 596014,233.92,Office Supplies,,,,,indian
Home loan EMI - INR 22078 - Ref 513110,4794.77,Rent,,,,,indian
Chili's,24.74,Miscellaneous,2018-03-31,debit,Platinum Card,2018-03,excel
IRCTC train ticket - INR 14799 - Ref 595830,1010.04,Travel,,,,,indian
Stock market investment - INR 31193 - Ref 963733,2900.88,Professional Fees,,,,,indian
McDonald's meal payment - INR 26654 - Ref 712307,545.21,Miscellaneous,,,,,indian
Share trading debit - INR 25486 - Ref 990320,1968.12,Professional Fees,,,,,indian
Amazon online shopping - INR 7158 - Ref 514543,38.88,Office Supplies,,,,,indian
American Tavern,10.0,Miscellaneous,2018-02-15,debit,Platinum Card,2018-02,excel
Cafe coffee purchase - INR 20131 - Ref 263689,623.99,Miscellaneous,,,,,indian
Stock market investment - INR 29866 - Ref 752523,879.63,Professional Fees,,,,,indian
Restaurant dine-in bill - INR 28459 - Ref 299047,753.98,Miscellaneous,,,,,indian
Gold bond investment - INR 24118 - Ref 820688,4399.97,Professional Fees,,,,,indian
Swiggy order payment - INR 42236 - Ref 539378,357.47,Miscellaneous,,,,,indian
Hotel stay booking - INR 42844 - Ref 956649,141.43,Travel,,,,,indian
BP,30.55,Travel,2018-03-22,debit,Silver Card,2018-03,excel
Dominos pizza order - INR 12493 - Ref 627483,833.3,Miscellaneous,,,,,indian
IRCTC train ticket - INR 6012 - Ref 856004,2285.44,Travel,,,,,indian
Rapido bike ride - INR 49762 - Ref 978858,1057.0,Travel,,,,,indian
Lifestyle store purchase - INR 40534 - Ref 694015,382.03,Office Supplies,,,,,indian
Ajio clothing purchase - INR 5411 - Ref 575531,354.5,Office Supplies,,,,,indian
MakeMyTrip travel booking - INR 22665 - Ref 308357,969.15,Travel,,,,,indian
Mall shopping payment - INR 7131 - Ref 305504,86.01,Office Supplies,,,,,indian
Ola cab booking - INR 42629 - Ref 809502,464.81,Travel,,,,,indian
Fixed deposit investment - INR 33241 - Ref 206061,3150.79,Professional Fees,,,,,indian
Grocery food items - INR 32963 - Ref 142070,255.75,Miscellaneous,,,,,indian
Gold bond investment - INR 28306 - Ref 235677,4284.57,Professional Fees,,,,,indian
Credit card EMI - INR 22100 - Ref 158758,2286.11,Rent,,,,,indian
Grocery Store,33.55,Office Supplies,2018-10-18,debit,Platinum Card,2018-10,excel
IRCTC train ticket - INR 19425 - Ref 710915,2166.96,Travel,,,,,indian
Mobile EMI payment - INR 31480 - Ref 429340,2904.98,Rent,,,,,indian
Ola cab booking - INR 20765 - Ref 646971,2987.21,Travel,,,,,indian
Lifestyle store purchase - INR 18079 - Ref 985905,461.01,Office Supplies,,,,,indian
Mutual fund SIP - INR 40065 - Ref 261192,1560.58,Professional Fees,,,,,indian
Ajio clothing purchase - INR 16962 - Ref 863145,451.0,Office Supplies,,,,,indian
Thai Restaurant,24.22,Miscellaneous,2018-01-02,debit,Silver Card,2018-01,excel
Credit card EMI - INR 3597 - Ref 614480,3516.66,Rent,,,,,indian
Mall shopping payment - INR 6262 - Ref 213423,483.02,Office Supplies,,,,,indian
NPS contribution - INR 45494 - Ref 326124,4675.43,Professional Fees,,,,,indian
ETF purchase - INR 16635 - Ref 846766,1753.23,Professional Fees,,,,,indian
Mutual fund SIP - INR 16651 - Ref 243957,2339.72,Professional Fees,,,,,indian
Supermarket shopping - INR 16338 - Ref 381172,195.85,Office Supplies,,,,,indian
Mutual fund SIP - INR 47080 - Ref 392294,4363.37,Professional Fees,,,,,indian
IRCTC train ticket - INR 3622 - Ref 685962,1037.47,Travel,,,,,indian
Hardware Store,229.9,Office Supplies,2019-07-02,debit,Platinum Card,2019-07,excel
Metro card recharge - INR 38660 - Ref 288131,2142.53,Travel,,,,,indian
Supermarket shopping - INR 32023 - Ref 883393,259.72,Office Supplies,,,,,indian
Demat account transfer - INR 34678 - Ref 910854,1473.27,Professional Fees,,,,,indian
Fixed deposit investment - INR 45231 - Ref 153701,1638.99,Professional Fees,,,,,indian
Fixed deposit investment - INR 49974 - Ref 341827,1103.52,Professional Fees,,,,,indian
Restaurant dine-in bill - INR 18540 - Ref 753122,679.83,Miscellaneous,,,,,indian
Supermarket shopping - INR 26330 - Ref 376404,262.29,Office Supplies,,,,,indian
Myntra fashion order - INR 11358 - Ref 715257,297.41,Office Supplies,,,,,indian
Personal loan EMI - INR 37683 - Ref 508943,3864.77,Rent,,,,,indian
Bakery purchase - INR 11553 - Ref 662395,907.2,Miscellaneous,,,,,indian
ETF purchase - INR 9909 - Ref 831924,4599.1,Professional Fees,,,,,indian
ETF purchase - INR 34330 - Ref 307721,224.94,Professional Fees,,,,,indian
Retirement fund investment - INR 36258 - Ref 354243,3541.62,Professional Fees,,,,,indian
Retirement fund investment - INR 36621 - Ref 389732,3673.11,Professional Fees,,,,,indian
Myntra fashion order - INR 17172 - Ref 534557,443.7,Office Supplies,,,,,indian
Gold bond investment - INR 30941 - Ref 661248,3925.5,Professional Fees,,,,,indian
Bus ticket purchase - INR 19081 - Ref 539478,1485.57,Travel,,,,,indian
Restaurant dine-in bill - INR 32501 - Ref 947337,427.93,Miscellaneous,,,,,indian
Swiggy order payment - INR 16395 - Ref 555100,683.6,Miscellaneous,,,,,indian
Home loan EMI - INR 18065 - Ref 445616,1992.19,Rent,,,,,indian
Electronics purchase - INR 48427 - Ref 528714,77.55,Office Supplies,,,,,indian
Hotel dinner bill - INR 7300 - Ref 774994,469.47,Miscellaneous,,,,,indian
Laptop EMI payment - INR 18892 - Ref 800765,2374.18,Rent,,,,,indian
Ola cab booking - INR 35149 - Ref 595360,2708.35,Travel,,,,,indian
Mobile EMI payment - INR 33088 - Ref 954608,2902.0,Rent,,,,,indian
Hardware Store,30.99,Office Supplies,2019-05-25,debit,Platinum Card,2019-05,excel
Metro card recharge - INR 7010 - Ref 552050,1691.97,Travel,,,,,indian
Rapido bike ride - INR 19668 - Ref 804547,366.54,Travel,,,,,indian
eBay online order - INR 43100 - Ref 497330,365.38,Office Supplies,,,,,indian
Appliance EMI - INR 10011 - Ref 925321,1338.65,Rent,,,,,indian
Credit card EMI - INR 299 - Ref 116764,3446.02,Rent,,,,,indian
Airport taxi fare - INR 30246 - Ref 195565,816.12,Travel,,,,,indian
Zomato food delivery - INR 40354 - Ref 571732,126.05,Miscellaneous,,,,,indian
MakeMyTrip travel booking - INR 16430 - Ref 603203,2372.61,Travel,,,,,indian
Mediterranean Restaurant,36.48,Miscellaneous,2018-03-19,debit,Silver Card,2018-03,excel
Hotel dinner bill - INR 8823 - Ref 819117,612.73,Miscellaneous,,,,,indian
Flight ticket booking - INR 23762 - Ref 345796,479.43,Travel,,,,,indian
Personal loan EMI - INR 17843 - Ref 622527,3918.91,Rent,,,,,indian
Rapido bike ride - INR 15893 - Ref 236369,2435.99,Travel,,,,,indian
NPS contribution - INR 31274 - Ref 759582,4323.46,Professional Fees,,,,,indian
Dominos pizza order - INR 11074 - Ref 158549,788.69,Miscellaneous,,,,,indian
Mall shopping payment - INR 6925 - Ref 532788,366.87,Office Supplies,,,,,indian
Car loan EMI - INR 34324 - Ref 584942,2962.41,Rent,,,,,indian
Retirement fund investment - INR 47310 - Ref 526271,4267.97,Professional Fees,,,,,indian
Cafe coffee purchase - INR 7593 - Ref 684152,119.01,Miscellaneous,,,,,indian
Restaurant dine-in bill - INR 24659 - Ref 812408,530.27,Miscellaneous,,,,,indian
Share trading debit - INR 11487 - Ref 800483,2708.3,Professional Fees,,,,,indian
Laptop EMI payment - INR 47778 - Ref 358362,1795.83,Rent,,,,,indian
MakeMyTrip travel booking - INR 29077 - Ref 580902,1706.68,Travel,,,,,indian
Stock market investment - INR 46071 - Ref 929592,830.13,Professional Fees,,,,,indian
Uber ride payment - INR 30640 - Ref 233937,309.98,Travel,,,,,indian
Fixed deposit investment - INR 10799 - Ref 682495,2290.76,Professional Fees,,,,,indian
Fixed deposit investment - INR 41330 - Ref 622030,4283.22,Professional Fees,,,,,indian
Car loan EMI - INR 43699 - Ref 292414,3444.36,Rent,,,,,indian
Hotel dinner bill - INR 25873 - Ref 350919,166.93,Miscellaneous,,,,,indian
Hotel dinner bill - INR 3476 - Ref 573899,926.36,Miscellaneous,,,,,indian
Swiggy order payment - INR 34230 - Ref 346875,391.36,Miscellaneous,,,,,indian
Flight ticket booking - INR 11780 - Ref 754196,2608.03,Travel,,,,,indian
Amazon online shopping - INR 45492 - Ref 424455,142.65,Office Supplies,,,,,indian
Flipkart purchase - INR 14258 - Ref 254840,357.71,Office Supplies,,,,,indian
NPS contribution - INR 48106 - Ref 886697,4031.47,Professional Fees,,,,,indian
Fixed deposit investment - INR 7884 - Ref 835219,4025.17,Professional Fees,,,,,indian
Cafe coffee purchase - INR 19808 - Ref 336179,94.51,Miscellaneous,,,,,indian
Mall shopping payment - INR 49520 - Ref 459345,406.22,Office Supplies,,,,,indian
Ola cab booking - INR 16075 - Ref 382991,2598.0,Travel,,,,,indian
Gold bond investment - INR 7443 - Ref 505732,1225.77,Professional Fees,,,,,indian
Gold bond investment - INR 23370 - Ref 906094,2615.98,Professional Fees,,,,,indian
Ola cab booking - INR 31619 - Ref 444621,2268.0,Travel,,,,,indian
Bike loan EMI - INR 45104 - Ref 707756,4605.54,Rent,,,,,indian
PPF contribution - INR 36297 - Ref 709437,3576.99,Professional Fees,,,,,indian
Hotel dinner bill - INR 7224 - Ref 564958,334.25,Miscellaneous,,,,,indian
Education loan EMI - INR 1217 - Ref 851816,1552.33,Rent,,,,,indian
Zomato food delivery - INR 49262 - Ref 410017,202.89,Miscellaneous,,,,,indian
Home loan EMI - INR 22257 - Ref 985467,3542.74,Rent,,,,,indian
Lifestyle store purchase - INR 15417 - Ref 551440,288.45,Office Supplies,,,,,indian
Electronics purchase - INR 34645 - Ref 886720,431.35,Office Supplies,,,,,indian
Supermarket shopping - INR 15339 - Ref 665857,179.99,Office Supplies,,,,,indian
Consumer durable EMI - INR 1374 - Ref 959092,1906.87,Rent,,,,,indian
Mutual fund SIP - INR 31376 - Ref 268452,3525.61,Professional Fees,,,,,indian
Movie Theater,6.25,Software/Subscriptions,2018-05-29,debit,Silver Card,2018-05,excel
Grocery food items - INR 224 - Ref 881080,710.48,Miscellaneous,,,,,indian
McDonald's meal payment - INR 49437 - Ref 395602,796.58,Miscellaneous,,,,,indian
Ola cab booking - INR 43717 - Ref 660306,356.58,Travel,,,,,indian
Share trading debit - INR 28157 - Ref 606619,3902.87,Professional Fees,,,,,indian
Bakery purchase - INR 41510 - Ref 361675,545.96,Miscellaneous,,,,,indian
Demat account transfer - INR 877 - Ref 521537,815.43,Professional Fees,,,,,indian
Stock market investment - INR 42346 - Ref 117772,3126.23,Professional Fees,,,,,indian
NPS contribution - INR 14212 - Ref 699267,2527.61,Professional Fees,,,,,indian
Dominos pizza order - INR 30808 - Ref 258464,810.78,Miscellaneous,,,,,indian
Retirement fund investment - INR 36056 - Ref 275016,4062.6,Professional Fees,,,,,indian
Education loan EMI - INR 47897 - Ref 523321,2282.66,Rent,,,,,indian
Consumer durable EMI - INR 14961 - Ref 511261,3061.5,Rent,,,,,indian
Hotel stay booking - INR 11641 - Ref 575911,1726.72,Travel,,,,,indian
Bike loan EMI - INR 28389 - Ref 550402,3649.93,Rent,,,,,indian
Appliance EMI - INR 43030 - Ref 891846,3879.02,Rent,,,,,indian
Zomato food delivery - INR 25395 - Ref 325341,794.93,Miscellaneous,,,,,indian
Gold bond investment - INR 8744 - Ref 870185,936.73,Professional Fees,,,,,indian
Zomato food delivery - INR 655 - Ref 190632,798.59,Miscellaneous,,,,,indian
Appliance EMI - INR 18594 - Ref 443821,3788.33,Rent,,,,,indian
Demat account transfer - INR 32348 - Ref 590279,4745.4,Professional Fees,,,,,indian
Restaurant dine-in bill - INR 10009 - Ref 552944,549.74,Miscellaneous,,,,,indian
PPF contribution - INR 26665 - Ref 411308,3277.66,Professional Fees,,,,,indian
Mall shopping payment - INR 28130 - Ref 298368,461.45,Office Supplies,,,,,indian
IRCTC train ticket - INR 26160 - Ref 521903,96.11,Travel,,,,,indian
Bike loan EMI - INR 43095 - Ref 922483,3379.88,Rent,,,,,indian
Bakery purchase - INR 28084 - Ref 698535,711.38,Miscellaneous,,,,,indian
Hotel stay booking - INR 17665 - Ref 482685,975.57,Travel,,,,,indian
Flight ticket booking - INR 14858 - Ref 576377,2113.13,Travel,,,,,indian
Movie Theater,17.0,Software/Subscriptions,2018-11-27,debit,Silver Card,2018-11,excel
Demat account transfer - INR 40589 - Ref 132147,4825.25,Professional Fees,,,,,indian
NPS contribution - INR 5605 - Ref 636175,2086.09,Professional Fees,,,,,indian
Electronics purchase - INR 20385 - Ref 916246,390.24,Office Supplies,,,,,indian
Zomato food delivery - INR 1007 - Ref 231676,68.64,Miscellaneous,,,,,indian
Mall shopping payment - INR 6609 - Ref 106043,414.57,Office Supplies,,,,,indian
Flight ticket booking - INR 47231 - Ref 482626,434.47,Travel,,,,,indian
Share trading debit - INR 4273 - Ref 705307,4580.52,Professional Fees,,,,,indian
Bus ticket purchase - INR 42055 - Ref 329863,2869.04,Travel,,,,,indian
Flipkart purchase - INR 30376 - Ref 264390,119.33,Office Supplies,,,,,indian
IRCTC train ticket - INR 2597 - Ref 878198,705.01,Travel,,,,,indian
eBay online order - INR 17853 - Ref 345268,303.29,Office Supplies,,,,,indian
Amazon online shopping - INR 27323 - Ref 211537,77.43,Office Supplies,,,,,indian
Retirement fund investment - INR 27285 - Ref 319805,2721.11,Professional Fees,,,,,indian
Ajio clothing purchase - INR 14135 - Ref 737369,298.91,Office Supplies,,,,,indian
Hotel dinner bill - INR 41920 - Ref 840076,416.3,Miscellaneous,,,,,indian
NPS contribution - INR 27231 - Ref 116098,4066.06,Professional Fees,,,,,indian
Ola cab booking - INR 2628 - Ref 495039,1375.15,Travel,,,,,indian
Home loan EMI - INR 17434 - Ref 140669,3585.36,Rent,,,,,indian
Cafe coffee purchase - INR 26008 - Ref 749411,976.09,Miscellaneous,,,,,indian
Bakery purchase - INR 36498 - Ref 331365,386.48,Miscellaneous,,,,,indian
Flipkart purchase - INR 20452 - Ref 104587,484.98,Office Supplies,,,,,indian
Credit card EMI - INR 2489 - Ref 904687,2212.22,Rent,,,,,indian
Education loan EMI - INR 19255 - Ref 574368,4607.76,Rent,,,,,indian
NPS contribution - INR 20312 - Ref 544954,583.79,Professional Fees,,,,,indian
Hotel stay booking - INR 46742 - Ref 559566,2861.36,Travel,,,,,indian
Car loan EMI - INR 23198 - Ref 141259,1573.18,Rent,,,,,indian
MakeMyTrip travel booking - INR 30199 - Ref 204049,1506.06,Travel,,,,,indian
Ola cab booking - INR 36061 - Ref 425375,553.01,Travel,,,,,indian
Gold bond investment - INR 26659 - Ref 812929,3061.82,Professional Fees,,,,,indian
Mutual fund SIP - INR 31284 - Ref 863310,839.1,Professional Fees,,,,,indian
Demat account transfer - INR 24977 - Ref 520093,206.15,Professional Fees,,,,,indian
Dominos pizza order - INR 32107 - Ref 119814,378.62,Miscellaneous,,,,,indian
Share trading debit - INR 42511 - Ref 835043,4506.6,Professional Fees,,,,,indian
Gold bond investment - INR 27365 - Ref 543680,2941.01,Professional Fees,,,,,indian
Supermarket shopping - INR 34800 - Ref 736449,412.72,Office Supplies,,,,,indian
Ajio clothing purchase - INR 47941 - Ref 384056,232.34,Office Supplies,,,,,indian
Rapido bike ride - INR 14789 - Ref 476207,2269.71,Travel,,,,,indian
Retail store shopping - INR 21769 - Ref 459161,126.6,Office Supplies,,,,,indian
ETF purchase - INR 37259 - Ref 243047,1255.82,Professional Fees,,,,,indian
Appliance EMI - INR 42537 - Ref 118438,4628.65,Rent,,,,,indian
Amazon,109.83,Office Supplies,2018-09-02,debit,Platinum Card,2018-09,excel
Electronics purchase - INR 27575 - Ref 392878,195.64,Office Supplies,,,,,indian
Flight ticket booking - INR 20075 - Ref 341045,1676.83,Travel,,,,,indian
Amazon online shopping - INR 16036 - Ref 598668,247.8,Office Supplies,,,,,indian
Hardware Store,27.96,Office Supplies,2019-05-24,debit,Platinum Card,2019-05,excel
KFC online order - INR 14638 - Ref 293034,203.24,Miscellaneous,,,,,indian
KFC online order - INR 32981 - Ref 893771,883.79,Miscellaneous,,,,,indian
Restaurant dine-in bill - INR 37725 - Ref 712879,735.33,Miscellaneous,,,,,indian
Amazon online shopping - INR 49499 - Ref 530801,174.16,Office Supplies,,,,,indian
ETF purchase - INR 32102 - Ref 102109,2917.48,Professional Fees,,,,,indian
Stock market investment - INR 24520 - Ref 603102,977.6,Professional Fees,,,,,indian
Starbucks,2.75,Miscellaneous,2019-06-03,debit,Platinum Card,2019-06,excel
Personal loan EMI - INR 38997 - Ref 272306,1951.98,Rent,,,,,indian
Share trading debit - INR 5132 - Ref 243340,4161.21,Professional Fees,,,,,indian
PPF contribution - INR 33100 - Ref 110938,3366.31,Professional Fees,,,,,indian
Car loan EMI - INR 5516 - Ref 212335,3570.8,Rent,,,,,indian
Bakery purchase - INR 14065 - Ref 276444,737.71,Miscellaneous,,,,,indian
Lifestyle store purchase - INR 11914 - Ref 426777,475.14,Office Supplies,,,,,indian
Bike loan EMI - INR 796 - Ref 172684,4926.7,Rent,,,,,indian
Metro card recharge - INR 26979 - Ref 309056,2396.45,Travel,,,,,indian
Uber ride payment - INR 2945 - Ref 754957,154.21,Travel,,,,,indian
McDonald's meal payment - INR 14092 - Ref 102484,157.94,Miscellaneous,,,,,indian
Car loan EMI - INR 18509 - Ref 180610,3860.06,Rent,,,,,indian
KFC online order - INR 1540 - Ref 815655,101.02,Miscellaneous,,,,,indian
Gold bond investment - INR 1373 - Ref 169455,429.2,Professional Fees,,,,,indian
Grocery food items - INR 20095 - Ref 329405,856.75,Miscellaneous,,,,,indian
Grocery food items - INR 28346 - Ref 120360,450.19,Miscellaneous,,,,,indian
Home loan EMI - INR 2338 - Ref 361798,2645.01,Rent,,,,,indian
Retirement fund investment - INR 14209 - Ref 720241,1458.49,Professional Fees,,,,,indian
Bus ticket purchase - INR 25127 - Ref 280072,2983.28,Travel,,,,,indian
Gold bond investment - INR 30619 - Ref 852658,1504.23,Professional Fees,,,,,indian
Ola cab booking - INR 13981 - Ref 203101,2071.97,Travel,,,,,indian
Laptop EMI payment - INR 23802 - Ref 500200,3378.08,Rent,,,,,indian
Supermarket shopping - INR 5084 - Ref 276157,195.84,Office Supplies,,,,,indian
Cafe coffee purchase - INR 15609 - Ref 618466,946.51,Miscellaneous,,,,,indian
Grocery Store,67.63,Office Supplies,2018-05-14,debit,Silver Card,2018-05,excel
eBay online order - INR 11707 - Ref 777141,414.72,Office Supplies,,,,,indian
Consumer durable EMI - INR 46554 - Ref 957295,1717.38,Rent,,,,,indian
Myntra fashion order - INR 14614 - Ref 513969,452.08,Office Supplies,,,,,indian
American Tavern,63.0,Miscellaneous,2018-12-17,debit,Silver Card,2018-12,excel
Lifestyle store purchase - INR 10232 - Ref 594416,416.96,Office Supplies,,,,,indian
Dominos pizza order - INR 31686 - Ref 189820,889.18,Miscellaneous,,,,,indian
ETF purchase - INR 8081 - Ref 864538,643.91,Professional Fees,,,,,indian
Stock market investment - INR 16393 - Ref 310106,1158.8,Professional Fees,,,,,indian
Ola cab booking - INR 40258 - Ref 902844,2037.33,Travel,,,,,indian
Education loan EMI - INR 32324 - Ref 771910,1105.05,Rent,,,,,indian
Hotel dinner bill - INR 30483 - Ref 133002,612.98,Miscellaneous,,,,,indian
Bakery purchase - INR 14430 - Ref 770997,103.28,Miscellaneous,,,,,indian
Cafe coffee purchase - INR 15720 - Ref 717646,518.58,Miscellaneous,,,,,indian
Education loan EMI - INR 5809 - Ref 967478,3785.42,Rent,,,,,indian
Retirement fund investment - INR 5811 - Ref 662897,367.04,Professional Fees,,,,,indian
Restaurant dine-in bill - INR 26875 - Ref 281029,461.06,Miscellaneous,,,,,indian
American Tavern,27.0,Miscellaneous,2018-10-06,debit,Silver Card,2018-10,excel
Ola cab booking - INR 34523 - Ref 991208,2361.25,Travel,,,,,indian
Electronics purchase - INR 14124 - Ref 756579,261.87,Office Supplies,,,,,indian
Uber ride payment - INR 34671 - Ref 249047,2365.58,Travel,,,,,indian
Rapido bike ride - INR 27366 - Ref 678806,2395.3,Travel,,,,,indian
Credit card EMI - INR 8910 - Ref 988249,3487.23,Rent,,,,,indian
Credit card EMI - INR 23757 - Ref 670905,2193.77,Rent,,,,,indian
Bakery purchase - INR 22057 - Ref 323270,521.19,Miscellaneous,,,,,indian
ETF purchase - INR 3614 - Ref 157997,4817.97,Professional Fees,,,,,indian
Grocery food items - INR 7734 - Ref 586322,35.33,Miscellaneous,,,,,indian
Zomato food delivery - INR 15260 - Ref 991890,214.86,Miscellaneous,,,,,indian
Ola cab booking - INR 13402 - Ref 118774,2328.82,Travel,,,,,indian
Myntra fashion order - INR 31487 - Ref 852636,464.5,Office Supplies,,,,,indian
Mutual fund SIP - INR 6158 - Ref 342253,4606.49,Professional Fees,,,,,indian
Stock market investment - INR 17585 - Ref 253026,2733.03,Professional Fees,,,,,indian
Demat account transfer - INR 12425 - Ref 886422,4659.6,Professional Fees,,,,,indian
Flight ticket booking - INR 12038 - Ref 526426,2927.89,Travel,,,,,indian
Grocery food items - INR 27235 - Ref 603805,466.24,Miscellaneous,,,,,indian
Hardware Store,45.24,Office Supplies,2018-10-18,debit,Platinum Card,2018-10,excel
Personal loan EMI - INR 13233 - Ref 268730,4204.59,Rent,,,,,indian
Mutual fund SIP - INR 48751 - Ref 951124,2663.54,Professional Fees,,,,,indian
Laptop EMI payment - INR 32923 - Ref 807878,3881.02,Rent,,,,,indian
Dominos pizza order - INR 43618 - Ref 373039,472.45,Miscellaneous,,,,,indian
ETF purchase - INR 37599 - Ref 718610,4106.33,Professional Fees,,,,,indian
Electronics purchase - INR 24425 - Ref 540512,206.14,Office Supplies,,,,,indian
Bike loan EMI - INR 35465 - Ref 342575,3972.56,Rent,,,,,indian
Credit Card Payment,292.54,Professional Fees,2019-02-20,credit,Silver Card,2019-02,excel
PPF contribution - INR 40208 - Ref 518185,4723.84,Professional Fees,,,,,indian
NPS contribution - INR 47132 - Ref 197331,1791.44,Professional Fees,,,,,indian
Credit card EMI - INR 35789 - Ref 448571,2193.42,Rent,,,,,indian
Myntra fashion order - INR 43155 - Ref 569141,207.97,Office Supplies,,,,,indian
Ajio clothing purchase - INR 30590 - Ref 636902,94.6,Office Supplies,,,,,indian
Grocery food items - INR 43748 - Ref 938883,144.35,Miscellaneous,,,,,indian
Electronics purchase - INR 5068 - Ref 245655,449.18,Office Supplies,,,,,indian
KFC online order - INR 31161 - Ref 708444,325.87,Miscellaneous,,,,,indian
Lifestyle store purchase - INR 43957 - Ref 386825,499.66,Office Supplies,,,,,indian
Gold bond investment - INR 33379 - Ref 669490,1534.05,Professional Fees,,,,,indian
Demat account transfer - INR 3847 - Ref 411010,3936.98,Professional Fees,,,,,indian
Ola cab booking - INR 2122 - Ref 215830,2224.5,Travel,,,,,indian
American Tavern,42.31,Miscellaneous,2018-08-24,debit,Platinum Card,2018-08,excel
Dominos pizza order - INR 25739 - Ref 657477,815.29,Miscellaneous,,,,,indian
Mall shopping payment - INR 16541 - Ref 951185,465.28,Office Supplies,,,,,indian
Mobile EMI payment - INR 15253 - Ref 578685,4114.92,Rent,,,,,indian
Appliance EMI - INR 27712 - Ref 376124,2040.03,Rent,,,,,indian
Myntra fashion order - INR 26488 - Ref 985436,117.0,Office Supplies,,,,,indian
Laptop EMI payment - INR 25194 - Ref 388574,2540.78,Rent,,,,,indian
Laptop EMI payment - INR 35530 - Ref 678226,4517.33,Rent,,,,,indian
Bakery purchase - INR 43898 - Ref 805985,704.18,Miscellaneous,,,,,indian
Supermarket shopping - INR 33095 - Ref 541846,488.04,Office Supplies,,,,,indian
Stock market investment - INR 8746 - Ref 692731,3301.05,Professional Fees,,,,,indian
Electronics purchase - INR 14942 - Ref 208646,316.94,Office Supplies,,,,,indian
Myntra fashion order - INR 43341 - Ref 159132,147.3,Office Supplies,,,,,indian
Mobile EMI payment - INR 45059 - Ref 889610,2254.71,Rent,,,,,indian
Stock market investment - INR 49916 - Ref 904198,3948.5,Professional Fees,,,,,indian
IRCTC train ticket - INR 11225 - Ref 788201,2046.32,Travel,,,,,indian
Gold bond investment - INR 6313 - Ref 428570,376.26,Professional Fees,,,,,indian
Personal loan EMI - INR 12776 - Ref 691457,3942.67,Rent,,,,,indian
MakeMyTrip travel booking - INR 16288 - Ref 604613,906.84,Travel,,,,,indian
Supermarket shopping - INR 23570 - Ref 948729,197.85,Office Supplies,,,,,indian
KFC online order - INR 27481 - Ref 373976,238.46,Miscellaneous,,,,,indian
NPS contribution - INR 33332 - Ref 249669,4845.13,Professional Fees,,,,,indian
Uber ride payment - INR 4443 - Ref 997122,2101.4,Travel,,,,,indian
Demat account transfer - INR 23688 - Ref 317294,4118.98,Professional Fees,,,,,indian
Laptop EMI payment - INR 39147 - Ref 842005,3220.35,Rent,,,,,indian
Laptop EMI payment - INR 16737 - Ref 519579,3586.24,Rent,,,,,indian
Mall shopping payment - INR 10304 - Ref 437167,158.72,Office Supplies,,,,,indian
Electronics purchase - INR 44389 - Ref 788156,474.62,Office Supplies,,,,,indian
Zomato food delivery - INR 47276 - Ref 274469,135.3,Miscellaneous,,,,,indian
Home loan EMI - INR 18524 - Ref 643604,3525.09,Rent,,,,,indian
MakeMyTrip travel booking - INR 9930 - Ref 191424,1509.92,Travel,,,,,indian
Restaurant dine-in bill - INR 28301 - Ref 327759,48.0,Miscellaneous,,,,,indian
KFC online order - INR 21889 - Ref 637317,795.83,Miscellaneous,,,,,indian
Zomato food delivery - INR 13368 - Ref 627197,511.8,Miscellaneous,,,,,indian
Bus ticket purchase - INR 35392 - Ref 872639,204.85,Travel,,,,,indian
Share trading debit - INR 4724 - Ref 884429,2112.33,Professional Fees,,,,,indian
Zomato food delivery - INR 27957 - Ref 389256,537.72,Miscellaneous,,,,,indian
Grocery Store,65.09,Office Supplies,2019-09-09,debit,Silver Card,2019-09,excel
KFC online order - INR 43419 - Ref 534322,788.11,Miscellaneous,,,,,indian
Credit card EMI - INR 40625 - Ref 657815,4952.97,Rent,,,,,indian
Shell,38.52,Travel,2018-06-19,debit,Platinum Card,2018-06,excel
MakeMyTrip travel booking - INR 23863 - Ref 809176,341.32,Travel,,,,,indian
Metro card recharge - INR 10600 - Ref 496380,2007.1,Travel,,,,,indian
Mall shopping payment - INR 15142 - Ref 143253,231.82,Office Supplies,,,,,indian
Retail store shopping - INR 33960 - Ref 504734,304.61,Office Supplies,,,,,indian
Metro card recharge - INR 45237 - Ref 621117,1514.17,Travel,,,,,indian
Laptop EMI payment - INR 12709 - Ref 323750,4565.33,Rent,,,,,indian
Personal loan EMI - INR 8513 - Ref 773639,3851.59,Rent,,,,,indian
Supermarket shopping - INR 43303 - Ref 260688,276.07,Office Supplies,,,,,indian
Lifestyle store purchase - INR 22233 - Ref 547207,74.07,Office Supplies,,,,,indian
Supermarket shopping - INR 17025 - Ref 206286,403.95,Office Supplies,,,,,indian
Demat account transfer - INR 25388 - Ref 154455,3450.54,Professional Fees,,,,,indian
Appliance EMI - INR 30677 - Ref 701510,1079.34,Rent,,,,,indian
MakeMyTrip travel booking - INR 15900 - Ref 658600,51.2,Travel,,,,,indian
Bike loan EMI - INR 11506 - Ref 215045,3803.53,Rent,,,,,indian
Hardware Store,86.97,Office Supplies,2019-02-04,debit,Silver Card,2019-02,excel
Myntra fashion order - INR 24154 - Ref 552665,276.67,Office Supplies,,,,,indian
Hotel dinner bill - INR 33700 - Ref 538467,227.43,Miscellaneous,,,,,indian
Ola cab booking - INR 20618 - Ref 738837,1967.14,Travel,,,,,indian
Bike loan EMI - INR 40601 - Ref 501810,3711.06,Rent,,,,,indian
KFC online order - INR 47573 - Ref 723373,510.46,Miscellaneous,,,,,indian
Flipkart purchase - INR 17796 - Ref 458001,197.33,Office Supplies,,,,,indian
Electronics purchase - INR 15079 - Ref 755949,482.82,Office Supplies,,,,,indian
Ajio clothing purchase - INR 17048 - Ref 282182,82.36,Office Supplies,,,,,indian
eBay online order - INR 24036 - Ref 120859,340.74,Office Supplies,,,,,indian
Bakery purchase - INR 182 - Ref 803279,406.44,Miscellaneous,,,,,indian
Metro card recharge - INR 32929 - Ref 699528,322.77,Travel,,,,,indian
Lifestyle store purchase - INR 6318 - Ref 543652,327.88,Office Supplies,,,,,indian
Fixed deposit investment - INR 21392 - Ref 492993,4838.07,Professional Fees,,,,,indian
Hotel dinner bill - INR 40320 - Ref 782564,752.57,Miscellaneous,,,,,indian
Restaurant dine-in bill - INR 14610 - Ref 637366,705.48,Miscellaneous,,,,,indian
Demat account transfer - INR 38960 - Ref 654334,646.9,Professional Fees,,,,,indian
Rapido bike ride - INR 46327 - Ref 308457,1489.17,Travel,,,,,indian
Myntra fashion order - INR 23666 - Ref 687691,439.34,Office Supplies,,,,,indian
Car loan EMI - INR 17432 - Ref 185958,3155.07,Rent,,,,,indian
eBay online order - INR 39974 - Ref 574591,366.58,Office Supplies,,,,,indian
eBay online order - INR 1621 - Ref 539821,105.03,Office Supplies,,,,,indian
PPF contribution - INR 37196 - Ref 769301,3044.09,Professional Fees,,,,,indian
IRCTC train ticket - INR 11606 - Ref 409691,1338.37,Travel,,,,,indian
Demat account transfer - INR 32459 - Ref 805736,3712.57,Professional Fees,,,,,indian
Ola cab booking - INR 8149 - Ref 639120,1374.09,Travel,,,,,indian
Mutual fund SIP - INR 40989 - Ref 763534,4181.14,Professional Fees,,,,,indian
Rapido bike ride - INR 6861 - Ref 141742,602.81,Travel,,,,,indian
Airport taxi fare - INR 23066 - Ref 395071,605.27,Travel,,,,,indian
Share trading debit - INR 31568 - Ref 163750,2081.97,Professional Fees,,,,,indian
Hotel dinner bill - INR 32695 - Ref 827797,229.09,Miscellaneous,,,,,indian
Retirement fund investment - INR 19556 - Ref 273267,550.27,Professional Fees,,,,,indian
Amazon online shopping - INR 25575 - Ref 749141,87.18,Office Supplies,,,,,indian
Amazon,47.38,Office Supplies,2018-09-20,debit,Platinum Card,2018-09,excel
NPS contribution - INR 41004 - Ref 243206,1874.26,Professional Fees,,,,,indian
Dominos pizza order - INR 1678 - Ref 233928,872.49,Miscellaneous,,,,,indian
Electronics purchase - INR 28879 - Ref 182752,231.48,Office Supplies,,,,,indian
Gold bond investment - INR 31740 - Ref 221196,3616.7,Professional Fees,,,,,indian
McDonald's meal payment - INR 26317 - Ref 196908,589.92,Miscellaneous,,,,,indian
Rapido bike ride - INR 12272 - Ref 291655,482.84,Travel,,,,,indian
Lifestyle store purchase - INR 16870 - Ref 465846,77.56,Office Supplies,,,,,indian
Stock market investment - INR 9100 - Ref 487842,3850.89,Professional Fees,,,,,indian
Lifestyle store purchase - INR 20484 - Ref 504272,65.36,Office Supplies,,,,,indian
Education loan EMI - INR 18446 - Ref 394356,4884.31,Rent,,,,,indian
Airport taxi fare - INR 19111 - Ref 524939,1615.14,Travel,,,,,indian
Electronics purchase - INR 27643 - Ref 495890,190.55,Office Supplies,,,,,indian
Gold bond investment - INR 48465 - Ref 271658,1687.55,Professional Fees,,,,,indian
Amazon online shopping - INR 32499 - Ref 980860,496.92,Office Supplies,,,,,indian
Consumer durable EMI - INR 27868 - Ref 349343,2524.28,Rent,,,,,indian
Demat account transfer - INR 30724 - Ref 421914,4650.67,Professional Fees,,,,,indian
Grocery Store,11.64,Office Supplies,2018-08-31,debit,Platinum Card,2018-08,excel
Consumer durable EMI - INR 10753 - Ref 987999,3921.98,Rent,,,,,indian
Fixed deposit investment - INR 21457 - Ref 116713,4953.12,Professional Fees,,,,,indian
Metro card recharge - INR 27144 - Ref 730137,104.93,Travel,,,,,indian
Mobile EMI payment - INR 40089 - Ref 192021,3817.41,Rent,,,,,indian
Rapido bike ride - INR 8307 - Ref 552766,2432.35,Travel,,,,,indian
Zomato food delivery - INR 13872 - Ref 634910,65.22,Miscellaneous,,,,,indian
Mutual fund SIP - INR 31184 - Ref 330334,2447.72,Professional Fees,,,,,indian
Credit Card Payment,309.81,Professional Fees,2018-01-22,credit,Silver Card,2018-01,excel
Restaurant dine-in bill - INR 23353 - Ref 909275,862.32,Miscellaneous,,,,,indian
Mobile EMI payment - INR 4425 - Ref 118061,2197.52,Rent,,,,,indian
Share trading debit - INR 30798 - Ref 838106,4938.51,Professional Fees,,,,,indian
Personal loan EMI - INR 27375 - Ref 439807,2140.26,Rent,,,,,indian
Demat account transfer - INR 36884 - Ref 705618,2077.44,Professional Fees,,,,,indian
Gold bond investment - INR 19015 - Ref 951463,2413.96,Professional Fees,,,,,indian
Retirement fund investment - INR 44609 - Ref 115583,3178.7,Professional Fees,,,,,indian
ETF purchase - INR 2790 - Ref 631048,403.3,Professional Fees,,,,,indian
Restaurant dine-in bill - INR 6299 - Ref 140813,833.76,Miscellaneous,,,,,indian
Gold bond investment - INR 9700 - Ref 938423,1692.69,Professional Fees,,,,,indian
Bus ticket purchase - INR 30186 - Ref 149756,1923.42,Travel,,,,,indian
Laptop EMI payment - INR 42975 - Ref 927038,3409.81,Rent,,,,,indian
Credit Card Payment,262.51,Professional Fees,2018-11-02,credit,Platinum Card,2018-11,excel
McDonald's meal payment - INR 47066 - Ref 271662,426.88,Miscellaneous,,,,,indian
McDonald's meal payment - INR 4572 - Ref 602525,620.52,Miscellaneous,,,,,indian
Bike loan EMI - INR 8339 - Ref 872527,2830.72,Rent,,,,,indian
Laptop EMI payment - INR 8730 - Ref 823653,2459.33,Rent,,,,,indian
Mutual fund SIP - INR 8157 - Ref 826477,3319.45,Professional Fees,,,,,indian
Metro card recharge - INR 22252 - Ref 353966,1168.18,Travel,,,,,indian
Dominos pizza order - INR 11402 - Ref 210720,123.4,Miscellaneous,,,,,indian
Mall shopping payment - INR 14180 - Ref 126431,428.96,Office Supplies,,,,,indian
Supermarket shopping - INR 32441 - Ref 103127,226.23,Office Supplies,,,,,indian
McDonald's meal payment - INR 35737 - Ref 670098,527.26,Miscellaneous,,,,,indian
Mobile EMI payment - INR 10568 - Ref 396673,2948.76,Rent,,,,,indian
MakeMyTrip travel booking - INR 9330 - Ref 637598,662.97,Travel,,,,,indian
Grocery food items - INR 8324 - Ref 170737,130.95,Miscellaneous,,,,,indian
Bus ticket purchase - INR 18846 - Ref 110703,1240.01,Travel,,,,,indian
Metro card recharge - INR 30160 - Ref 482491,259.43,Travel,,,,,indian
Mall shopping payment - INR 14050 - Ref 847801,331.63,Office Supplies,,,,,indian
Ola cab booking - INR 46731 - Ref 301470,1395.74,Travel,,,,,indian
Supermarket shopping - INR 34081 - Ref 716064,190.4,Office Supplies,,,,,indian
Home loan EMI - INR 42648 - Ref 886347,3869.43,Rent,,,,,indian
Mutual fund SIP - INR 29037 - Ref 584748,317.24,Professional Fees,,,,,indian
Home loan EMI - INR 45823 - Ref 232905,3776.0,Rent,,,,,indian
Lifestyle store purchase - INR 40194 - Ref 405632,121.47,Office Supplies,,,,,indian
NPS contribution - INR 26794 - Ref 902722,827.15,Professional Fees,,,,,indian
Mobile EMI payment - INR 20317 - Ref 659480,4295.42,Rent,,,,,indian
eBay online order - INR 13854 - Ref 700641,183.85,Office Supplies,,,,,indian
Amazon,16.94,Office Supplies,2019-05-06,debit,Platinum Card,2019-05,excel
Rapido bike ride - INR 17499 - Ref 628986,948.84,Travel,,,,,indian
McDonald's meal payment - INR 8054 - Ref 940587,939.74,Miscellaneous,,,,,indian
Mall shopping payment - INR 41027 - Ref 127755,280.27,Office Supplies,,,,,indian
PPF contribution - INR 1587 - Ref 279527,1925.74,Professional Fees,,,,,indian
Retail store shopping - INR 48322 - Ref 627401,63.84,Office Supplies,,,,,indian
Education loan EMI - INR 47281 - Ref 570822,3237.18,Rent,,,,,indian
Restaurant dine-in bill - INR 24715 - Ref 906376,585.12,Miscellaneous,,,,,indian
Mall shopping payment - INR 4569 - Ref 494182,175.35,Office Supplies,,,,,indian
Mobile EMI payment - INR 49398 - Ref 556524,3147.62,Rent,,,,,indian
eBay online order - INR 34424 - Ref 385887,390.85,Office Supplies,,,,,indian
Mall shopping payment - INR 38203 - Ref 245081,94.41,Office Supplies,,,,,indian
Thai Restaurant,27.0,Miscellaneous,2018-12-13,debit,Silver Card,2018-12,excel
Demat account transfer - INR 30721 - Ref 698109,2925.54,Professional Fees,,,,,indian
ETF purchase - INR 5886 - Ref 534239,1787.8,Professional Fees,,,,,indian
Credit card EMI - INR 36745 - Ref 445254,3457.92,Rent,,,,,indian
Myntra fashion order - INR 30923 - Ref 381263,453.63,Office Supplies,,,,,indian
Share trading debit - INR 14399 - Ref 981669,4925.09,Professional Fees,,,,,indian
Zomato food delivery - INR 5566 - Ref 301523,661.61,Miscellaneous,,,,,indian
KFC online order - INR 29772 - Ref 194371,793.5,Miscellaneous,,,,,indian
Car loan EMI - INR 25161 - Ref 942374,3762.17,Rent,,,,,indian
Dominos pizza order - INR 4554 - Ref 696900,426.22,Miscellaneous,,,,,indian
Stock market investment - INR 4441 - Ref 620410,4728.0,Professional Fees,,,,,indian
eBay online order - INR 1054 - Ref 428364,398.76,Office Supplies,,,,,indian
Education loan EMI - INR 8429 - Ref 639979,2637.84,Rent,,,,,indian
Steakhouse,17.64,Miscellaneous,2018-03-29,debit,Silver Card,2018-03,excel
Credit Card Payment,458.56,Professional Fees,2019-06-07,debit,Checking,2019-06,excel
Education loan EMI - INR 6973 - Ref 692134,3829.23,Rent,,,,,indian
NPS contribution - INR 22441 - Ref 724602,3574.34,Professional Fees,,,,,indian
Supermarket shopping - INR 3125 - Ref 547608,176.47,Office Supplies,,,,,indian
Home loan EMI - INR 26017 - Ref 486709,1090.99,Rent,,,,,indian
Laptop EMI payment - INR 26262 - Ref 165717,3144.91,Rent,,,,,indian
Grocery Store,20.72,Office Supplies,2018-03-09,debit,Platinum Card,2018-03,excel
Bakery purchase - INR 20458 - Ref 189452,824.65,Miscellaneous,,,,,indian
Retirement fund investment - INR 32633 - Ref 710771,1850.65,Professional Fees,,,,,indian
McDonald's meal payment - INR 31932 - Ref 849743,724.04,Miscellaneous,,,,,indian
Personal loan EMI - INR 14536 - Ref 827724,2738.91,Rent,,,,,indian
Mall shopping payment - INR 6972 - Ref 270058,233.55,Office Supplies,,,,,indian
Cafe coffee purchase - INR 45540 - Ref 157835,670.26,Miscellaneous,,,,,indian
Supermarket shopping - INR 11452 - Ref 689621,160.29,Office Supplies,,,,,indian
Lifestyle store purchase - INR 11351 - Ref 478088,428.9,Office Supplies,,,,,indian
McDonald's meal payment - INR 26428 - Ref 908013,316.15,Miscellaneous,,,,,indian
KFC online order - INR 33212 - Ref 470819,322.1,Miscellaneous,,,,,indian
Personal loan EMI - INR 25737 - Ref 896203,3755.4,Rent,,,,,indian
Lifestyle store purchase - INR 39558 - Ref 790752,479.19,Office Supplies,,,,,indian
Home loan EMI - INR 48971 - Ref 602903,4019.86,Rent,,,,,indian
Flipkart purchase - INR 46490 - Ref 770136,315.52,Office Supplies,,,,,indian
Uber ride payment - INR 20036 - Ref 866028,2103.7,Travel,,,,,indian
Shell,30.38,Travel,2018-12-20,debit,Silver Card,2018-12,excel
McDonald's meal payment - INR 33045 - Ref 471486,317.76,Miscellaneous,,,,,indian
Consumer durable EMI - INR 5727 - Ref 677082,1485.7,Rent,,,,,indian
Hardware Store,26.25,Office Supplies,2019-09-09,debit,Silver Card,2019-09,excel
ETF purchase - INR 4443 - Ref 699766,973.42,Professional Fees,,,,,indian
Dominos pizza order - INR 19567 - Ref 164742,890.21,Miscellaneous,,,,,indian
Bike loan EMI - INR 33317 - Ref 266679,2443.85,Rent,,,,,indian
eBay online order - INR 44871 - Ref 531953,76.75,Office Supplies,,,,,indian
Retail store shopping - INR 12230 - Ref 774086,272.7,Office Supplies,,,,,indian
Bus ticket purchase - INR 40194 - Ref 608623,1106.35,Travel,,,,,indian
Ola cab booking - INR 22039 - Ref 131344,1656.35,Travel,,,,,indian
Retail store shopping - INR 31042 - Ref 167537,85.84,Office Supplies,,,,,indian
Swiggy order payment - INR 741 - Ref 507855,119.72,Miscellaneous,,,,,indian
Myntra fashion order - INR 1026 - Ref 669258,284.05,Office Supplies,,,,,indian
Restaurant dine-in bill - INR 25923 - Ref 874056,704.29,Miscellaneous,,,,,indian
Retirement fund investment - INR 48757 - Ref 489506,1734.47,Professional Fees,,,,,indian
Restaurant dine-in bill - INR 34652 - Ref 344630,738.07,Miscellaneous,,,,,indian
Credit Card Payment,207.08,Professional Fees,2018-05-19,credit,Platinum Card,2018-05,excel
IRCTC train ticket - INR 40209 - Ref 236843,715.78,Travel,,,,,indian
Movie Theater,9.62,Miscellaneous,2018-05-28,debit,Silver Card,2018-05,excel
Education loan EMI - INR 48423 - Ref 364561,1522.86,Rent,,,,,indian
Consumer durable EMI - INR 37096 - Ref 790093,3833.47,Rent,,,,,indian
Appliance EMI - INR 49269 - Ref 514749,3313.25,Rent,,,,,indian
Airport taxi fare - INR 10756 - Ref 879493,1811.06,Travel,,,,,indian
Retail store shopping - INR 37246 - Ref 661795,178.52,Office Supplies,,,,,indian
eBay online order - INR 29054 - Ref 574484,45.5,Office Supplies,,,,,indian
McDonald's meal payment - INR 25955 - Ref 972905,315.73,Miscellaneous,,,,,indian
Zomato food delivery - INR 46410 - Ref 196606,68.06,Miscellaneous,,,,,indian
Gold bond investment - INR 11186 - Ref 843793,1999.8,Professional Fees,,,,,indian
Swiggy order payment - INR 6856 - Ref 852732,961.57,Miscellaneous,,,,,indian
IRCTC train ticket - INR 45212 - Ref 836841,2177.95,Travel,,,,,indian
Uber ride payment - INR 25442 - Ref 515917,2185.01,Travel,,,,,indian
eBay online order - INR 1428 - Ref 430720,138.68,Office Supplies,,,,,indian
ETF purchase - INR 16458 - Ref 422000,293.04,Professional Fees,,,,,indian
Education loan EMI - INR 4084 - Ref 417704,1461.62,Rent,,,,,indian
Retail store shopping - INR 15779 - Ref 784539,437.07,Office Supplies,,,,,indian
Retirement fund investment - INR 23655 - Ref 279368,4304.02,Professional Fees,,,,,indian
Mall shopping payment - INR 49570 - Ref 403662,297.99,Office Supplies,,,,,indian
Credit Card Payment,128.12,Professional Fees,2018-09-28,credit,Silver Card,2018-09,excel
Demat account transfer - INR 4044 - Ref 399268,222.62,Professional Fees,,,,,indian
Hardware Store,29.56,Office Supplies,2019-04-23,debit,Silver Card,2019-04,excel
Bus ticket purchase - INR 16907 - Ref 851833,1894.43,Travel,,,,,indian
Supermarket shopping - INR 48406 - Ref 347319,61.61,Office Supplies,,,,,indian
Airport taxi fare - INR 4629 - Ref 637600,2610.94,Travel,,,,,indian
Fixed deposit investment - INR 11091 - Ref 850342,890.49,Professional Fees,,,,,indian
PPF contribution - INR 14893 - Ref 643629,426.16,Professional Fees,,,,,indian
Grocery food items - INR 49551 - Ref 270485,157.03,Miscellaneous,,,,,indian
Ajio clothing purchase - INR 25932 - Ref 821967,144.23,Office Supplies,,,,,indian
Fixed deposit investment - INR 18217 - Ref 696317,2803.69,Professional Fees,,,,,indian
Consumer durable EMI - INR 28561 - Ref 894192,4803.96,Rent,,,,,indian
ETF purchase - INR 26795 - Ref 712031,4821.31,Professional Fees,,,,,indian
Gold bond investment - INR 829 - Ref 999085,4015.26,Professional Fees,,,,,indian
Mutual fund SIP - INR 7918 - Ref 632307,2381.41,Professional Fees,,,,,indian
Flipkart purchase - INR 14251 - Ref 628175,480.06,Office Supplies,,,,,indian
Supermarket shopping - INR 47248 - Ref 171998,140.82,Office Supplies,,,,,indian
Flight ticket booking - INR 19929 - Ref 631171,443.87,Travel,,,,,indian
Demat account transfer - INR 42251 - Ref 719424,3752.43,Professional Fees,,,,,indian
ETF purchase - INR 27534 - Ref 477165,2340.67,Professional Fees,,,,,indian
Flight ticket booking - INR 26380 - Ref 549216,2705.35,Travel,,,,,indian
Bus ticket purchase - INR 628 - Ref 104629,331.32,Travel,,,,,indian
Swiggy order payment - INR 18721 - Ref 993917,149.39,Miscellaneous,,,,,indian
Mobile EMI payment - INR 17791 - Ref 226753,4795.29,Rent,,,,,indian
Ajio clothing purchase - INR 42098 - Ref 392132,474.88,Office Supplies,,,,,indian
Uber ride payment - INR 15321 - Ref 840507,2004.9,Travel,,,,,indian
Rapido bike ride - INR 47277 - Ref 206132,462.34,Travel,,,,,indian
Mutual fund SIP - INR 48480 - Ref 228342,1248.54,Professional Fees,,,,,indian
Airport taxi fare - INR 31425 - Ref 720970,2295.33,Travel,,,,,indian
Supermarket shopping - INR 34001 - Ref 535134,438.55,Office Supplies,,,,,indian
Greek Restaurant,23.26,Miscellaneous,2018-05-19,debit,Silver Card,2018-05,excel
IRCTC train ticket - INR 11371 - Ref 965108,2715.1,Travel,,,,,indian
Bus ticket purchase - INR 17024 - Ref 899641,1296.26,Travel,,,,,indian
ETF purchase - INR 46118 - Ref 455036,1122.87,Professional Fees,,,,,indian
Airport taxi fare - INR 3008 - Ref 218390,720.91,Travel,,,,,indian
Car loan EMI - INR 12725 - Ref 779638,2830.2,Rent,,,,,indian
Grocery food items - INR 37384 - Ref 763014,215.68,Miscellaneous,,,,,indian
Restaurant dine-in bill - INR 8361 - Ref 111906,170.63,Miscellaneous,,,,,indian
Mall shopping payment - INR 36515 - Ref 595432,312.3,Office Supplies,,,,,indian
Car loan EMI - INR 10556 - Ref 474263,2201.34,Rent,,,,,indian
Appliance EMI - INR 44195 - Ref 854220,3206.59,Rent,,,,,indian
Lifestyle store purchase - INR 5079 - Ref 864924,403.78,Office Supplies,,,,,indian
BP,36.42,Travel,2019-07-18,debit,Silver Card,2019-07,excel
Mobile EMI payment - INR 13988 - Ref 331124,2821.35,Rent,,,,,indian
Fixed deposit investment - INR 36636 - Ref 767006,1058.71,Professional Fees,,,,,indian
Bus ticket purchase - INR 8216 - Ref 503951,185.05,Travel,,,,,indian
Ola cab booking - INR 9296 - Ref 522095,2715.46,Travel,,,,,indian
Demat account transfer - INR 46188 - Ref 209890,4062.16,Professional Fees,,,,,indian
Amazon online shopping - INR 15527 - Ref 684569,213.15,Office Supplies,,,,,indian
Share trading debit - INR 23596 - Ref 132504,1040.43,Professional Fees,,,,,indian
Car loan EMI - INR 34335 - Ref 990396,4705.94,Rent,,,,,indian
Grocery Store,28.93,Office Supplies,2018-07-21,debit,Platinum Card,2018-07,excel
Electronics purchase - INR 30515 - Ref 731295,420.01,Office Supplies,,,,,indian
Dominos pizza order - INR 4938 - Ref 487180,213.33,Miscellaneous,,,,,indian
KFC online order - INR 14463 - Ref 935769,769.12,Miscellaneous,,,,,indian
Electronics purchase - INR 20742 - Ref 689191,427.06,Office Supplies,,,,,indian
Swiggy order payment - INR 21651 - Ref 330040,259.82,Miscellaneous,,,,,indian
Electronics purchase - INR 48039 - Ref 656375,400.2,Office Supplies,,,,,indian
Bakery purchase - INR 18747 - Ref 343624,864.12,Miscellaneous,,,,,indian
Flight ticket booking - INR 36305 - Ref 569463,1502.07,Travel,,,,,indian
Ola cab booking - INR 37488 - Ref 655261,2996.25,Travel,,,,,indian
Mall shopping payment - INR 6930 - Ref 436274,340.31,Office Supplies,,,,,indian
Restaurant dine-in bill - INR 34776 - Ref 529121,48.61,Miscellaneous,,,,,indian
Bike loan EMI - INR 31143 - Ref 601383,2821.33,Rent,,,,,indian
Bike loan EMI - INR 6030 - Ref 473723,3230.19,Rent,,,,,indian
Credit Card Payment,283.44,Professional Fees,2018-06-14,credit,Platinum Card,2018-06,excel
Roadside Diner,9.47,Miscellaneous,2019-02-01,debit,Silver Card,2019-02,excel
Supermarket shopping - INR 20045 - Ref 514936,386.84,Office Supplies,,,,,indian
Home loan EMI - INR 16547 - Ref 864215,4514.71,Rent,,,,,indian
Electronics purchase - INR 49364 - Ref 511449,451.1,Office Supplies,,,,,indian
Hotel stay booking - INR 4024 - Ref 215097,185.37,Travel,,,,,indian
Rapido bike ride - INR 45018 - Ref 728310,956.65,Travel,,,,,indian
ETF purchase - INR 49518 - Ref 694873,2486.06,Professional Fees,,,,,indian
Ola cab booking - INR 14488 - Ref 856423,1099.18,Travel,,,,,indian
Credit card EMI - INR 13841 - Ref 535840,2650.98,Rent,,,,,indian
Uber ride payment - INR 33506 - Ref 532047,1281.86,Travel,,,,,indian
Electronics purchase - INR 45792 - Ref 185923,415.45,Office Supplies,,,,,indian
Stock market investment - INR 26523 - Ref 197058,4966.11,Professional Fees,,,,,indian
NPS contribution - INR 34254 - Ref 327653,4892.11,Professional Fees,,,,,indian
Hotel stay booking - INR 39719 - Ref 756662,2727.79,Travel,,,,,indian
Retail store shopping - INR 666 - Ref 358532,325.12,Office Supplies,,,,,indian
Retail store shopping - INR 1779 - Ref 623787,445.88,Office Supplies,,,,,indian
Ola cab booking - INR 21101 - Ref 670265,1129.04,Travel,,,,,indian
Movie Theater,25.0,Software/Subscriptions,2018-07-02,debit,Silver Card,2018-07,excel
Stock market investment - INR 44828 - Ref 712647,4904.77,Professional Fees,,,,,indian
NPS contribution - INR 4438 - Ref 377318,3233.7,Professional Fees,,,,,indian
Mutual fund SIP - INR 29200 - Ref 968689,4374.18,Professional Fees,,,,,indian
KFC online order - INR 46641 - Ref 332512,484.51,Miscellaneous,,,,,indian
Bus ticket purchase - INR 16402 - Ref 572345,2105.45,Travel,,,,,indian
Flight ticket booking - INR 38581 - Ref 475895,2289.99,Travel,,,,,indian
MakeMyTrip travel booking - INR 16272 - Ref 648975,1250.38,Travel,,,,,indian
Education loan EMI - INR 3107 - Ref 344597,2603.27,Rent,,,,,indian
Education loan EMI - INR 23426 - Ref 840551,4981.89,Rent,,,,,indian
Supermarket shopping - INR 7221 - Ref 707960,295.38,Office Supplies,,,,,indian
Consumer durable EMI - INR 26567 - Ref 179646,2241.63,Rent,,,,,indian
KFC online order - INR 31527 - Ref 830695,181.07,Miscellaneous,,,,,indian
Airport taxi fare - INR 20587 - Ref 909651,2301.1,Travel,,,,,indian
KFC online order - INR 43762 - Ref 848779,591.76,Miscellaneous,,,,,indian
Flight ticket booking - INR 15053 - Ref 931583,1555.72,Travel,,,,,indian
Cafe coffee purchase - INR 11906 - Ref 483199,209.84,Miscellaneous,,,,,indian
Ajio clothing purchase - INR 20117 - Ref 837075,478.97,Office Supplies,,,,,indian
Personal loan EMI - INR 17498 - Ref 151024,1455.27,Rent,,,,,indian
Bike loan EMI - INR 43588 - Ref 734029,1108.41,Rent,,,,,indian
KFC online order - INR 18831 - Ref 933586,261.32,Miscellaneous,,,,,indian
German Restaurant,46.7,Miscellaneous,2018-09-29,debit,Platinum Card,2018-09,excel
Flipkart purchase - INR 2352 - Ref 836912,296.76,Office Supplies,,,,,indian
Mall shopping payment - INR 44886 - Ref 250718,207.42,Office Supplies,,,,,indian
Mutual fund SIP - INR 38759 - Ref 680260,4122.28,Professional Fees,,,,,indian
Ajio clothing purchase - INR 358 - Ref 328664,303.96,Office Supplies,,,,,indian
Power Company,60.0,Utilities,2018-01-16,debit,Checking,2018-01,excel
Credit Card Payment,152.72,Professional Fees,2019-06-13,credit,Platinum Card,2019-06,excel
eBay online order - INR 3777 - Ref 514349,109.48,Office Supplies,,,,,indian
Bakery purchase - INR 21369 - Ref 180723,538.83,Miscellaneous,,,,,indian
Starbucks,2.0,Miscellaneous,2018-02-21,debit,Platinum Card,2018-02,excel
Personal loan EMI - INR 3572 - Ref 246933,4965.85,Rent,,,,,indian
PPF contribution - INR 15630 - Ref 120760,3189.04,Professional Fees,,,,,indian
Supermarket shopping - INR 36531 - Ref 787306,266.79,Office Supplies,,,,,indian
eBay online order - INR 48182 - Ref 921060,137.08,Office Supplies,,,,,indian
Swiggy order payment - INR 45655 - Ref 911896,515.38,Miscellaneous,,,,,indian
Roadside Diner,25.77,Miscellaneous,2019-02-27,debit,Silver Card,2019-02,excel
Laptop EMI payment - INR 42821 - Ref 768269,1400.54,Rent,,,,,indian
Personal loan EMI - INR 45257 - Ref 108225,2271.03,Rent,,,,,indian
Bakery purchase - INR 21215 - Ref 782917,750.12,Miscellaneous,,,,,indian
Zomato food delivery - INR 38306 - Ref 865021,805.23,Miscellaneous,,,,,indian
Consumer durable EMI - INR 47315 - Ref 998589,3627.46,Rent,,,,,indian
Retirement fund investment - INR 7492 - Ref 908067,1111.92,Professional Fees,,,,,indian
NPS contribution - INR 7835 - Ref 956733,942.63,Professional Fees,,,,,indian
Amazon online shopping - INR 13019 - Ref 492699,429.33,Office Supplies,,,,,indian
Airport taxi fare - INR 4991 - Ref 398221,1735.47,Travel,,,,,indian
Myntra fashion order - INR 35671 - Ref 895832,76.51,Office Supplies,,,,,indian
NPS contribution - INR 48892 - Ref 565691,1979.38,Professional Fees,,,,,indian
Demat account transfer - INR 12153 - Ref 574382,1124.4,Professional Fees,,,,,indian
Myntra fashion order - INR 17734 - Ref 101261,176.54,Office Supplies,,,,,indian
Credit Card Payment,259.87,Professional Fees,2018-07-08,credit,Platinum Card,2018-07,excel
Bakery purchase - INR 36458 - Ref 668999,294.04,Miscellaneous,,,,,indian
Electronics purchase - INR 45295 - Ref 825312,169.62,Office Supplies,,,,,indian
Gold bond investment - INR 41277 - Ref 221621,3703.8,Professional Fees,,,,,indian
Fixed deposit investment - INR 1079 - Ref 830857,228.3,Professional Fees,,,,,indian
Rapido bike ride - INR 30206 - Ref 584301,850.21,Travel,,,,,indian
eBay online order - INR 17073 - Ref 685230,174.74,Office Supplies,,,,,indian
Demat account transfer - INR 49147 - Ref 543062,1212.92,Professional Fees,,,,,indian
MakeMyTrip travel booking - INR 30436 - Ref 279105,500.28,Travel,,,,,indian
Hotel stay booking - INR 45634 - Ref 371506,2618.03,Travel,,,,,indian
Restaurant dine-in bill - INR 47626 - Ref 982048,600.32,Miscellaneous,,,,,indian
Uber ride payment - INR 35682 - Ref 140655,2510.62,Travel,,,,,indian
Cafe coffee purchase - INR 24752 - Ref 920943,257.74,Miscellaneous,,,,,indian
Lifestyle store purchase - INR 22734 - Ref 865853,89.99,Office Supplies,,,,,indian
Electronics purchase - INR 7152 - Ref 204371,391.94,Office Supplies,,,,,indian
Greek Restaurant,23.11,Miscellaneous,2019-05-13,debit,Silver Card,2019-05,excel
Lifestyle store purchase - INR 28075 - Ref 403350,111.68,Office Supplies,,,,,indian
IRCTC train ticket - INR 44926 - Ref 796440,375.87,Travel,,,,,indian
MakeMyTrip travel booking - INR 34529 - Ref 403928,865.33,Travel,,,,,indian
Gold bond investment - INR 18204 - Ref 852554,4741.26,Professional Fees,,,,,indian
Hotel dinner bill - INR 27548 - Ref 884560,290.98,Miscellaneous,,,,,indian
KFC online order - INR 8408 - Ref 732665,799.0,Miscellaneous,,,,,indian
Supermarket shopping - INR 24014 - Ref 381972,314.26,Office Supplies,,,,,indian
McDonald's meal payment - INR 32869 - Ref 976212,971.08,Miscellaneous,,,,,indian
Amazon online shopping - INR 13277 - Ref 658297,438.46,Office Supplies,,,,,indian
Credit card EMI - INR 32856 - Ref 547660,4982.74,Rent,,,,,indian
Ajio clothing purchase - INR 19216 - Ref 253441,445.03,Office Supplies,,,,,indian
Home loan EMI - INR 3540 - Ref 530710,1952.67,Rent,,,,,indian
Bus ticket purchase - INR 49920 - Ref 321395,1356.03,Travel,,,,,indian
Mutual fund SIP - INR 23200 - Ref 357797,3680.83,Professional Fees,,,,,indian
Restaurant dine-in bill - INR 31478 - Ref 462923,709.97,Miscellaneous,,,,,indian
Rapido bike ride - INR 29990 - Ref 719257,1551.91,Travel,,,,,indian
Airport taxi fare - INR 548 - Ref 678883,2747.7,Travel,,,,,indian
Grocery Store,3.96,Office Supplies,2019-08-03,debit,Platinum Card,2019-08,excel
Electronics purchase - INR 13736 - Ref 450531,290.58,Office Supplies,,,,,indian
Home loan EMI - INR 38275 - Ref 611163,2218.2,Rent,,,,,indian
Retirement fund investment - INR 20525 - Ref 733809,2594.38,Professional Fees,,,,,indian
Stock market investment - INR 17916 - Ref 640215,3111.81,Professional Fees,,,,,indian
Lifestyle store purchase - INR 3558 - Ref 523532,35.41,Office Supplies,,,,,indian
Mutual fund SIP - INR 35198 - Ref 470694,2827.24,Professional Fees,,,,,indian
Hotel dinner bill - INR 1455 - Ref 840294,896.43,Miscellaneous,,,,,indian
Uber ride payment - INR 27044 - Ref 352402,1081.79,Travel,,,,,indian
Gold bond investment - INR 7251 - Ref 994593,4826.38,Professional Fees,,,,,indian
Rapido bike ride - INR 44310 - Ref 936000,765.25,Travel,,,,,indian
Mall shopping payment - INR 35065 - Ref 773400,81.89,Office Supplies,,,,,indian
Hotel dinner bill - INR 49403 - Ref 755777,193.66,Miscellaneous,,,,,indian
Home loan EMI - INR 37921 - Ref 131436,4507.07,Rent,,,,,indian
Hotel dinner bill - INR 40948 - Ref 121693,487.6,Miscellaneous,,,,,indian
Ajio clothing purchase - INR 27540 - Ref 229660,451.36,Office Supplies,,,,,indian
Bakery purchase - INR 5166 - Ref 690589,467.33,Miscellaneous,,,,,indian
Share trading debit - INR 49092 - Ref 821202,2336.53,Professional Fees,,,,,indian
IRCTC train ticket - INR 7782 - Ref 883952,2221.73,Travel,,,,,indian
Credit Card Payment,257.08,Professional Fees,2019-07-22,credit,Silver Card,2019-07,excel
Airport taxi fare - INR 17069 - Ref 504040,1661.74,Travel,,,,,indian
Amazon,117.69,Office Supplies,2018-05-06,debit,Platinum Card,2018-05,excel
eBay online order - INR 7575 - Ref 378912,299.84,Office Supplies,,,,,indian
Rapido bike ride - INR 42817 - Ref 311129,271.44,Travel,,,,,indian
Grocery food items - INR 29755 - Ref 187320,86.44,Miscellaneous,,,,,indian
Restaurant dine-in bill - INR 22346 - Ref 717848,627.37,Miscellaneous,,,,,indian
Consumer durable EMI - INR 15691 - Ref 265443,1218.28,Rent,,,,,indian
Consumer durable EMI - INR 42541 - Ref 346879,2312.47,Rent,,,,,indian
Dominos pizza order - INR 4397 - Ref 859440,290.9,Miscellaneous,,,,,indian
Personal loan EMI - INR 26158 - Ref 450321,2942.56,Rent,,,,,indian
Gold bond investment - INR 34399 - Ref 863422,1475.92,Professional Fees,,,,,indian
Airport taxi fare - INR 13389 - Ref 145871,2561.52,Travel,,,,,indian
Retail store shopping - INR 37205 - Ref 671171,41.14,Office Supplies,,,,,indian
Personal loan EMI - INR 8154 - Ref 823775,3959.26,Rent,,,,,indian
Car loan EMI - INR 35769 - Ref 992160,3598.24,Rent,,,,,indian
Dominos pizza order - INR 29198 - Ref 987210,128.96,Miscellaneous,,,,,indian
Cafe coffee purchase - INR 20531 - Ref 183155,351.94,Miscellaneous,,,,,indian
Car loan EMI - INR 42451 - Ref 349781,1321.77,Rent,,,,,indian
Mall shopping payment - INR 32341 - Ref 983440,50.29,Office Supplies,,,,,indian
American Tavern,28.4,Miscellaneous,2018-11-27,debit,Silver Card,2018-11,excel
KFC online order - INR 25693 - Ref 684978,597.93,Miscellaneous,,,,,indian
MakeMyTrip travel booking - INR 41016 - Ref 110976,1401.22,Travel,,,,,indian
Laptop EMI payment - INR 28808 - Ref 887243,4388.69,Rent,,,,,indian
eBay online order - INR 12785 - Ref 138893,168.5,Office Supplies,,,,,indian
Uber ride payment - INR 14959 - Ref 182592,1593.15,Travel,,,,,indian
Appliance EMI - INR 17663 - Ref 427685,4075.82,Rent,,,,,indian
Mall shopping payment - INR 6775 - Ref 584068,216.39,Office Supplies,,,,,indian
Laptop EMI payment - INR 47273 - Ref 924277,3709.89,Rent,,,,,indian
Mutual fund SIP - INR 2488 - Ref 308926,836.19,Professional Fees,,,,,indian
ETF purchase - INR 48184 - Ref 604707,3567.17,Professional Fees,,,,,indian
Dominos pizza order - INR 34634 - Ref 461509,68.96,Miscellaneous,,,,,indian
Retail store shopping - INR 7717 - Ref 465281,202.5,Office Supplies,,,,,indian
Restaurant dine-in bill - INR 20244 - Ref 820178,839.21,Miscellaneous,,,,,indian
MakeMyTrip travel booking - INR 7101 - Ref 120823,527.3,Travel,,,,,indian
Mobile EMI payment - INR 34974 - Ref 831780,3756.84,Rent,,,,,indian
Supermarket shopping - INR 30026 - Ref 330626,470.24,Office Supplies,,,,,indian
eBay online order - INR 37050 - Ref 292492,202.58,Office Supplies,,,,,indian
Myntra fashion order - INR 18524 - Ref 136403,352.02,Office Supplies,,,,,indian
Mall shopping payment - INR 28152 - Ref 484040,259.66,Office Supplies,,,,,indian
Greek Restaurant,64.52,Miscellaneous,2019-04-22,debit,Silver Card,2019-04,excel
Mobile EMI payment - INR 49387 - Ref 779033,4152.36,Rent,,,,,indian
Uber ride payment - INR 34996 - Ref 801950,1407.21,Travel,,,,,indian
Car loan EMI - INR 18431 - Ref 427938,1328.15,Rent,,,,,indian
Bakery purchase - INR 10327 - Ref 590541,77.34,Miscellaneous,,,,,indian
Mutual fund SIP - INR 15212 - Ref 121178,4111.83,Professional Fees,,,,,indian
Uber ride payment - INR 8432 - Ref 271888,542.71,Travel,,,,,indian
Mutual fund SIP - INR 13478 - Ref 448846,1797.95,Professional Fees,,,,,indian
Myntra fashion order - INR 6867 - Ref 552566,182.28,Office Supplies,,,,,indian
Bike loan EMI - INR 7050 - Ref 526743,3182.36,Rent,,,,,indian
Electronics purchase - INR 39150 - Ref 859390,246.08,Office Supplies,,,,,indian
eBay online order - INR 47215 - Ref 268369,297.41,Office Supplies,,,,,indian
Hotel stay booking - INR 35768 - Ref 871727,1310.61,Travel,,,,,indian
Bakery purchase - INR 11377 - Ref 583429,611.41,Miscellaneous,,,,,indian
Amazon online shopping - INR 30717 - Ref 615612,345.11,Office Supplies,,,,,indian
Amazon online shopping - INR 34549 - Ref 122231,189.5,Office Supplies,,,,,indian
Retail store shopping - INR 48450 - Ref 138161,220.75,Office Supplies,,,,,indian
Ajio clothing purchase - INR 34206 - Ref 231199,107.11,Office Supplies,,,,,indian
Metro card recharge - INR 5867 - Ref 982140,1774.89,Travel,,,,,indian
Grocery Store,51.05,Office Supplies,2018-04-29,debit,Platinum Card,2018-04,excel
PPF contribution - INR 43442 - Ref 894382,3950.82,Professional Fees,,,,,indian
Mutual fund SIP - INR 3671 - Ref 730179,1976.25,Professional Fees,,,,,indian
Ola cab booking - INR 10081 - Ref 505637,1382.09,Travel,,,,,indian
Uber ride payment - INR 6842 - Ref 604727,2324.74,Travel,,,,,indian
Mall shopping payment - INR 42348 - Ref 531767,178.34,Office Supplies,,,,,indian
Lifestyle store purchase - INR 14492 - Ref 383431,57.39,Office Supplies,,,,,indian
Mutual fund SIP - INR 24470 - Ref 763628,2399.15,Professional Fees,,,,,indian
Fancy Restaurant,44.92,Miscellaneous,2019-07-29,debit,Silver Card,2019-07,excel
Stock market investment - INR 6355 - Ref 252932,4500.81,Professional Fees,,,,,indian
Credit card EMI - INR 33893 - Ref 291476,4919.59,Rent,,,,,indian
Bus ticket purchase - INR 38361 - Ref 985629,2589.4,Travel,,,,,indian
Flipkart purchase - INR 3508 - Ref 961374,179.23,Office Supplies,,,,,indian
Consumer durable EMI - INR 30717 - Ref 999658,1596.58,Rent,,,,,indian
Airport taxi fare - INR 23589 - Ref 864918,2926.2,Travel,,,,,indian
Brewing Company,12.0,Miscellaneous,2018-12-28,debit,Silver Card,2018-12,excel
Retirement fund investment - INR 27278 - Ref 632955,4981.26,Professional Fees,,,,,indian
Lifestyle store purchase - INR 48695 - Ref 207863,98.64,Office Supplies,,,,,indian
Share trading debit - INR 31419 - Ref 963810,404.25,Professional Fees,,,,,indian
IRCTC train ticket - INR 20755 - Ref 682919,2314.34,Travel,,,,,indian
Stock market investment - INR 13735 - Ref 697979,668.95,Professional Fees,,,,,indian
Credit card EMI - INR 12679 - Ref 814003,3474.58,Rent,,,,,indian
Rapido bike ride - INR 41439 - Ref 327647,1383.99,Travel,,,,,indian
Gold bond investment - INR 31065 - Ref 753524,4275.23,Professional Fees,,,,,indian
Greek Restaurant,41.16,Miscellaneous,2018-03-31,debit,Silver Card,2018-03,excel
Swiggy order payment - INR 13994 - Ref 574191,132.78,Miscellaneous,,,,,indian
Mall shopping payment - INR 3551 - Ref 780844,234.19,Office Supplies,,,,,indian
Grocery Store,99.47,Office Supplies,2019-07-01,debit,Silver Card,2019-07,excel
Credit card EMI - INR 9553 - Ref 301281,3818.52,Rent,,,,,indian
Airport taxi fare - INR 4589 - Ref 565040,2298.46,Travel,,,,,indian
Cafe coffee purchase - INR 20797 - Ref 351051,45.84,Miscellaneous,,,,,indian
Flight ticket booking - INR 16060 - Ref 550111,579.27,Travel,,,,,indian
Brewing Company,18.0,Miscellaneous,2018-09-09,debit,Platinum Card,2018-09,excel
Retail store shopping - INR 6913 - Ref 455102,389.1,Office Supplies,,,,,indian
Uber ride payment - INR 43707 - Ref 414176,2514.6,Travel,,,,,indian
Flipkart purchase - INR 32292 - Ref 323571,133.05,Office Supplies,,,,,indian
IRCTC train ticket - INR 16719 - Ref 281338,2661.69,Travel,,,,,indian
Stock market investment - INR 7233 - Ref 188008,2273.74,Professional Fees,,,,,indian
KFC online order - INR 901 - Ref 383564,120.54,Miscellaneous,,,,,indian
Mutual fund SIP - INR 18994 - Ref 524595,2952.32,Professional Fees,,,,,indian
Bakery purchase - INR 7488 - Ref 380831,486.35,Miscellaneous,,,,,indian
Supermarket shopping - INR 15848 - Ref 605317,183.54,Office Supplies,,,,,indian
Mall shopping payment - INR 35540 - Ref 893865,444.43,Office Supplies,,,,,indian
IRCTC train ticket - INR 37035 - Ref 364389,63.48,Travel,,,,,indian
Grocery Store,10.17,Office Supplies,2018-09-17,debit,Platinum Card,2018-09,excel
eBay online order - INR 4468 - Ref 106476,347.94,Office Supplies,,,,,indian
Mall shopping payment - INR 40211 - Ref 516829,23.71,Office Supplies,,,,,indian
Phone Company,89.46,Utilities,2018-01-10,debit,Checking,2018-01,excel
Credit card EMI - INR 40128 - Ref 876792,3648.91,Rent,,,,,indian
Mall shopping payment - INR 26471 - Ref 964663,66.42,Office Supplies,,,,,indian
Lifestyle store purchase - INR 14245 - Ref 903722,418.09,Office Supplies,,,,,indian
Flight ticket booking - INR 16548 - Ref 423771,1193.1,Travel,,,,,indian
Share trading debit - INR 24718 - Ref 887079,1714.17,Professional Fees,,,,,indian
Appliance EMI - INR 23372 - Ref 997333,2309.74,Rent,,,,,indian
Share trading debit - INR 28195 - Ref 812567,4567.65,Professional Fees,,,,,indian
PPF contribution - INR 9187 - Ref 858004,2899.45,Professional Fees,,,,,indian
IRCTC train ticket - INR 47924 - Ref 370028,2763.32,Travel,,,,,indian
Flipkart purchase - INR 8875 - Ref 787835,363.52,Office Supplies,,,,,indian
Personal loan EMI - INR 7349 - Ref 809746,2298.62,Rent,,,,,indian
Car loan EMI - INR 29687 - Ref 421381,4389.2,Rent,,,,,indian
Education loan EMI - INR 9214 - Ref 339651,1942.56,Rent,,,,,indian
Laptop EMI payment - INR 19420 - Ref 454257,3229.15,Rent,,,,,indian
Car loan EMI - INR 26428 - Ref 951213,2860.23,Rent,,,,,indian
ETF purchase - INR 23955 - Ref 415689,4778.32,Professional Fees,,,,,indian
Uber ride payment - INR 20152 - Ref 223994,1935.02,Travel,,,,,indian
Grocery food items - INR 35506 - Ref 906124,74.79,Miscellaneous,,,,,indian
Car loan EMI - INR 29635 - Ref 822801,2131.99,Rent,,,,,indian
Share trading debit - INR 11532 - Ref 421734,691.1,Professional Fees,,,,,indian
Share trading debit - INR 16039 - Ref 742632,3472.21,Professional Fees,,,,,indian
Credit Card Payment,99.76,Professional Fees,2018-08-21,credit,Platinum Card,2018-08,excel
Retail store shopping - INR 39412 - Ref 490800,156.77,Office Supplies,,,,,indian
Share trading debit - INR 25197 - Ref 745860,3259.64,Professional Fees,,,,,indian
KFC online order - INR 6427 - Ref 857537,427.61,Miscellaneous,,,,,indian
Amazon online shopping - INR 11949 - Ref 951790,186.88,Office Supplies,,,,,indian
Demat account transfer - INR 49079 - Ref 780330,1013.52,Professional Fees,,,,,indian
IRCTC train ticket - INR 38735 - Ref 350931,1820.1,Travel,,,,,indian
KFC online order - INR 11742 - Ref 199518,234.44,Miscellaneous,,,,,indian
Amazon online shopping - INR 11411 - Ref 595182,225.29,Office Supplies,,,,,indian
Italian Restaurant,65.81,Miscellaneous,2018-06-03,debit,Platinum Card,2018-06,excel
Amazon,76.47,Office Supplies,2018-08-06,debit,Platinum Card,2018-08,excel
Mutual fund SIP - INR 31774 - Ref 954683,2940.71,Professional Fees,,,,,indian
MakeMyTrip travel booking - INR 31048 - Ref 121580,300.98,Travel,,,,,indian
Ajio clothing purchase - INR 15870 - Ref 155443,387.2,Office Supplies,,,,,indian
Retirement fund investment - INR 1439 - Ref 961753,2450.57,Professional Fees,,,,,indian
Stock market investment - INR 191 - Ref 356762,4987.79,Professional Fees,,,,,indian
Home loan EMI - INR 32904 - Ref 696216,3425.27,Rent,,,,,indian
Grocery food items - INR 35405 - Ref 467736,816.88,Miscellaneous,,,,,indian
Supermarket shopping - INR 37967 - Ref 819174,214.07,Office Supplies,,,,,indian
Credit card EMI - INR 43924 - Ref 330397,1415.8,Rent,,,,,indian
Bus ticket purchase - INR 26244 - Ref 190512,452.39,Travel,,,,,indian
Demat account transfer - INR 9571 - Ref 726702,1388.06,Professional Fees,,,,,indian
Amazon,13.09,Office Supplies,2019-01-01,debit,Platinum Card,2019-01,excel
Electronics purchase - INR 32419 - Ref 816317,410.59,Office Supplies,,,,,indian
Uber ride payment - INR 24833 - Ref 761835,1678.77,Travel,,,,,indian
Swiggy order payment - INR 15757 - Ref 651760,210.24,Miscellaneous,,,,,indian
Hotel dinner bill - INR 40300 - Ref 548498,941.56,Miscellaneous,,,,,indian
Zomato food delivery - INR 27655 - Ref 144621,995.12,Miscellaneous,,,,,indian
Stock market investment - INR 19505 - Ref 333733,1406.74,Professional Fees,,,,,indian
Dominos pizza order - INR 32789 - Ref 923441,966.22,Miscellaneous,,,,,indian
Dominos pizza order - INR 16646 - Ref 505165,814.56,Miscellaneous,,,,,indian
Brewing Company,59.48,Miscellaneous,2018-04-01,debit,Platinum Card,2018-04,excel
Ola cab booking - INR 49108 - Ref 623090,787.79,Travel,,,,,indian
MakeMyTrip travel booking - INR 26335 - Ref 941559,824.23,Travel,,,,,indian
PPF contribution - INR 44861 - Ref 891052,237.55,Professional Fees,,,,,indian
Swiggy order payment - INR 38834 - Ref 481894,487.9,Miscellaneous,,,,,indian
Gold bond investment - INR 23235 - Ref 142911,524.86,Professional Fees,,,,,indian
Mobile EMI payment - INR 5232 - Ref 147187,4995.61,Rent,,,,,indian
Uber ride payment - INR 3294 - Ref 983593,495.04,Travel,,,,,indian
Flight ticket booking - INR 7265 - Ref 862898,1259.95,Travel,,,,,indian
Stock market investment - INR 28920 - Ref 304525,2283.06,Professional Fees,,,,,indian
Mortgage Payment,1247.44,Rent,2018-01-02,debit,Checking,2018-01,excel
Grocery food items - INR 24040 - Ref 271096,147.39,Miscellaneous,,,,,indian
Demat account transfer - INR 1814 - Ref 974277,2365.41,Professional Fees,,,,,indian
Car loan EMI - INR 8457 - Ref 663410,4115.88,Rent,,,,,indian
Bakery purchase - INR 17336 - Ref 221606,408.77,Miscellaneous,,,,,indian
Mall shopping payment - INR 48215 - Ref 319407,418.43,Office Supplies,,,,,indian
Appliance EMI - INR 30453 - Ref 505468,3597.64,Rent,,,,,indian
Amazon,14.98,Office Supplies,2018-08-17,debit,Platinum Card,2018-08,excel
Laptop EMI payment - INR 26133 - Ref 182083,3614.7,Rent,,,,,indian
Restaurant dine-in bill - INR 44652 - Ref 477872,866.97,Miscellaneous,,,,,indian
Ajio clothing purchase - INR 40919 - Ref 630111,138.36,Office Supplies,,,,,indian
Supermarket shopping - INR 48437 - Ref 706361,328.32,Office Supplies,,,,,indian
Education loan EMI - INR 23118 - Ref 819298,1561.19,Rent,,,,,indian
Zomato food delivery - INR 45213 - Ref 164956,802.85,Miscellaneous,,,,,indian
Gold bond investment - INR 21011 - Ref 388698,4075.99,Professional Fees,,,,,indian
Flight ticket booking - INR 11955 - Ref 436872,951.25,Travel,,,,,indian
McDonald's meal payment - INR 12564 - Ref 369024,317.5,Miscellaneous,,,,,indian
Credit Card Payment,353.83,Professional Fees,2018-10-22,credit,Silver Card,2018-10,excel
MakeMyTrip travel booking - INR 5877 - Ref 987507,2901.18,Travel,,,,,indian
Metro card recharge - INR 7772 - Ref 315798,1678.16,Travel,,,,,indian
Lifestyle store purchase - INR 32131 - Ref 321230,282.85,Office Supplies,,,,,indian
Laptop EMI payment - INR 6390 - Ref 489888,4107.34,Rent,,,,,indian
Cafe coffee purchase - INR 40259 - Ref 236644,216.96,Miscellaneous,,,,,indian
Retirement fund investment - INR 29764 - Ref 888035,4841.72,Professional Fees,,,,,indian
Swiggy order payment - INR 3895 - Ref 945162,133.94,Miscellaneous,,,,,indian
IRCTC train ticket - INR 6557 - Ref 337023,2965.66,Travel,,,,,indian
Amazon online shopping - INR 40599 - Ref 655202,32.88,Office Supplies,,,,,indian
Fixed deposit investment - INR 3237 - Ref 795334,1507.59,Professional Fees,,,,,indian
Fixed deposit investment - INR 31551 - Ref 904391,1333.54,Professional Fees,,,,,indian
Restaurant dine-in bill - INR 20912 - Ref 350135,903.19,Miscellaneous,,,,,indian
Laptop EMI payment - INR 15943 - Ref 810286,2140.28,Rent,,,,,indian
ETF purchase - INR 787 - Ref 809647,1049.78,Professional Fees,,,,,indian
PPF contribution - INR 10234 - Ref 593234,3129.45,Professional Fees,,,,,indian
Flight ticket booking - INR 24485 - Ref 757304,178.14,Travel,,,,,indian
Credit Card Payment,34.18,Professional Fees,2018-08-21,credit,Silver Card,2018-08,excel
Credit Card Payment,207.47,Professional Fees,2019-02-15,credit,Platinum Card,2019-02,excel
Hotel dinner bill - INR 29347 - Ref 582728,582.62,Miscellaneous,,,,,indian
Uber ride payment - INR 15490 - Ref 597284,429.94,Travel,,,,,indian
Mall shopping payment - INR 35361 - Ref 790594,125.13,Office Supplies,,,,,indian
Mutual fund SIP - INR 35171 - Ref 225397,1045.28,Professional Fees,,,,,indian
Cafe coffee purchase - INR 29740 - Ref 946240,261.85,Miscellaneous,,,,,indian
PPF contribution - INR 48086 - Ref 108281,3211.74,Professional Fees,,,,,indian
Grocery Store,21.06,Office Supplies,2019-01-24,debit,Silver Card,2019-01,excel
Dominos pizza order - INR 20020 - Ref 926954,543.33,Miscellaneous,,,,,indian
Grocery food items - INR 19674 - Ref 862637,322.82,Miscellaneous,,,,,indian
Electronics purchase - INR 14048 - Ref 698969,390.14,Office Supplies,,,,,indian
Flipkart purchase - INR 44293 - Ref 956582,312.26,Office Supplies,,,,,indian
Credit Card Payment,283.07,Professional Fees,2018-05-21,credit,Silver Card,2018-05,excel
Stock market investment - INR 27780 - Ref 369259,3173.03,Professional Fees,,,,,indian
Bakery purchase - INR 49126 - Ref 689653,365.84,Miscellaneous,,,,,indian
Ola cab booking - INR 36028 - Ref 618577,1365.53,Travel,,,,,indian
Ajio clothing purchase - INR 29866 - Ref 497848,305.66,Office Supplies,,,,,indian
Laptop EMI payment - INR 12279 - Ref 864271,3918.93,Rent,,,,,indian
Credit card EMI - INR 30545 - Ref 225810,1081.52,Rent,,,,,indian
McDonald's meal payment - INR 34488 - Ref 978088,692.61,Miscellaneous,,,,,indian
Laptop EMI payment - INR 30539 - Ref 603026,1738.99,Rent,,,,,indian
Amazon,53.95,Office Supplies,2018-11-06,debit,Platinum Card,2018-11,excel
Ola cab booking - INR 6173 - Ref 440387,939.87,Travel,,,,,indian
PPF contribution - INR 49021 - Ref 459207,741.17,Professional Fees,,,,,indian
Uber ride payment - INR 15935 - Ref 678035,1139.73,Travel,,,,,indian
Wendy's,15.23,Miscellaneous,2018-07-17,debit,Silver Card,2018-07,excel
Grocery food items - INR 10334 - Ref 723024,694.73,Miscellaneous,,,,,indian
MakeMyTrip travel booking - INR 46422 - Ref 284604,2222.75,Travel,,,,,indian
Restaurant dine-in bill - INR 39062 - Ref 440336,458.55,Miscellaneous,,,,,indian
Cafe coffee purchase - INR 10974 - Ref 559984,659.72,Miscellaneous,,,,,indian
Supermarket shopping - INR 38979 - Ref 294978,438.0,Office Supplies,,,,,indian
Amazon online shopping - INR 41341 - Ref 519125,145.93,Office Supplies,,,,,indian
Mall shopping payment - INR 49054 - Ref 692577,199.09,Office Supplies,,,,,indian
Consumer durable EMI - INR 47215 - Ref 740942,3398.06,Rent,,,,,indian
Retirement fund investment - INR 8473 - Ref 170534,2364.8,Professional Fees,,,,,indian
Stock market investment - INR 48286 - Ref 929380,3943.7,Professional Fees,,,,,indian
Personal loan EMI - INR 29092 - Ref 759116,4977.13,Rent,,,,,indian
Rapido bike ride - INR 45431 - Ref 223717,814.62,Travel,,,,,indian
Credit card EMI - INR 7464 - Ref 450762,3200.4,Rent,,,,,indian
Retail store shopping - INR 22424 - Ref 409202,172.0,Office Supplies,,,,,indian
Airport taxi fare - INR 23492 - Ref 697280,1643.7,Travel,,,,,indian
Grocery food items - INR 3709 - Ref 155637,185.88,Miscellaneous,,,,,indian
Bakery purchase - INR 10604 - Ref 309205,702.77,Miscellaneous,,,,,indian
Mobile EMI payment - INR 15676 - Ref 970316,4789.12,Rent,,,,,indian
McDonald's meal payment - INR 34358 - Ref 127927,655.07,Miscellaneous,,,,,indian
Share trading debit - INR 29410 - Ref 555932,2685.2,Professional Fees,,,,,indian
Restaurant dine-in bill - INR 14089 - Ref 617232,196.29,Miscellaneous,,,,,indian
Flight ticket booking - INR 49200 - Ref 530945,209.48,Travel,,,,,indian
Mobile EMI payment - INR 18828 - Ref 408566,3688.36,Rent,,,,,indian
Bakery purchase - INR 39779 - Ref 913728,309.74,Miscellaneous,,,,,indian
Demat account transfer - INR 10633 - Ref 262467,4435.23,Professional Fees,,,,,indian
Consumer durable EMI - INR 16860 - Ref 422964,3462.43,Rent,,,,,indian
Credit card EMI - INR 20767 - Ref 497549,3174.0,Rent,,,,,indian
ETF purchase - INR 20612 - Ref 182897,641.14,Professional Fees,,,,,indian
Dominos pizza order - INR 36545 - Ref 188427,661.5,Miscellaneous,,,,,indian
Bakery purchase - INR 44852 - Ref 980767,388.53,Miscellaneous,,,,,indian
Flipkart purchase - INR 6817 - Ref 339029,403.6,Office Supplies,,,,,indian
Fixed deposit investment - INR 42273 - Ref 670178,4358.69,Professional Fees,,,,,indian
Fixed deposit investment - INR 35308 - Ref 570353,1572.45,Professional Fees,,,,,indian
IRCTC train ticket - INR 22098 - Ref 974418,1871.22,Travel,,,,,indian
IRCTC train ticket - INR 27040 - Ref 384603,1722.31,Travel,,,,,indian
Appliance EMI - INR 15756 - Ref 704066,4866.75,Rent,,,,,indian
Demat account transfer - INR 12351 - Ref 511491,4922.45,Professional Fees,,,,,indian
Credit card EMI - INR 41177 - Ref 373207,1106.14,Rent,,,,,indian
KFC online order - INR 26070 - Ref 716756,777.69,Miscellaneous,,,,,indian
Restaurant dine-in bill - INR 7205 - Ref 743021,697.95,Miscellaneous,,,,,indian
Personal loan EMI - INR 40298 - Ref 491547,2930.65,Rent,,,,,indian
Education loan EMI - INR 36128 - Ref 761166,3761.99,Rent,,,,,indian
KFC online order - INR 41555 - Ref 325933,196.44,Miscellaneous,,,,,indian
Hotel stay booking - INR 11837 - Ref 864886,249.22,Travel,,,,,indian
Hotel dinner bill - INR 10485 - Ref 150522,454.9,Miscellaneous,,,,,indian
Credit card EMI - INR 6329 - Ref 588815,4538.21,Rent,,,,,indian
Laptop EMI payment - INR 28214 - Ref 246102,1075.75,Rent,,,,,indian
Swiggy order payment - INR 47939 - Ref 635766,930.52,Miscellaneous,,,,,indian
Mutual fund SIP - INR 45486 - Ref 249027,3660.82,Professional Fees,,,,,indian
Ajio clothing purchase - INR 13608 - Ref 796108,149.53,Office Supplies,,,,,indian
Laptop EMI payment - INR 47698 - Ref 832099,2652.99,Rent,,,,,indian
Ola cab booking - INR 38907 - Ref 294876,302.96,Travel,,,,,indian
Flipkart purchase - INR 38713 - Ref 791539,85.89,Office Supplies,,,,,indian
Hotel stay booking - INR 19493 - Ref 350444,2139.88,Travel,,,,,indian
Flipkart purchase - INR 36402 - Ref 428252,328.29,Office Supplies,,,,,indian
ETF purchase - INR 9378 - Ref 982939,2453.55,Professional Fees,,,,,indian
Swiggy order payment - INR 35280 - Ref 648940,227.61,Miscellaneous,,,,,indian
Bus ticket purchase - INR 1222 - Ref 543245,1610.89,Travel,,,,,indian
Flight ticket booking - INR 3087 - Ref 748640,910.95,Travel,,,,,indian
PPF contribution - INR 14948 - Ref 985743,3992.03,Professional Fees,,,,,indian
Stock market investment - INR 31428 - Ref 356522,3219.32,Professional Fees,,,,,indian
Supermarket shopping - INR 30168 - Ref 810328,175.23,Office Supplies,,,,,indian
Seafood Restaurant,14.75,Miscellaneous,2018-10-28,debit,Platinum Card,2018-10,excel
Hotel stay booking - INR 45741 - Ref 876258,2037.41,Travel,,,,,indian
Lifestyle store purchase - INR 19000 - Ref 806250,428.56,Office Supplies,,,,,indian
Ola cab booking - INR 31427 - Ref 540910,990.21,Travel,,,,,indian
Stock market investment - INR 27871 - Ref 844835,3429.45,Professional Fees,,,,,indian
Gold bond investment - INR 16830 - Ref 900975,2855.47,Professional Fees,,,,,indian
Demat account transfer - INR 20078 - Ref 926971,3962.67,Professional Fees,,,,,indian
Stock market investment - INR 5181 - Ref 390809,3791.82,Professional Fees,,,,,indian
Education loan EMI - INR 9713 - Ref 130089,4120.46,Rent,,,,,indian
Swiggy order payment - INR 1595 - Ref 753686,670.09,Miscellaneous,,,,,indian
Fixed deposit investment - INR 9312 - Ref 130265,3889.43,Professional Fees,,,,,indian
Mall shopping payment - INR 46664 - Ref 276701,233.9,Office Supplies,,,,,indian
NPS contribution - INR 17274 - Ref 333198,2179.23,Professional Fees,,,,,indian
Myntra fashion order - INR 29311 - Ref 887057,349.94,Office Supplies,,,,,indian
Uber ride payment - INR 45970 - Ref 950712,1089.36,Travel,,,,,indian
Demat account transfer - INR 38417 - Ref 156910,3766.05,Professional Fees,,,,,indian
Lifestyle store purchase - INR 40621 - Ref 653335,431.85,Office Supplies,,,,,indian
Grocery food items - INR 11203 - Ref 713463,301.44,Miscellaneous,,,,,indian
Mall shopping payment - INR 25593 - Ref 274556,50.03,Office Supplies,,,,,indian
Grocery Store,13.9,Office Supplies,2018-06-16,debit,Platinum Card,2018-06,excel
Restaurant dine-in bill - INR 41637 - Ref 643700,706.7,Miscellaneous,,,,,indian
Bojangles,7.27,Miscellaneous,2018-05-05,debit,Platinum Card,2018-05,excel
Retail store shopping - INR 19807 - Ref 557245,337.77,Office Supplies,,,,,indian
Credit card EMI - INR 22577 - Ref 979035,1113.49,Rent,,,,,indian
Airport taxi fare - INR 31138 - Ref 722893,1472.22,Travel,,,,,indian
Myntra fashion order - INR 32613 - Ref 806468,398.51,Office Supplies,,,,,indian
McDonald's meal payment - INR 14264 - Ref 768830,698.85,Miscellaneous,,,,,indian
Stock market investment - INR 35222 - Ref 143343,1063.03,Professional Fees,,,,,indian
eBay online order - INR 10418 - Ref 591945,498.38,Office Supplies,,,,,indian
McDonald's meal payment - INR 1334 - Ref 439325,451.5,Miscellaneous,,,,,indian
eBay online order - INR 23508 - Ref 488520,301.57,Office Supplies,,,,,indian
Zomato food delivery - INR 35547 - Ref 234210,613.04,Miscellaneous,,,,,indian
Dominos pizza order - INR 47273 - Ref 947293,243.84,Miscellaneous,,,,,indian
eBay online order - INR 40687 - Ref 432755,167.65,Office Supplies,,,,,indian
Electronics purchase - INR 31285 - Ref 612849,163.63,Office Supplies,,,,,indian
Bus ticket purchase - INR 7134 - Ref 900097,2111.09,Travel,,,,,indian
American Tavern,16.8,Miscellaneous,2018-11-26,debit,Silver Card,2018-11,excel
Uber ride payment - INR 47141 - Ref 404875,548.5,Travel,,,,,indian
Rapido bike ride - INR 11533 - Ref 769857,2411.33,Travel,,,,,indian
Consumer durable EMI - INR 11767 - Ref 749455,1288.3,Rent,,,,,indian
Appliance EMI - INR 25634 - Ref 105919,2598.47,Rent,,,,,indian
ETF purchase - INR 25627 - Ref 870681,752.81,Professional Fees,,,,,indian
Appliance EMI - INR 4526 - Ref 887189,1097.65,Rent,,,,,indian
Supermarket shopping - INR 48803 - Ref 338555,138.33,Office Supplies,,,,,indian
Home loan EMI - INR 44704 - Ref 946918,2377.4,Rent,,,,,indian
Bike loan EMI - INR 7478 - Ref 294358,1138.76,Rent,,,,,indian
Uber ride payment - INR 15442 - Ref 841055,400.49,Travel,,,,,indian
Credit card EMI - INR 33218 - Ref 503766,2448.89,Rent,,,,,indian
Mall shopping payment - INR 2078 - Ref 418288,413.82,Office Supplies,,,,,indian
Laptop EMI payment - INR 47066 - Ref 249220,3056.24,Rent,,,,,indian
Bus ticket purchase - INR 13622 - Ref 910006,2694.47,Travel,,,,,indian
Demat account transfer - INR 25328 - Ref 477631,1229.4,Professional Fees,,,,,indian
Shell,28.77,Travel,2019-09-09,debit,Platinum Card,2019-09,excel
Hotel stay booking - INR 15853 - Ref 118202,141.69,Travel,,,,,indian
Ola cab booking - INR 39510 - Ref 862241,1910.41,Travel,,,,,indian
Supermarket shopping - INR 42413 - Ref 326928,281.83,Office Supplies,,,,,indian
Cafe coffee purchase - INR 18578 - Ref 712314,746.85,Miscellaneous,,,,,indian
Education loan EMI - INR 48316 - Ref 292556,4925.27,Rent,,,,,indian
Swiggy order payment - INR 9614 - Ref 728817,428.19,Miscellaneous,,,,,indian
Myntra fashion order - INR 858 - Ref 271324,352.85,Office Supplies,,,,,indian
Brewing Company,22.8,Miscellaneous,2018-11-17,debit,Platinum Card,2018-11,excel
Car loan EMI - INR 8843 - Ref 989212,1436.22,Rent,,,,,indian
Lifestyle store purchase - INR 34409 - Ref 695560,109.74,Office Supplies,,,,,indian
Metro card recharge - INR 21637 - Ref 635117,605.08,Travel,,,,,indian
Hotel stay booking - INR 43042 - Ref 812180,58.08,Travel,,,,,indian
Mall shopping payment - INR 46574 - Ref 480987,50.37,Office Supplies,,,,,indian
Mutual fund SIP - INR 12012 - Ref 896190,4749.94,Professional Fees,,,,,indian
Electronics purchase - INR 17227 - Ref 325318,267.44,Office Supplies,,,,,indian
Ajio clothing purchase - INR 3281 - Ref 855706,241.41,Office Supplies,,,,,indian
Retirement fund investment - INR 9592 - Ref 449801,2401.18,Professional Fees,,,,,indian
Retail store shopping - INR 25006 - Ref 697305,67.25,Office Supplies,,,,,indian
Zomato food delivery - INR 10245 - Ref 883081,935.0,Miscellaneous,,,,,indian
Amazon online shopping - INR 36386 - Ref 174501,322.33,Office Supplies,,,,,indian
MakeMyTrip travel booking - INR 25698 - Ref 297636,251.84,Travel,,,,,indian
Dominos pizza order - INR 32085 - Ref 434451,575.9,Miscellaneous,,,,,indian
Gold bond investment - INR 25078 - Ref 661912,541.97,Professional Fees,,,,,indian
Demat account transfer - INR 2124 - Ref 446556,2471.04,Professional Fees,,,,,indian
Share trading debit - INR 5409 - Ref 297440,4688.15,Professional Fees,,,,,indian
Amazon online shopping - INR 17714 - Ref 765923,305.71,Office Supplies,,,,,indian
Ajio clothing purchase - INR 25589 - Ref 373116,363.39,Office Supplies,,,,,indian
Car loan EMI - INR 2780 - Ref 364740,3546.47,Rent,,,,,indian
Share trading debit - INR 45489 - Ref 380317,2914.36,Professional Fees,,,,,indian
Supermarket shopping - INR 16628 - Ref 397083,64.7,Office Supplies,,,,,indian
Ajio clothing purchase - INR 33131 - Ref 128144,40.55,Office Supplies,,,,,indian
Zomato food delivery - INR 16128 - Ref 507882,207.28,Miscellaneous,,,,,indian
Flight ticket booking - INR 42857 - Ref 844665,1877.57,Travel,,,,,indian
Retail store shopping - INR 10673 - Ref 627871,100.63,Office Supplies,,,,,indian
Grocery Store,29.83,Office Supplies,2019-07-18,debit,Platinum Card,2019-07,excel
Gold bond investment - INR 49927 - Ref 930758,2356.67,Professional Fees,,,,,indian
Myntra fashion order - INR 3373 - Ref 119106,420.68,Office Supplies,,,,,indian
Amazon online shopping - INR 25680 - Ref 877051,227.66,Office Supplies,,,,,indian
Amazon online shopping - INR 32485 - Ref 920467,83.34,Office Supplies,,,,,indian
Zomato food delivery - INR 21660 - Ref 303301,872.39,Miscellaneous,,,,,indian
Share trading debit - INR 46809 - Ref 597878,4470.88,Professional Fees,,,,,indian
Mutual fund SIP - INR 11866 - Ref 317088,4235.07,Professional Fees,,,,,indian
Ola cab booking - INR 33756 - Ref 263827,2504.18,Travel,,,,,indian
Flight ticket booking - INR 13073 - Ref 597756,2187.48,Travel,,,,,indian
Gold bond investment - INR 27609 - Ref 340492,2481.6,Professional Fees,,,,,indian
Education loan EMI - INR 29916 - Ref 360335,4912.98,Rent,,,,,indian
Myntra fashion order - INR 42903 - Ref 602428,287.06,Office Supplies,,,,,indian
Grocery Store,43.54,Office Supplies,2018-01-11,debit,Platinum Card,2018-01,excel
Lifestyle store purchase - INR 31741 - Ref 941976,405.96,Office Supplies,,,,,indian
Bike loan EMI - INR 22543 - Ref 892439,1513.53,Rent,,,,,indian
Mutual fund SIP - INR 803 - Ref 477185,1416.01,Professional Fees,,,,,indian
McDonald's meal payment - INR 15467 - Ref 744909,291.12,Miscellaneous,,,,,indian
Mall shopping payment - INR 15807 - Ref 895156,150.48,Office Supplies,,,,,indian
Retirement fund investment - INR 8957 - Ref 650509,504.17,Professional Fees,,,,,indian
Mutual fund SIP - INR 47808 - Ref 903528,3101.31,Professional Fees,,,,,indian
Electronics purchase - INR 11582 - Ref 553406,472.48,Office Supplies,,,,,indian
Mobile EMI payment - INR 18228 - Ref 649226,3908.86,Rent,,,,,indian
American Tavern,22.33,Miscellaneous,2018-11-12,debit,Silver Card,2018-11,excel
ETF purchase - INR 329 - Ref 681904,2767.2,Professional Fees,,,,,indian
ETF purchase - INR 12648 - Ref 446651,2198.36,Professional Fees,,,,,indian
Stock market investment - INR 14478 - Ref 622429,4996.7,Professional Fees,,,,,indian
Gold bond investment - INR 44616 - Ref 230990,3006.01,Professional Fees,,,,,indian
IRCTC train ticket - INR 28684 - Ref 670119,1168.83,Travel,,,,,indian
Ajio clothing purchase - INR 16701 - Ref 927732,166.98,Office Supplies,,,,,indian
Fixed deposit investment - INR 6178 - Ref 495029,4139.59,Professional Fees,,,,,indian
Car loan EMI - INR 37220 - Ref 259578,1252.87,Rent,,,,,indian
Gold bond investment - INR 30820 - Ref 809495,323.53,Professional Fees,,,,,indian
Mobile EMI payment - INR 5857 - Ref 407149,1731.48,Rent,,,,,indian
Grocery food items - INR 28761 - Ref 495857,862.4,Miscellaneous,,,,,indian
Electronics purchase - INR 45841 - Ref 737866,451.58,Office Supplies,,,,,indian
Gas Company,49.0,Utilities,2019-03-08,debit,Checking,2019-03,excel
Hardware Store,80.65,Office Supplies,2018-10-08,debit,Silver Card,2018-10,excel
Mall shopping payment - INR 39752 - Ref 305977,327.2,Office Supplies,,,,,indian
Uber ride payment - INR 33499 - Ref 681448,1986.86,Travel,,,,,indian
State Farm,75.0,Professional Fees,2018-04-16,debit,Checking,2018-04,excel
Appliance EMI - INR 19602 - Ref 272564,3508.77,Rent,,,,,indian
Grocery Store,2.69,Office Supplies,2018-06-19,debit,Platinum Card,2018-06,excel
Flipkart purchase - INR 44909 - Ref 848397,142.46,Office Supplies,,,,,indian
Hotel dinner bill - INR 49189 - Ref 904579,760.99,Miscellaneous,,,,,indian
Flipkart purchase - INR 46557 - Ref 552313,362.29,Office Supplies,,,,,indian
NPS contribution - INR 16462 - Ref 759456,1572.83,Professional Fees,,,,,indian
Flipkart purchase - INR 46291 - Ref 674733,186.16,Office Supplies,,,,,indian
Stock market investment - INR 9069 - Ref 330490,2117.12,Professional Fees,,,,,indian
Ajio clothing purchase - INR 27433 - Ref 583056,496.57,Office Supplies,,,,,indian
Brewing Company,27.0,Miscellaneous,2018-11-10,debit,Platinum Card,2018-11,excel
Fixed deposit investment - INR 32357 - Ref 689940,4869.97,Professional Fees,,,,,indian
Share trading debit - INR 25608 - Ref 310188,779.15,Professional Fees,,,,,indian
PPF contribution - INR 2810 - Ref 866215,3588.74,Professional Fees,,,,,indian
Flight ticket booking - INR 31347 - Ref 765753,2434.5,Travel,,,,,indian
Hardware Store,69.4,Office Supplies,2018-09-22,debit,Platinum Card,2018-09,excel
NPS contribution - INR 1448 - Ref 845666,1594.72,Professional Fees,,,,,indian
Myntra fashion order - INR 44425 - Ref 869751,291.31,Office Supplies,,,,,indian
Ajio clothing purchase - INR 36356 - Ref 155145,412.54,Office Supplies,,,,,indian
Consumer durable EMI - INR 43540 - Ref 810541,1473.55,Rent,,,,,indian
Rapido bike ride - INR 23493 - Ref 937048,2554.26,Travel,,,,,indian
Gold bond investment - INR 5495 - Ref 416407,4820.16,Professional Fees,,,,,indian
Bus ticket purchase - INR 27878 - Ref 461924,2825.58,Travel,,,,,indian
Hardware Store,125.0,Office Supplies,2019-08-06,debit,Checking,2019-08,excel
Flipkart purchase - INR 21264 - Ref 622574,348.8,Office Supplies,,,,,indian
Hotel stay booking - INR 17022 - Ref 115094,1999.13,Travel,,,,,indian
Supermarket shopping - INR 13564 - Ref 248569,419.05,Office Supplies,,,,,indian
Myntra fashion order - INR 4353 - Ref 471326,278.24,Office Supplies,,,,,indian
Supermarket shopping - INR 22728 - Ref 703616,273.18,Office Supplies,,,,,indian
Credit card EMI - INR 36565 - Ref 459714,4408.33,Rent,,,,,indian
Dominos pizza order - INR 16805 - Ref 141133,253.17,Miscellaneous,,,,,indian
Credit Card Payment,301.79,Professional Fees,2019-03-13,credit,Silver Card,2019-03,excel
Bus ticket purchase - INR 47458 - Ref 378352,422.25,Travel,,,,,indian
Dominos pizza order - INR 1901 - Ref 722025,36.36,Miscellaneous,,,,,indian
KFC online order - INR 11922 - Ref 179297,509.59,Miscellaneous,,,,,indian
Consumer durable EMI - INR 19952 - Ref 196633,3782.61,Rent,,,,,indian
Share trading debit - INR 37858 - Ref 215889,4277.07,Professional Fees,,,,,indian
Airport taxi fare - INR 8815 - Ref 586071,2877.06,Travel,,,,,indian
Ola cab booking - INR 7732 - Ref 431251,1219.21,Travel,,,,,indian
Mall shopping payment - INR 12972 - Ref 483918,31.62,Office Supplies,,,,,indian
Flight ticket booking - INR 21163 - Ref 661633,2891.7,Travel,,,,,indian
Restaurant dine-in bill - INR 19930 - Ref 644581,750.89,Miscellaneous,,,,,indian
Bus ticket purchase - INR 12300 - Ref 176263,1743.04,Travel,,,,,indian
Retirement fund investment - INR 42385 - Ref 211300,2063.72,Professional Fees,,,,,indian
Zomato food delivery - INR 7690 - Ref 614159,412.69,Miscellaneous,,,,,indian
Japanese Restaurant,57.02,Miscellaneous,2018-02-03,debit,Platinum Card,2018-02,excel
Mutual fund SIP - INR 36700 - Ref 285372,1642.4,Professional Fees,,,,,indian
Retail store shopping - INR 20040 - Ref 660026,425.14,Office Supplies,,,,,indian
Rapido bike ride - INR 20104 - Ref 822070,501.9,Travel,,,,,indian
Share trading debit - INR 49878 - Ref 598109,3048.11,Professional Fees,,,,,indian
Swiggy order payment - INR 27384 - Ref 346157,932.54,Miscellaneous,,,,,indian
Flight ticket booking - INR 1954 - Ref 798242,1247.78,Travel,,,,,indian
Appliance EMI - INR 36631 - Ref 213578,1387.25,Rent,,,,,indian
Education loan EMI - INR 13300 - Ref 620551,4526.51,Rent,,,,,indian
Mobile EMI payment - INR 3848 - Ref 659783,3148.61,Rent,,,,,indian
PPF contribution - INR 38543 - Ref 116719,1853.67,Professional Fees,,,,,indian
Cafe coffee purchase - INR 24414 - Ref 260376,614.24,Miscellaneous,,,,,indian
Myntra fashion order - INR 2794 - Ref 413245,333.77,Office Supplies,,,,,indian
eBay online order - INR 29526 - Ref 653596,47.8,Office Supplies,,,,,indian
Swiggy order payment - INR 42451 - Ref 439001,99.17,Miscellaneous,,,,,indian
Appliance EMI - INR 3075 - Ref 342535,3821.81,Rent,,,,,indian
Mobile EMI payment - INR 44182 - Ref 527535,1401.86,Rent,,,,,indian
Flight ticket booking - INR 1865 - Ref 414428,1486.55,Travel,,,,,indian
Bike loan EMI - INR 28603 - Ref 810136,2693.5,Rent,,,,,indian
Gold bond investment - INR 47158 - Ref 612700,4991.12,Professional Fees,,,,,indian
Laptop EMI payment - INR 32763 - Ref 140302,4594.72,Rent,,,,,indian
Rapido bike ride - INR 7540 - Ref 414595,2555.08,Travel,,,,,indian
Bike loan EMI - INR 3114 - Ref 318720,1426.2,Rent,,,,,indian
Lifestyle store purchase - INR 27867 - Ref 393752,285.73,Office Supplies,,,,,indian
Airport taxi fare - INR 34321 - Ref 894465,2573.46,Travel,,,,,indian
BP,34.66,Travel,2018-10-22,debit,Platinum Card,2018-10,excel
Bakery purchase - INR 48267 - Ref 494856,431.95,Miscellaneous,,,,,indian
Flight ticket booking - INR 44548 - Ref 864273,1674.53,Travel,,,,,indian
Demat account transfer - INR 18236 - Ref 311191,4336.03,Professional Fees,,,,,indian
QuikTrip,29.15,Travel,2018-11-19,debit,Silver Card,2018-11,excel
Chick-Fil-A,14.19,Miscellaneous,2018-11-10,debit,Platinum Card,2018-11,excel
Personal loan EMI - INR 17531 - Ref 986360,4799.74,Rent,,,,,indian
Personal loan EMI - INR 33013 - Ref 720631,2497.2,Rent,,,,,indian
Home loan EMI - INR 9515 - Ref 706865,1358.38,Rent,,,,,indian
ETF purchase - INR 41602 - Ref 857311,3276.62,Professional Fees,,,,,indian
Retail store shopping - INR 42953 - Ref 549894,267.01,Office Supplies,,,,,indian
Mall shopping payment - INR 15759 - Ref 901823,246.61,Office Supplies,,,,,indian
Bus ticket purchase - INR 45717 - Ref 820366,363.68,Travel,,,,,indian
Dominos pizza order - INR 15575 - Ref 251220,191.01,Miscellaneous,,,,,indian
Vietnamese Restaurant,20.64,Miscellaneous,2019-04-13,debit,Platinum Card,2019-04,excel
MakeMyTrip travel booking - INR 45539 - Ref 511628,2026.01,Travel,,,,,indian
Flipkart purchase - INR 46444 - Ref 150871,162.77,Office Supplies,,,,,indian
Metro card recharge - INR 2002 - Ref 993344,268.54,Travel,,,,,indian
Metro card recharge - INR 23396 - Ref 347417,432.83,Travel,,,,,indian
Demat account transfer - INR 24672 - Ref 339702,4949.71,Professional Fees,,,,,indian
Bakery purchase - INR 44072 - Ref 517804,507.2,Miscellaneous,,,,,indian
Hotel dinner bill - INR 35977 - Ref 165469,246.54,Miscellaneous,,,,,indian
Retirement fund investment - INR 22802 - Ref 630968,4105.12,Professional Fees,,,,,indian
Cafe coffee purchase - INR 32118 - Ref 902832,744.86,Miscellaneous,,,,,indian
Dominos pizza order - INR 38284 - Ref 708777,987.14,Miscellaneous,,,,,indian
Dominos pizza order - INR 27223 - Ref 391620,194.03,Miscellaneous,,,,,indian
Airport taxi fare - INR 16874 - Ref 873106,2451.5,Travel,,,,,indian
Electronics purchase - INR 16635 - Ref 270145,342.24,Office Supplies,,,,,indian
eBay online order - INR 9273 - Ref 676816,174.88,Office Supplies,,,,,indian
Personal loan EMI - INR 44942 - Ref 179493,4652.92,Rent,,,,,indian
Ajio clothing purchase - INR 21908 - Ref 386729,488.58,Office Supplies,,,,,indian
McDonald's meal payment - INR 18476 - Ref 938877,628.61,Miscellaneous,,,,,indian
Bike loan EMI - INR 15230 - Ref 424760,1490.84,Rent,,,,,indian
Hotel stay booking - INR 28726 - Ref 233315,841.77,Travel,,,,,indian
Credit card EMI - INR 8430 - Ref 692294,4670.85,Rent,,,,,indian
Flight ticket booking - INR 14935 - Ref 773905,119.81,Travel,,,,,indian
Electronics purchase - INR 42539 - Ref 855805,447.88,Office Supplies,,,,,indian
Mall shopping payment - INR 34064 - Ref 341168,185.58,Office Supplies,,,,,indian
American Tavern,10.66,Miscellaneous,2018-04-13,debit,Platinum Card,2018-04,excel
Mall shopping payment - INR 14879 - Ref 948080,485.12,Office Supplies,,,,,indian
Amazon online shopping - INR 24833 - Ref 932849,223.11,Office Supplies,,,,,indian
Gold bond investment - INR 29246 - Ref 518519,1000.68,Professional Fees,,,,,indian
IRCTC train ticket - INR 27749 - Ref 466639,889.72,Travel,,,,,indian
Demat account transfer - INR 464 - Ref 578567,2529.45,Professional Fees,,,,,indian
Swiggy order payment - INR 43088 - Ref 957833,762.04,Miscellaneous,,,,,indian
Dominos pizza order - INR 26613 - Ref 775225,175.01,Miscellaneous,,,,,indian
Mall shopping payment - INR 906 - Ref 907259,267.74,Office Supplies,,,,,indian
Mobile EMI payment - INR 10055 - Ref 227858,2023.7,Rent,,,,,indian
Credit Card Payment,559.91,Professional Fees,2018-03-23,credit,Platinum Card,2018-03,excel
Uber ride payment - INR 12719 - Ref 217387,143.62,Travel,,,,,indian
Restaurant dine-in bill - INR 43662 - Ref 894652,277.97,Miscellaneous,,,,,indian
KFC online order - INR 11000 - Ref 789239,430.64,Miscellaneous,,,,,indian
Demat account transfer - INR 11352 - Ref 744963,3149.53,Professional Fees,,,,,indian
Zomato food delivery - INR 34089 - Ref 692498,618.33,Miscellaneous,,,,,indian
Mobile EMI payment - INR 18827 - Ref 683130,2537.3,Rent,,,,,indian
Car loan EMI - INR 21223 - Ref 836683,1020.31,Rent,,,,,indian
Hotel dinner bill - INR 22089 - Ref 846972,208.69,Miscellaneous,,,,,indian
Grocery Store,22.5,Office Supplies,2018-03-14,debit,Platinum Card,2018-03,excel
Mobile EMI payment - INR 44442 - Ref 339578,3914.18,Rent,,,,,indian
McDonald's meal payment - INR 8390 - Ref 147087,645.85,Miscellaneous,,,,,indian
Gold bond investment - INR 642 - Ref 714806,3528.92,Professional Fees,,,,,indian
Amazon,4.21,Office Supplies,2019-01-24,debit,Platinum Card,2019-01,excel
Credit card EMI - INR 37498 - Ref 942825,2748.35,Rent,,,,,indian
Grocery food items - INR 43278 - Ref 172456,430.98,Miscellaneous,,,,,indian
Retail store shopping - INR 20506 - Ref 430948,367.32,Office Supplies,,,,,indian
BP,34.08,Travel,2019-03-08,debit,Platinum Card,2019-03,excel
Fixed deposit investment - INR 28902 - Ref 910517,718.57,Professional Fees,,,,,indian
Rapido bike ride - INR 19110 - Ref 254774,712.86,Travel,,,,,indian
Hotel dinner bill - INR 16078 - Ref 104398,710.89,Miscellaneous,,,,,indian
PPF contribution - INR 1269 - Ref 228287,3359.5,Professional Fees,,,,,indian
Swiggy order payment - INR 29190 - Ref 645806,196.4,Miscellaneous,,,,,indian
Swiggy order payment - INR 31593 - Ref 792512,124.46,Miscellaneous,,,,,indian
KFC online order - INR 26192 - Ref 467260,671.94,Miscellaneous,,,,,indian
Hotel dinner bill - INR 35942 - Ref 879365,871.09,Miscellaneous,,,,,indian
PPF contribution - INR 5116 - Ref 785072,2958.27,Professional Fees,,,,,indian
Lifestyle store purchase - INR 23557 - Ref 637559,390.48,Office Supplies,,,,,indian
Car loan EMI - INR 19525 - Ref 783440,2522.93,Rent,,,,,indian
Supermarket shopping - INR 22624 - Ref 196159,197.87,Office Supplies,,,,,indian
Ajio clothing purchase - INR 5929 - Ref 191350,209.48,Office Supplies,,,,,indian
Stock market investment - INR 23960 - Ref 877224,4329.77,Professional Fees,,,,,indian
Restaurant dine-in bill - INR 40056 - Ref 611825,666.23,Miscellaneous,,,,,indian
Hotel dinner bill - INR 39129 - Ref 191039,88.22,Miscellaneous,,,,,indian
Hotel stay booking - INR 30872 - Ref 842747,2463.03,Travel,,,,,indian
Mobile EMI payment - INR 45345 - Ref 131175,4137.26,Rent,,,,,indian
Education loan EMI - INR 11813 - Ref 157768,4328.57,Rent,,,,,indian
Car loan EMI - INR 22233 - Ref 308987,4401.17,Rent,,,,,indian
Metro card recharge - INR 28127 - Ref 354714,860.49,Travel,,,,,indian
Stock market investment - INR 16441 - Ref 254276,4690.47,Professional Fees,,,,,indian
Laptop EMI payment - INR 3025 - Ref 562312,3867.75,Rent,,,,,indian
Laptop EMI payment - INR 45401 - Ref 502963,3193.73,Rent,,,,,indian
Credit Card Payment,133.95,Professional Fees,2019-02-11,debit,Checking,2019-02,excel
Electronics purchase - INR 2988 - Ref 195303,76.98,Office Supplies,,,,,indian
Credit Card Payment,145.14,Professional Fees,2018-02-05,credit,Platinum Card,2018-02,excel
Grocery Store,10.15,Office Supplies,2018-11-13,debit,Platinum Card,2018-11,excel
Appliance EMI - INR 43605 - Ref 604095,2211.28,Rent,,,,,indian
KFC online order - INR 25271 - Ref 633699,260.22,Miscellaneous,,,,,indian
Rapido bike ride - INR 45876 - Ref 391897,149.15,Travel,,,,,indian
Bike loan EMI - INR 40501 - Ref 245514,1047.45,Rent,,,,,indian
Personal loan EMI - INR 15900 - Ref 444881,2494.58,Rent,,,,,indian
Airport taxi fare - INR 3448 - Ref 270877,1221.13,Travel,,,,,indian
Gold bond investment - INR 26650 - Ref 771940,4707.91,Professional Fees,,,,,indian
Zomato food delivery - INR 2298 - Ref 495327,77.56,Miscellaneous,,,,,indian
ETF purchase - INR 33504 - Ref 512263,3142.73,Professional Fees,,,,,indian
Laptop EMI payment - INR 34169 - Ref 817576,2180.92,Rent,,,,,indian
Gas Company,30.0,Utilities,2018-04-09,debit,Checking,2018-04,excel
Share trading debit - INR 25634 - Ref 549402,593.15,Professional Fees,,,,,indian
Bakery purchase - INR 3101 - Ref 961826,485.78,Miscellaneous,,,,,indian
KFC online order - INR 39788 - Ref 728626,868.48,Miscellaneous,,,,,indian
eBay online order - INR 39767 - Ref 557273,342.7,Office Supplies,,,,,indian
PPF contribution - INR 47692 - Ref 327169,748.19,Professional Fees,,,,,indian
Personal loan EMI - INR 47665 - Ref 362463,3397.3,Rent,,,,,indian
Brewing Company,40.0,Miscellaneous,2019-04-27,debit,Platinum Card,2019-04,excel
Laptop EMI payment - INR 19410 - Ref 248151,3085.8,Rent,,,,,indian
Home loan EMI - INR 13796 - Ref 431743,2295.7,Rent,,,,,indian
Bus ticket purchase - INR 42912 - Ref 391303,739.01,Travel,,,,,indian
Hotel dinner bill - INR 17519 - Ref 226209,628.53,Miscellaneous,,,,,indian
Zomato food delivery - INR 7926 - Ref 399934,501.82,Miscellaneous,,,,,indian
Flight ticket booking - INR 17436 - Ref 953658,1077.51,Travel,,,,,indian
Retirement fund investment - INR 24777 - Ref 864784,2984.57,Professional Fees,,,,,indian
Car loan EMI - INR 3803 - Ref 515104,4951.17,Rent,,,,,indian
Hotel stay booking - INR 41607 - Ref 473334,2073.22,Travel,,,,,indian
IRCTC train ticket - INR 29561 - Ref 685237,684.64,Travel,,,,,indian
KFC online order - INR 16966 - Ref 467907,588.91,Miscellaneous,,,,,indian
Car loan EMI - INR 5877 - Ref 504708,1760.84,Rent,,,,,indian
Mutual fund SIP - INR 15968 - Ref 490279,3091.47,Professional Fees,,,,,indian
Retirement fund investment - INR 29484 - Ref 454593,2123.86,Professional Fees,,,,,indian
Credit card EMI - INR 36231 - Ref 690218,4187.03,Rent,,,,,indian
Credit Card Payment,957.6,Professional Fees,2019-03-31,credit,Platinum Card,2019-03,excel
Swiggy order payment - INR 47542 - Ref 235362,380.66,Miscellaneous,,,,,indian
Mall shopping payment - INR 26869 - Ref 513132,394.24,Office Supplies,,,,,indian
Share trading debit - INR 2198 - Ref 234583,3977.08,Professional Fees,,,,,indian
Bakery purchase - INR 22645 - Ref 367625,620.87,Miscellaneous,,,,,indian
Grocery Store,10.7,Office Supplies,2019-04-09,debit,Platinum Card,2019-04,excel
Rapido bike ride - INR 46983 - Ref 819378,1388.46,Travel,,,,,indian
Credit Card Payment,415.47,Professional Fees,2019-05-20,debit,Checking,2019-05,excel
Laptop EMI payment - INR 13740 - Ref 801366,3802.79,Rent,,,,,indian
Car loan EMI - INR 45034 - Ref 614823,3559.18,Rent,,,,,indian
Mall shopping payment - INR 49720 - Ref 482382,144.71,Office Supplies,,,,,indian
ETF purchase - INR 34581 - Ref 613870,558.5,Professional Fees,,,,,indian
Mutual fund SIP - INR 42416 - Ref 795618,4763.49,Professional Fees,,,,,indian
Mobile EMI payment - INR 32021 - Ref 518159,1803.41,Rent,,,,,indian
Flipkart purchase - INR 22724 - Ref 464742,407.94,Office Supplies,,,,,indian
Hotel stay booking - INR 42643 - Ref 318944,1450.04,Travel,,,,,indian
ETF purchase - INR 20390 - Ref 911025,4706.86,Professional Fees,,,,,indian
Fixed deposit investment - INR 45682 - Ref 883717,2905.37,Professional Fees,,,,,indian
Retirement fund investment - INR 10048 - Ref 635436,2595.2,Professional Fees,,,,,indian
Cafe coffee purchase - INR 8250 - Ref 104949,934.59,Miscellaneous,,,,,indian
PPF contribution - INR 1232 - Ref 910459,4827.33,Professional Fees,,,,,indian
Flight ticket booking - INR 7960 - Ref 559767,1911.75,Travel,,,,,indian
Mobile EMI payment - INR 46625 - Ref 432455,3042.7,Rent,,,,,indian
Uber ride payment - INR 29319 - Ref 693851,1525.77,Travel,,,,,indian
Flight ticket booking - INR 6506 - Ref 876912,1981.54,Travel,,,,,indian
Appliance EMI - INR 37140 - Ref 542182,4294.03,Rent,,,,,indian
Stock market investment - INR 42147 - Ref 359746,357.04,Professional Fees,,,,,indian
Amazon online shopping - INR 27026 - Ref 324704,119.49,Office Supplies,,,,,indian
Bakery purchase - INR 43070 - Ref 828648,872.47,Miscellaneous,,,,,indian
Cafe coffee purchase - INR 32738 - Ref 252689,988.51,Miscellaneous,,,,,indian
Dominos pizza order - INR 12102 - Ref 182501,702.37,Miscellaneous,,,,,indian
Mutual fund SIP - INR 27961 - Ref 782427,2303.2,Professional Fees,,,,,indian
Consumer durable EMI - INR 10562 - Ref 892891,2217.46,Rent,,,,,indian
Swiggy order payment - INR 11341 - Ref 627721,500.74,Miscellaneous,,,,,indian
Bus ticket purchase - INR 21011 - Ref 861174,2194.57,Travel,,,,,indian
Credit Card Payment,765.37,Professional Fees,2018-02-26,credit,Platinum Card,2018-02,excel
KFC online order - INR 5315 - Ref 421500,469.67,Miscellaneous,,,,,indian
ETF purchase - INR 26994 - Ref 299603,2820.87,Professional Fees,,,,,indian
Car loan EMI - INR 16385 - Ref 245901,1957.03,Rent,,,,,indian
Flipkart purchase - INR 16795 - Ref 830366,479.92,Office Supplies,,,,,indian
KFC online order - INR 36783 - Ref 487267,275.2,Miscellaneous,,,,,indian
Demat account transfer - INR 15709 - Ref 202258,2043.35,Professional Fees,,,,,indian
NPS contribution - INR 49951 - Ref 669056,4496.57,Professional Fees,,,,,indian
Car loan EMI - INR 31915 - Ref 834065,4447.06,Rent,,,,,indian
Cafe coffee purchase - INR 18446 - Ref 381335,30.34,Miscellaneous,,,,,indian
Grocery Store,4.59,Office Supplies,2019-02-15,debit,Platinum Card,2019-02,excel
Hardware Store,17.1,Office Supplies,2018-12-14,debit,Silver Card,2018-12,excel
ETF purchase - INR 27511 - Ref 690765,1686.37,Professional Fees,,,,,indian
Myntra fashion order - INR 46921 - Ref 370971,408.01,Office Supplies,,,,,indian
ETF purchase - INR 1494 - Ref 627601,3532.38,Professional Fees,,,,,indian
Personal loan EMI - INR 9037 - Ref 138326,4294.69,Rent,,,,,indian
Credit Card Payment,1552.65,Professional Fees,2019-04-01,debit,Checking,2019-04,excel
Car loan EMI - INR 10433 - Ref 183142,3902.36,Rent,,,,,indian
NPS contribution - INR 31732 - Ref 215865,2807.84,Professional Fees,,,,,indian
Bike loan EMI - INR 37805 - Ref 541082,2437.05,Rent,,,,,indian
PPF contribution - INR 28313 - Ref 744265,2777.46,Professional Fees,,,,,indian
NPS contribution - INR 44553 - Ref 655853,1714.41,Professional Fees,,,,,indian
Supermarket shopping - INR 20506 - Ref 906725,277.88,Office Supplies,,,,,indian
Bike loan EMI - INR 15718 - Ref 144107,3689.89,Rent,,,,,indian
Metro card recharge - INR 45627 - Ref 724453,813.28,Travel,,,,,indian
IRCTC train ticket - INR 43642 - Ref 262270,436.59,Travel,,,,,indian
Rapido bike ride - INR 17321 - Ref 987413,2034.84,Travel,,,,,indian
Demat account transfer - INR 46810 - Ref 366599,3493.27,Professional Fees,,,,,indian
Share trading debit - INR 1542 - Ref 262776,517.36,Professional Fees,,,,,indian
Fixed deposit investment - INR 32984 - Ref 281917,2756.1,Professional Fees,,,,,indian
Cafe coffee purchase - INR 28872 - Ref 989756,26.01,Miscellaneous,,,,,indian
Consumer durable EMI - INR 22402 - Ref 726952,4620.83,Rent,,,,,indian
Dominos pizza order - INR 35550 - Ref 243896,912.59,Miscellaneous,,,,,indian
PPF contribution - INR 9395 - Ref 381199,2922.77,Professional Fees,,,,,indian
Mutual fund SIP - INR 27866 - Ref 225853,4900.44,Professional Fees,,,,,indian
KFC online order - INR 10885 - Ref 684265,420.23,Miscellaneous,,,,,indian
Dominos pizza order - INR 15951 - Ref 945967,908.4,Miscellaneous,,,,,indian
eBay online order - INR 26029 - Ref 588303,91.51,Office Supplies,,,,,indian
Credit Card Payment,604.32,Professional Fees,2019-04-18,credit,Silver Card,2019-04,excel
Dominos pizza order - INR 12540 - Ref 864184,553.56,Miscellaneous,,,,,indian
Lifestyle store purchase - INR 27421 - Ref 904154,236.92,Office Supplies,,,,,indian
Mutual fund SIP - INR 10837 - Ref 735681,837.02,Professional Fees,,,,,indian
McDonald's meal payment - INR 23972 - Ref 601625,296.14,Miscellaneous,,,,,indian
Hotel dinner bill - INR 11531 - Ref 869877,643.41,Miscellaneous,,,,,indian
Mall shopping payment - INR 24850 - Ref 993111,25.49,Office Supplies,,,,,indian
ETF purchase - INR 16481 - Ref 786261,788.66,Professional Fees,,,,,indian
Supermarket shopping - INR 7762 - Ref 847888,258.18,Office Supplies,,,,,indian
Education loan EMI - INR 24916 - Ref 726311,1811.41,Rent,,,,,indian
Laptop EMI payment - INR 22889 - Ref 244182,2357.21,Rent,,,,,indian
Laptop EMI payment - INR 34664 - Ref 837873,2703.61,Rent,,,,,indian
Airport taxi fare - INR 25920 - Ref 732264,930.5,Travel,,,,,indian
Flight ticket booking - INR 30008 - Ref 768257,228.38,Travel,,,,,indian
Lifestyle store purchase - INR 34957 - Ref 323312,202.32,Office Supplies,,,,,indian
Grocery Store,15.66,Office Supplies,2018-10-01,debit,Platinum Card,2018-10,excel
Laptop EMI payment - INR 29207 - Ref 976565,2305.23,Rent,,,,,indian
Uber ride payment - INR 47994 - Ref 766170,673.68,Travel,,,,,indian
Uber ride payment - INR 7419 - Ref 272824,1977.93,Travel,,,,,indian
ETF purchase - INR 24160 - Ref 650780,3278.3,Professional Fees,,,,,indian
Amazon online shopping - INR 1742 - Ref 884688,77.59,Office Supplies,,,,,indian
Bus ticket purchase - INR 11910 - Ref 343601,235.44,Travel,,,,,indian
Amazon online shopping - INR 24514 - Ref 349036,224.24,Office Supplies,,,,,indian
Laptop EMI payment - INR 41011 - Ref 847811,2237.16,Rent,,,,,indian
NPS contribution - INR 20007 - Ref 430105,1978.02,Professional Fees,,,,,indian
Supermarket shopping - INR 24349 - Ref 557922,34.81,Office Supplies,,,,,indian
Credit card EMI - INR 775 - Ref 578126,1807.73,Rent,,,,,indian
Restaurant dine-in bill - INR 49429 - Ref 311186,174.28,Miscellaneous,,,,,indian
Myntra fashion order - INR 11689 - Ref 528365,34.3,Office Supplies,,,,,indian
ETF purchase - INR 49157 - Ref 966029,752.83,Professional Fees,,,,,indian
Demat account transfer - INR 26427 - Ref 901002,3379.31,Professional Fees,,,,,indian
Grocery Store,9.56,Office Supplies,2018-06-09,debit,Platinum Card,2018-06,excel
Hotel stay booking - INR 33705 - Ref 956895,1564.08,Travel,,,,,indian
Fixed deposit investment - INR 24600 - Ref 806930,1065.9,Professional Fees,,,,,indian
Bus ticket purchase - INR 20425 - Ref 376389,156.38,Travel,,,,,indian
Airport taxi fare - INR 25306 - Ref 301453,2448.9,Travel,,,,,indian
NPS contribution - INR 36104 - Ref 560643,1017.53,Professional Fees,,,,,indian
Stock market investment - INR 2935 - Ref 561874,1441.53,Professional Fees,,,,,indian
ETF purchase - INR 14834 - Ref 406300,3324.65,Professional Fees,,,,,indian
ETF purchase - INR 18900 - Ref 175491,4719.71,Professional Fees,,,,,indian
Credit Card Payment,375.26,Professional Fees,2019-06-20,debit,Checking,2019-06,excel
Flight ticket booking - INR 2248 - Ref 354469,2901.2,Travel,,,,,indian
Myntra fashion order - INR 10909 - Ref 945161,56.92,Office Supplies,,,,,indian
Grocery Store,4.46,Office Supplies,2019-03-27,debit,Platinum Card,2019-03,excel
Cafe coffee purchase - INR 9012 - Ref 123441,770.6,Miscellaneous,,,,,indian
Appliance EMI - INR 16557 - Ref 470368,1210.44,Rent,,,,,indian
Retirement fund investment - INR 4613 - Ref 510785,3274.3,Professional Fees,,,,,indian
Credit Card Payment,87.17,Professional Fees,2019-08-17,credit,Platinum Card,2019-08,excel
Supermarket shopping - INR 17241 - Ref 609081,182.97,Office Supplies,,,,,indian
Fixed deposit investment - INR 47054 - Ref 439899,955.57,Professional Fees,,,,,indian
Mutual fund SIP - INR 24801 - Ref 326386,607.53,Professional Fees,,,,,indian
Credit Card Payment,9.43,Professional Fees,2019-09-20,credit,Silver Card,2019-09,excel
Consumer durable EMI - INR 7482 - Ref 361211,4580.32,Rent,,,,,indian
Metro card recharge - INR 22282 - Ref 856021,702.53,Travel,,,,,indian
Brunch Restaurant,8.5,Miscellaneous,2018-06-23,debit,Silver Card,2018-06,excel
Retirement fund investment - INR 6826 - Ref 590241,981.67,Professional Fees,,,,,indian
Restaurant dine-in bill - INR 46160 - Ref 969757,664.45,Miscellaneous,,,,,indian
Laptop EMI payment - INR 25038 - Ref 200708,4341.88,Rent,,,,,indian
Ajio clothing purchase - INR 25662 - Ref 119682,321.48,Office Supplies,,,,,indian
KFC online order - INR 20696 - Ref 531038,642.09,Miscellaneous,,,,,indian
McDonald's meal payment - INR 49806 - Ref 936568,739.12,Miscellaneous,,,,,indian
Shell,35.65,Travel,2018-08-30,debit,Platinum Card,2018-08,excel
Mutual fund SIP - INR 31429 - Ref 917488,1721.8,Professional Fees,,,,,indian
Education loan EMI - INR 47382 - Ref 223085,2928.96,Rent,,,,,indian
Gold bond investment - INR 35978 - Ref 907127,2169.81,Professional Fees,,,,,indian
Retail store shopping - INR 14233 - Ref 400968,41.26,Office Supplies,,,,,indian
Ajio clothing purchase - INR 5712 - Ref 441887,458.71,Office Supplies,,,,,indian
eBay online order - INR 43597 - Ref 510947,432.18,Office Supplies,,,,,indian
Home loan EMI - INR 27494 - Ref 377559,4740.17,Rent,,,,,indian
Swiggy order payment - INR 15565 - Ref 103225,423.75,Miscellaneous,,,,,indian
PPF contribution - INR 48001 - Ref 158573,1879.81,Professional Fees,,,,,indian
MakeMyTrip travel booking - INR 4871 - Ref 346991,1484.37,Travel,,,,,indian
Flipkart purchase - INR 17226 - Ref 909761,46.84,Office Supplies,,,,,indian
Retail store shopping - INR 43024 - Ref 808401,103.62,Office Supplies,,,,,indian
Uber ride payment - INR 8446 - Ref 172842,857.11,Travel,,,,,indian
Flipkart purchase - INR 23673 - Ref 584355,27.89,Office Supplies,,,,,indian
Dominos pizza order - INR 20863 - Ref 331677,809.7,Miscellaneous,,,,,indian
PPF contribution - INR 48551 - Ref 942902,4930.34,Professional Fees,,,,,indian
Cafe coffee purchase - INR 18713 - Ref 947765,431.4,Miscellaneous,,,,,indian
Education loan EMI - INR 29500 - Ref 218690,4909.92,Rent,,,,,indian
Swiggy order payment - INR 39897 - Ref 935429,391.54,Miscellaneous,,,,,indian
KFC online order - INR 40219 - Ref 780229,623.9,Miscellaneous,,,,,indian
Share trading debit - INR 31348 - Ref 504741,230.48,Professional Fees,,,,,indian
Grocery Store,92.98,Office Supplies,2019-07-06,debit,Platinum Card,2019-07,excel
Supermarket shopping - INR 45105 - Ref 777096,469.84,Office Supplies,,,,,indian
PPF contribution - INR 19843 - Ref 836465,3168.89,Professional Fees,,,,,indian
Metro card recharge - INR 22977 - Ref 461467,1309.6,Travel,,,,,indian
Irish Pub,22.0,Miscellaneous,2018-04-08,debit,Platinum Card,2018-04,excel
Hardware Store,15.47,Office Supplies,2018-11-17,debit,Platinum Card,2018-11,excel
McDonald's meal payment - INR 32759 - Ref 505742,511.23,Miscellaneous,,,,,indian
KFC online order - INR 6154 - Ref 907674,599.94,Miscellaneous,,,,,indian
Metro card recharge - INR 6111 - Ref 237767,464.9,Travel,,,,,indian
Mutual fund SIP - INR 41301 - Ref 889716,933.2,Professional Fees,,,,,indian
Demat account transfer - INR 11880 - Ref 747794,2195.72,Professional Fees,,,,,indian
Mike's Construction Co.,9200.0,Office Supplies,2019-06-20,debit,Checking,2019-06,excel
Swiggy order payment - INR 28280 - Ref 987935,468.17,Miscellaneous,,,,,indian
Electronics purchase - INR 30753 - Ref 805632,102.18,Office Supplies,,,,,indian
Supermarket shopping - INR 24756 - Ref 810337,224.07,Office Supplies,,,,,indian
Uber ride payment - INR 37666 - Ref 724280,702.76,Travel,,,,,indian
Amazon online shopping - INR 22221 - Ref 335726,427.05,Office Supplies,,,,,indian
Gold bond investment - INR 13721 - Ref 272209,3723.57,Professional Fees,,,,,indian
Airport taxi fare - INR 26764 - Ref 361925,2924.91,Travel,,,,,indian
Electronics purchase - INR 47790 - Ref 959509,393.45,Office Supplies,,,,,indian
Swiggy order payment - INR 11989 - Ref 364089,381.69,Miscellaneous,,,,,indian
Restaurant dine-in bill - INR 43705 - Ref 689510,972.72,Miscellaneous,,,,,indian
Bike loan EMI - INR 2531 - Ref 360365,3686.53,Rent,,,,,indian
Metro card recharge - INR 906 - Ref 820349,769.75,Travel,,,,,indian
Airport taxi fare - INR 9901 - Ref 994395,1867.34,Travel,,,,,indian
Zomato food delivery - INR 10505 - Ref 697885,818.56,Miscellaneous,,,,,indian
Stock market investment - INR 37199 - Ref 353362,1278.28,Professional Fees,,,,,indian
Education loan EMI - INR 41500 - Ref 794145,2916.32,Rent,,,,,indian
Rapido bike ride - INR 4321 - Ref 518918,565.37,Travel,,,,,indian
Home loan EMI - INR 1250 - Ref 808327,2094.55,Rent,,,,,indian
Grocery food items - INR 46539 - Ref 892286,812.45,Miscellaneous,,,,,indian
Home loan EMI - INR 5731 - Ref 935762,1290.17,Rent,,,,,indian
Flight ticket booking - INR 32370 - Ref 851968,2213.02,Travel,,,,,indian
Dominos pizza order - INR 24121 - Ref 437866,395.32,Miscellaneous,,,,,indian
MakeMyTrip travel booking - INR 44976 - Ref 195417,1776.72,Travel,,,,,indian
ETF purchase - INR 10785 - Ref 796806,357.93,Professional Fees,,,,,indian
Swiggy order payment - INR 15486 - Ref 425550,620.82,Miscellaneous,,,,,indian
Lifestyle store purchase - INR 546 - Ref 309301,344.78,Office Supplies,,,,,indian
Mall shopping payment - INR 37551 - Ref 944855,418.34,Office Supplies,,,,,indian
Hotel stay booking - INR 310 - Ref 169046,208.71,Travel,,,,,indian
Personal loan EMI - INR 33591 - Ref 720905,4064.21,Rent,,,,,indian
Consumer durable EMI - INR 41175 - Ref 395849,2884.88,Rent,,,,,indian
PPF contribution - INR 36823 - Ref 673060,2518.53,Professional Fees,,,,,indian
Uber ride payment - INR 10925 - Ref 227982,1278.93,Travel,,,,,indian
Fixed deposit investment - INR 40687 - Ref 174801,2140.04,Professional Fees,,,,,indian
Seafood Restaurant,131.1,Miscellaneous,2019-09-22,debit,Platinum Card,2019-09,excel
Mutual fund SIP - INR 27200 - Ref 152505,3282.77,Professional Fees,,,,,indian
eBay online order - INR 31851 - Ref 452794,67.17,Office Supplies,,,,,indian
KFC online order - INR 41460 - Ref 555481,109.57,Miscellaneous,,,,,indian
Supermarket shopping - INR 20864 - Ref 704369,112.7,Office Supplies,,,,,indian
Valero,40.71,Travel,2018-09-27,debit,Platinum Card,2018-09,excel
Fixed deposit investment - INR 7369 - Ref 517998,1585.44,Professional Fees,,,,,indian
Mobile EMI payment - INR 44420 - Ref 711741,3263.43,Rent,,,,,indian
Laptop EMI payment - INR 14572 - Ref 576168,3306.66,Rent,,,,,indian
Laptop EMI payment - INR 23771 - Ref 339972,2977.18,Rent,,,,,indian
Amazon online shopping - INR 15224 - Ref 113699,168.01,Office Supplies,,,,,indian
Mall shopping payment - INR 48388 - Ref 119796,236.02,Office Supplies,,,,,indian
Lifestyle store purchase - INR 23382 - Ref 963160,335.07,Office Supplies,,,,,indian
KFC online order - INR 9469 - Ref 954107,824.87,Miscellaneous,,,,,indian
Grocery food items - INR 8800 - Ref 126673,144.74,Miscellaneous,,,,,indian
Car loan EMI - INR 20537 - Ref 317418,2434.7,Rent,,,,,indian
PPF contribution - INR 30621 - Ref 750134,709.45,Professional Fees,,,,,indian
McDonald's meal payment - INR 42672 - Ref 694234,190.96,Miscellaneous,,,,,indian
Myntra fashion order - INR 39475 - Ref 857544,360.72,Office Supplies,,,,,indian
Laptop EMI payment - INR 20582 - Ref 564920,4852.99,Rent,,,,,indian
Zomato food delivery - INR 48824 - Ref 262478,160.71,Miscellaneous,,,,,indian
Fixed deposit investment - INR 11944 - Ref 714935,3411.09,Professional Fees,,,,,indian
Metro card recharge - INR 3051 - Ref 986468,1943.34,Travel,,,,,indian
Gold bond investment - INR 26091 - Ref 383303,346.7,Professional Fees,,,,,indian
Retail store shopping - INR 5965 - Ref 295571,413.58,Office Supplies,,,,,indian
Consumer durable EMI - INR 2898 - Ref 255817,2067.91,Rent,,,,,indian
Zomato food delivery - INR 18745 - Ref 642824,165.29,Miscellaneous,,,,,indian
eBay online order - INR 1714 - Ref 480282,140.19,Office Supplies,,,,,indian
Flight ticket booking - INR 405 - Ref 816151,2513.82,Travel,,,,,indian
Cafe coffee purchase - INR 33004 - Ref 304376,206.12,Miscellaneous,,,,,indian
Personal loan EMI - INR 8730 - Ref 246824,3010.29,Rent,,,,,indian
KFC online order - INR 26086 - Ref 620125,24.03,Miscellaneous,,,,,indian
Ola cab booking - INR 16901 - Ref 326365,830.34,Travel,,,,,indian
Consumer durable EMI - INR 32757 - Ref 516162,3465.37,Rent,,,,,indian
Credit card EMI - INR 19139 - Ref 535705,3521.19,Rent,,,,,indian
Grocery food items - INR 23987 - Ref 494956,603.29,Miscellaneous,,,,,indian
Restaurant dine-in bill - INR 2582 - Ref 316921,709.24,Miscellaneous,,,,,indian
NPS contribution - INR 40161 - Ref 603138,539.98,Professional Fees,,,,,indian
Pizza Place,32.91,Miscellaneous,2018-01-13,debit,Platinum Card,2018-01,excel
MakeMyTrip travel booking - INR 2953 - Ref 869316,2004.34,Travel,,,,,indian
Laptop EMI payment - INR 3963 - Ref 862331,4083.5,Rent,,,,,indian
NPS contribution - INR 19990 - Ref 693681,1489.1,Professional Fees,,,,,indian
Hotel stay booking - INR 22916 - Ref 424748,1657.58,Travel,,,,,indian
Credit card EMI - INR 3498 - Ref 143846,1134.31,Rent,,,,,indian
Grocery food items - INR 30303 - Ref 535588,486.2,Miscellaneous,,,,,indian
NPS contribution - INR 15634 - Ref 589149,1591.17,Professional Fees,,,,,indian
Myntra fashion order - INR 23137 - Ref 155237,335.98,Office Supplies,,,,,indian
Gold bond investment - INR 16634 - Ref 706261,1121.27,Professional Fees,,,,,indian
PPF contribution - INR 35167 - Ref 489279,294.76,Professional Fees,,,,,indian
Bus ticket purchase - INR 5613 - Ref 508637,128.68,Travel,,,,,indian
BP,33.8,Travel,2019-02-25,debit,Silver Card,2019-02,excel
Gold bond investment - INR 7369 - Ref 603587,1331.73,Professional Fees,,,,,indian
Ola cab booking - INR 19924 - Ref 170451,452.78,Travel,,,,,indian
Mutual fund SIP - INR 6941 - Ref 611994,1003.5,Professional Fees,,,,,indian
PPF contribution - INR 23172 - Ref 337306,611.14,Professional Fees,,,,,indian
Restaurant dine-in bill - INR 23308 - Ref 245914,865.34,Miscellaneous,,,,,indian
Metro card recharge - INR 34346 - Ref 232870,2535.51,Travel,,,,,indian
MakeMyTrip travel booking - INR 31588 - Ref 516065,1967.38,Travel,,,,,indian
Metro card recharge - INR 44872 - Ref 679027,2478.68,Travel,,,,,indian
McDonald's meal payment - INR 30571 - Ref 355058,545.15,Miscellaneous,,,,,indian
Lifestyle store purchase - INR 30542 - Ref 776295,131.52,Office Supplies,,,,,indian
Gold bond investment - INR 36951 - Ref 402936,4169.65,Professional Fees,,,,,indian
IRCTC train ticket - INR 34310 - Ref 714087,2058.23,Travel,,,,,indian
Ola cab booking - INR 20906 - Ref 208550,238.19,Travel,,,,,indian
Ajio clothing purchase - INR 31480 - Ref 206332,21.28,Office Supplies,,,,,indian
Amazon,11.11,Office Supplies,2018-01-01,debit,Platinum Card,2018-01,excel
Ajio clothing purchase - INR 2408 - Ref 253683,491.54,Office Supplies,,,,,indian
NPS contribution - INR 32309 - Ref 351996,2838.39,Professional Fees,,,,,indian
Credit Card Payment,360.56,Professional Fees,2019-09-11,credit,Silver Card,2019-09,excel
Restaurant dine-in bill - INR 27609 - Ref 295863,42.71,Miscellaneous,,,,,indian
Home loan EMI - INR 41707 - Ref 981938,1534.28,Rent,,,,,indian
MakeMyTrip travel booking - INR 38774 - Ref 757783,1129.16,Travel,,,,,indian
Consumer durable EMI - INR 33466 - Ref 588152,3941.72,Rent,,,,,indian
Stock market investment - INR 34477 - Ref 587632,407.92,Professional Fees,,,,,indian
Bakery purchase - INR 3130 - Ref 536940,654.4,Miscellaneous,,,,,indian
McDonald's meal payment - INR 21254 - Ref 115595,812.62,Miscellaneous,,,,,indian
Hotel stay booking - INR 19878 - Ref 163066,1850.48,Travel,,,,,indian
Home loan EMI - INR 5944 - Ref 675004,4529.82,Rent,,,,,indian
Car loan EMI - INR 5974 - Ref 440100,1950.32,Rent,,,,,indian
Uber ride payment - INR 39786 - Ref 756608,750.77,Travel,,,,,indian
Fixed deposit investment - INR 32468 - Ref 130029,4396.16,Professional Fees,,,,,indian
Gold bond investment - INR 33058 - Ref 781594,3346.44,Professional Fees,,,,,indian
NPS contribution - INR 31103 - Ref 137020,415.41,Professional Fees,,,,,indian
Appliance EMI - INR 33584 - Ref 919412,3403.35,Rent,,,,,indian
Education loan EMI - INR 46153 - Ref 240942,2440.5,Rent,,,,,indian
Credit Card Payment,1216.94,Professional Fees,2018-04-26,credit,Platinum Card,2018-04,excel
Flight ticket booking - INR 25394 - Ref 557655,1478.39,Travel,,,,,indian
Mobile EMI payment - INR 12534 - Ref 657212,4588.0,Rent,,,,,indian
PPF contribution - INR 39501 - Ref 971046,379.34,Professional Fees,,,,,indian
Mall shopping payment - INR 28582 - Ref 945468,485.17,Office Supplies,,,,,indian
Demat account transfer - INR 48028 - Ref 663681,3690.11,Professional Fees,,,,,indian
Electronics purchase - INR 30111 - Ref 893824,101.4,Office Supplies,,,,,indian
NPS contribution - INR 3583 - Ref 580994,3735.06,Professional Fees,,,,,indian
Hotel dinner bill - INR 12814 - Ref 742307,645.75,Miscellaneous,,,,,indian
Retirement fund investment - INR 37749 - Ref 867360,2804.53,Professional Fees,,,,,indian
Flipkart purchase - INR 42485 - Ref 485778,423.62,Office Supplies,,,,,indian
eBay online order - INR 35298 - Ref 738914,99.46,Office Supplies,,,,,indian
Mobile EMI payment - INR 9812 - Ref 723400,3355.24,Rent,,,,,indian
ETF purchase - INR 44903 - Ref 777818,2832.11,Professional Fees,,,,,indian
Fixed deposit investment - INR 22615 - Ref 429536,1764.17,Professional Fees,,,,,indian
Demat account transfer - INR 2571 - Ref 989609,3472.81,Professional Fees,,,,,indian
Stock market investment - INR 4952 - Ref 857950,4910.01,Professional Fees,,,,,indian
Credit Card Payment,769.72,Professional Fees,2018-04-26,credit,Silver Card,2018-04,excel
Gold bond investment - INR 4872 - Ref 413770,1883.03,Professional Fees,,,,,indian
Retail store shopping - INR 47655 - Ref 394361,253.58,Office Supplies,,,,,indian
Bike loan EMI - INR 40941 - Ref 499266,3022.38,Rent,,,,,indian
Flipkart purchase - INR 8904 - Ref 197968,149.37,Office Supplies,,,,,indian
Electronics purchase - INR 23086 - Ref 588638,338.77,Office Supplies,,,,,indian
Supermarket shopping - INR 21499 - Ref 432836,127.64,Office Supplies,,,,,indian
Flipkart purchase - INR 38950 - Ref 466699,271.26,Office Supplies,,,,,indian
eBay online order - INR 41187 - Ref 511264,75.71,Office Supplies,,,,,indian
Car loan EMI - INR 31054 - Ref 512479,4185.94,Rent,,,,,indian
Amazon online shopping - INR 44724 - Ref 219391,204.61,Office Supplies,,,,,indian
Rapido bike ride - INR 7961 - Ref 816192,1585.91,Travel,,,,,indian
Myntra fashion order - INR 49239 - Ref 970331,409.32,Office Supplies,,,,,indian
Grocery Store,8.21,Office Supplies,2019-02-13,debit,Platinum Card,2019-02,excel
ETF purchase - INR 48659 - Ref 746641,4618.08,Professional Fees,,,,,indian
Hotel dinner bill - INR 43919 - Ref 519725,658.54,Miscellaneous,,,,,indian
ETF purchase - INR 24188 - Ref 825179,1165.7,Professional Fees,,,,,indian
IRCTC train ticket - INR 26264 - Ref 114942,1985.37,Travel,,,,,indian
Home loan EMI - INR 25678 - Ref 321189,4391.47,Rent,,,,,indian
Mutual fund SIP - INR 36408 - Ref 326155,2052.5,Professional Fees,,,,,indian
Supermarket shopping - INR 21991 - Ref 181159,81.63,Office Supplies,,,,,indian
Ola cab booking - INR 44036 - Ref 726787,1565.99,Travel,,,,,indian
Consumer durable EMI - INR 33398 - Ref 606489,2536.65,Rent,,,,,indian
Dominos pizza order - INR 16516 - Ref 522987,543.74,Miscellaneous,,,,,indian
Flipkart purchase - INR 34488 - Ref 515892,229.31,Office Supplies,,,,,indian
Lifestyle store purchase - INR 41074 - Ref 732676,324.0,Office Supplies,,,,,indian
Flipkart purchase - INR 38699 - Ref 122102,227.42,Office Supplies,,,,,indian
Mutual fund SIP - INR 11624 - Ref 116291,4751.38,Professional Fees,,,,,indian
Flipkart purchase - INR 43425 - Ref 724441,414.76,Office Supplies,,,,,indian
Flight ticket booking - INR 33584 - Ref 859905,1802.39,Travel,,,,,indian
Fixed deposit investment - INR 776 - Ref 380744,2794.8,Professional Fees,,,,,indian
MakeMyTrip travel booking - INR 2644 - Ref 973445,1509.94,Travel,,,,,indian
Credit Card Payment,816.27,Professional Fees,2018-08-02,credit,Platinum Card,2018-08,excel
Gold bond investment - INR 4331 - Ref 661639,3146.37,Professional Fees,,,,,indian
Car loan EMI - INR 35094 - Ref 851987,4205.67,Rent,,,,,indian
MakeMyTrip travel booking - INR 15875 - Ref 614231,1595.23,Travel,,,,,indian
Amazon online shopping - INR 9340 - Ref 922798,211.18,Office Supplies,,,,,indian
MakeMyTrip travel booking - INR 40066 - Ref 824634,1625.7,Travel,,,,,indian
Car loan EMI - INR 49709 - Ref 686720,2904.65,Rent,,,,,indian
Laptop EMI payment - INR 8847 - Ref 107852,3026.76,Rent,,,,,indian
Electronics purchase - INR 39245 - Ref 372459,52.48,Office Supplies,,,,,indian
Swiggy order payment - INR 37676 - Ref 324074,306.14,Miscellaneous,,,,,indian
Mutual fund SIP - INR 48855 - Ref 992967,2376.66,Professional Fees,,,,,indian
Amazon,14.97,Office Supplies,2018-03-20,debit,Platinum Card,2018-03,excel
MakeMyTrip travel booking - INR 26476 - Ref 872788,937.17,Travel,,,,,indian
Mutual fund SIP - INR 38401 - Ref 269698,3915.85,Professional Fees,,,,,indian
NPS contribution - INR 46516 - Ref 838445,1480.76,Professional Fees,,,,,indian
Personal loan EMI - INR 48856 - Ref 450024,3813.75,Rent,,,,,indian
ETF purchase - INR 45160 - Ref 241310,2723.94,Professional Fees,,,,,indian
Flipkart purchase - INR 16699 - Ref 278216,232.24,Office Supplies,,,,,indian
Education loan EMI - INR 47940 - Ref 770836,4583.06,Rent,,,,,indian
Swiggy order payment - INR 39958 - Ref 271500,52.95,Miscellaneous,,,,,indian
KFC online order - INR 44931 - Ref 433494,31.72,Miscellaneous,,,,,indian
Uber ride payment - INR 31318 - Ref 602472,1634.26,Travel,,,,,indian
Bus ticket purchase - INR 40835 - Ref 844677,1863.15,Travel,,,,,indian
MakeMyTrip travel booking - INR 12300 - Ref 824348,1371.89,Travel,,,,,indian
Uber ride payment - INR 10607 - Ref 797851,130.68,Travel,,,,,indian
BBQ Restaurant,42.24,Miscellaneous,2018-03-04,debit,Platinum Card,2018-03,excel
BBQ Restaurant,41.78,Miscellaneous,2019-08-31,debit,Silver Card,2019-08,excel
Retail store shopping - INR 14897 - Ref 589351,59.96,Office Supplies,,,,,indian
Restaurant dine-in bill - INR 24699 - Ref 931026,432.6,Miscellaneous,,,,,indian
Zomato food delivery - INR 39036 - Ref 172524,849.18,Miscellaneous,,,,,indian
Rapido bike ride - INR 48031 - Ref 343292,2339.76,Travel,,,,,indian
Share trading debit - INR 28216 - Ref 339994,381.23,Professional Fees,,,,,indian
Education loan EMI - INR 15229 - Ref 424024,4892.82,Rent,,,,,indian
Ajio clothing purchase - INR 38057 - Ref 967638,198.78,Office Supplies,,,,,indian
Hotel dinner bill - INR 25465 - Ref 479162,956.77,Miscellaneous,,,,,indian
Lifestyle store purchase - INR 20945 - Ref 892084,180.85,Office Supplies,,,,,indian
Bakery purchase - INR 11986 - Ref 990055,315.09,Miscellaneous,,,,,indian
Rapido bike ride - INR 38791 - Ref 596336,2781.47,Travel,,,,,indian
ETF purchase - INR 23792 - Ref 708360,3026.96,Professional Fees,,,,,indian
ETF purchase - INR 21132 - Ref 424111,4101.68,Professional Fees,,,,,indian
ETF purchase - INR 40271 - Ref 354712,2398.6,Professional Fees,,,,,indian
Mutual fund SIP - INR 15389 - Ref 278229,544.38,Professional Fees,,,,,indian
McDonald's meal payment - INR 23559 - Ref 106195,792.07,Miscellaneous,,,,,indian
Metro card recharge - INR 20262 - Ref 542384,2562.55,Travel,,,,,indian
Shell,30.42,Travel,2018-01-29,debit,Silver Card,2018-01,excel
Retirement fund investment - INR 44156 - Ref 112624,2903.21,Professional Fees,,,,,indian
Home loan EMI - INR 35414 - Ref 867171,1989.59,Rent,,,,,indian
Metro card recharge - INR 40325 - Ref 366066,646.93,Travel,,,,,indian
Gold bond investment - INR 19770 - Ref 874607,2123.76,Professional Fees,,,,,indian
Bike loan EMI - INR 15070 - Ref 228977,3122.03,Rent,,,,,indian
Mall shopping payment - INR 40983 - Ref 602376,211.4,Office Supplies,,,,,indian
Phone Company,111.18,Utilities,2018-05-10,debit,Checking,2018-05,excel
Mutual fund SIP - INR 10352 - Ref 457708,4414.21,Professional Fees,,,,,indian
Bakery purchase - INR 26731 - Ref 228612,487.02,Miscellaneous,,,,,indian
Amazon,27.54,Office Supplies,2019-04-06,debit,Platinum Card,2019-04,excel
Ajio clothing purchase - INR 13628 - Ref 668559,495.54,Office Supplies,,,,,indian
Tiny Deli,9.76,Miscellaneous,2018-04-06,debit,Platinum Card,2018-04,excel
Mobile EMI payment - INR 4850 - Ref 454025,2823.71,Rent,,,,,indian
Ola cab booking - INR 45422 - Ref 187170,2368.12,Travel,,,,,indian
Flipkart purchase - INR 34503 - Ref 590622,93.36,Office Supplies,,,,,indian
Credit Card Payment,305.28,Professional Fees,2019-07-08,debit,Checking,2019-07,excel
Restaurant dine-in bill - INR 35642 - Ref 915282,442.31,Miscellaneous,,,,,indian
Zomato food delivery - INR 45178 - Ref 387963,116.45,Miscellaneous,,,,,indian
Hotel dinner bill - INR 11071 - Ref 647034,717.44,Miscellaneous,,,,,indian
Laptop EMI payment - INR 43841 - Ref 621981,1248.5,Rent,,,,,indian
Bakery purchase - INR 1561 - Ref 730324,691.15,Miscellaneous,,,,,indian
Supermarket shopping - INR 44572 - Ref 462936,393.16,Office Supplies,,,,,indian
ETF purchase - INR 10171 - Ref 111780,4071.14,Professional Fees,,,,,indian
Mobile EMI payment - INR 32522 - Ref 782545,2655.81,Rent,,,,,indian
Cafe coffee purchase - INR 39541 - Ref 468291,872.31,Miscellaneous,,,,,indian
Mutual fund SIP - INR 39020 - Ref 288384,3548.59,Professional Fees,,,,,indian
Personal loan EMI - INR 29151 - Ref 793945,4843.12,Rent,,,,,indian
Cafe coffee purchase - INR 16958 - Ref 764810,627.36,Miscellaneous,,,,,indian
Education loan EMI - INR 17559 - Ref 389172,4456.2,Rent,,,,,indian
Brunch Restaurant,17.62,Miscellaneous,2018-01-29,debit,Platinum Card,2018-01,excel
Demat account transfer - INR 31420 - Ref 563183,4067.23,Professional Fees,,,,,indian
Fixed deposit investment - INR 43390 - Ref 607918,3746.12,Professional Fees,,,,,indian
Ajio clothing purchase - INR 31997 - Ref 949454,487.68,Office Supplies,,,,,indian
PPF contribution - INR 25330 - Ref 784494,3976.61,Professional Fees,,,,,indian
Cafe coffee purchase - INR 44423 - Ref 138791,301.88,Miscellaneous,,,,,indian
Retirement fund investment - INR 27743 - Ref 911069,1919.2,Professional Fees,,,,,indian
Best Buy,44.93,Software/Subscriptions,2019-04-12,debit,Silver Card,2019-04,excel
eBay online order - INR 35160 - Ref 919087,431.09,Office Supplies,,,,,indian
Bike loan EMI - INR 12791 - Ref 578375,2323.4,Rent,,,,,indian
Dominos pizza order - INR 27024 - Ref 537814,401.37,Miscellaneous,,,,,indian
Electronics purchase - INR 49201 - Ref 236798,20.32,Office Supplies,,,,,indian
Metro card recharge - INR 47830 - Ref 202363,2216.08,Travel,,,,,indian
Share trading debit - INR 24709 - Ref 518210,4856.65,Professional Fees,,,,,indian
Myntra fashion order - INR 23058 - Ref 185762,275.72,Office Supplies,,,,,indian
eBay online order - INR 8905 - Ref 250228,406.44,Office Supplies,,,,,indian
NPS contribution - INR 27901 - Ref 910245,4548.43,Professional Fees,,,,,indian
NPS contribution - INR 29475 - Ref 109796,4895.23,Professional Fees,,,,,indian
Amazon online shopping - INR 41169 - Ref 928888,46.84,Office Supplies,,,,,indian
Stock market investment - INR 26742 - Ref 759126,3026.58,Professional Fees,,,,,indian
ETF purchase - INR 29793 - Ref 121900,1514.22,Professional Fees,,,,,indian
Ajio clothing purchase - INR 30206 - Ref 155679,215.65,Office Supplies,,,,,indian
Swiggy order payment - INR 9046 - Ref 254761,387.95,Miscellaneous,,,,,indian
Restaurant dine-in bill - INR 3511 - Ref 630816,780.14,Miscellaneous,,,,,indian
Electronics purchase - INR 18046 - Ref 243558,387.41,Office Supplies,,,,,indian
Laptop EMI payment - INR 1756 - Ref 173908,3883.71,Rent,,,,,indian
McDonald's meal payment - INR 17911 - Ref 854486,149.27,Miscellaneous,,,,,indian
Grocery food items - INR 46046 - Ref 917853,430.19,Miscellaneous,,,,,indian
Education loan EMI - INR 26107 - Ref 173017,4174.79,Rent,,,,,indian
Cafe coffee purchase - INR 28227 - Ref 692368,833.38,Miscellaneous,,,,,indian
Credit card EMI - INR 8415 - Ref 393634,2108.87,Rent,,,,,indian
Hotel stay booking - INR 3145 - Ref 316314,1530.1,Travel,,,,,indian
Stock market investment - INR 19564 - Ref 982075,2018.77,Professional Fees,,,,,indian
Metro card recharge - INR 22101 - Ref 378299,1588.05,Travel,,,,,indian
Amazon online shopping - INR 39365 - Ref 401801,166.49,Office Supplies,,,,,indian
MakeMyTrip travel booking - INR 28175 - Ref 873798,2203.3,Travel,,,,,indian
Flipkart purchase - INR 40190 - Ref 542069,57.67,Office Supplies,,,,,indian
Supermarket shopping - INR 42546 - Ref 849716,425.73,Office Supplies,,,,,indian
Mall shopping payment - INR 19153 - Ref 828104,213.09,Office Supplies,,,,,indian
Share trading debit - INR 40273 - Ref 859608,2999.11,Professional Fees,,,,,indian
eBay online order - INR 25099 - Ref 293805,393.28,Office Supplies,,,,,indian
Supermarket shopping - INR 48286 - Ref 312502,140.04,Office Supplies,,,,,indian
PPF contribution - INR 11061 - Ref 432381,2425.69,Professional Fees,,,,,indian
Bike loan EMI - INR 27429 - Ref 913485,4410.88,Rent,,,,,indian
Zomato food delivery - INR 37155 - Ref 672579,433.48,Miscellaneous,,,,,indian
Bus ticket purchase - INR 16506 - Ref 772181,2378.58,Travel,,,,,indian
Dominos pizza order - INR 40819 - Ref 256959,456.65,Miscellaneous,,,,,indian
Demat account transfer - INR 40802 - Ref 907405,4974.47,Professional Fees,,,,,indian
Thai Restaurant,27.47,Miscellaneous,2019-02-08,debit,Platinum Card,2019-02,excel
Education loan EMI - INR 32253 - Ref 993303,3139.88,Rent,,,,,indian
Ajio clothing purchase - INR 39813 - Ref 952669,179.46,Office Supplies,,,,,indian
Shell,38.06,Travel,2018-10-08,debit,Silver Card,2018-10,excel
Ola cab booking - INR 9112 - Ref 325340,1689.65,Travel,,,,,indian
Bakery purchase - INR 31687 - Ref 649050,693.42,Miscellaneous,,,,,indian
Bakery purchase - INR 26457 - Ref 314730,387.34,Miscellaneous,,,,,indian
KFC online order - INR 22889 - Ref 516687,50.55,Miscellaneous,,,,,indian
Retail store shopping - INR 19286 - Ref 969138,242.46,Office Supplies,,,,,indian
ETF purchase - INR 12657 - Ref 609998,1435.17,Professional Fees,,,,,indian
Ajio clothing purchase - INR 3675 - Ref 484649,351.07,Office Supplies,,,,,indian
Airport taxi fare - INR 36604 - Ref 986069,1504.72,Travel,,,,,indian
Amazon online shopping - INR 219 - Ref 879809,427.01,Office Supplies,,,,,indian
Restaurant dine-in bill - INR 31056 - Ref 180963,726.42,Miscellaneous,,,,,indian
Stock market investment - INR 48502 - Ref 863472,4366.84,Professional Fees,,,,,indian
Consumer durable EMI - INR 45667 - Ref 902694,2705.86,Rent,,,,,indian
Hotel stay booking - INR 30338 - Ref 617786,210.97,Travel,,,,,indian
Lifestyle store purchase - INR 8845 - Ref 395810,84.29,Office Supplies,,,,,indian
Metro card recharge - INR 31539 - Ref 391960,2813.0,Travel,,,,,indian
Personal loan EMI - INR 23691 - Ref 701627,2586.62,Rent,,,,,indian
Stock market investment - INR 6822 - Ref 183834,1619.79,Professional Fees,,,,,indian
Dominos pizza order - INR 31756 - Ref 168533,454.8,Miscellaneous,,,,,indian
Share trading debit - INR 13255 - Ref 863531,3861.08,Professional Fees,,,,,indian
Lifestyle store purchase - INR 11999 - Ref 251567,107.87,Office Supplies,,,,,indian
Electronics purchase - INR 31255 - Ref 943212,74.8,Office Supplies,,,,,indian
Airport taxi fare - INR 37974 - Ref 794814,1632.89,Travel,,,,,indian
Bus ticket purchase - INR 28410 - Ref 893803,2476.7,Travel,,,,,indian
Personal loan EMI - INR 6933 - Ref 634038,3743.2,Rent,,,,,indian
Home loan EMI - INR 24137 - Ref 182246,2405.76,Rent,,,,,indian
Mutual fund SIP - INR 12234 - Ref 536500,948.78,Professional Fees,,,,,indian
Myntra fashion order - INR 13033 - Ref 763962,423.58,Office Supplies,,,,,indian
Education loan EMI - INR 21968 - Ref 802951,1346.02,Rent,,,,,indian
Supermarket shopping - INR 10866 - Ref 940533,275.15,Office Supplies,,,,,indian
Appliance EMI - INR 49403 - Ref 184143,3421.71,Rent,,,,,indian
Consumer durable EMI - INR 2977 - Ref 300040,2913.97,Rent,,,,,indian
IRCTC train ticket - INR 36489 - Ref 117821,1712.64,Travel,,,,,indian
Gold bond investment - INR 10791 - Ref 225154,2681.63,Professional Fees,,,,,indian
Car loan EMI - INR 9610 - Ref 725205,3189.13,Rent,,,,,indian
Metro card recharge - INR 4309 - Ref 562296,2322.58,Travel,,,,,indian
Shell,41.07,Travel,2018-08-15,debit,Platinum Card,2018-08,excel
KFC online order - INR 16740 - Ref 423420,650.45,Miscellaneous,,,,,indian
Amazon,89.99,Office Supplies,2019-07-16,debit,Platinum Card,2019-07,excel
Hotel stay booking - INR 36344 - Ref 309911,397.88,Travel,,,,,indian
Dominos pizza order - INR 38606 - Ref 953125,423.48,Miscellaneous,,,,,indian
Rapido bike ride - INR 29926 - Ref 386020,949.27,Travel,,,,,indian
Flipkart purchase - INR 25592 - Ref 926764,224.85,Office Supplies,,,,,indian
Restaurant dine-in bill - INR 31348 - Ref 696246,763.21,Miscellaneous,,,,,indian
Car loan EMI - INR 604 - Ref 170003,2154.44,Rent,,,,,indian
Hotel stay booking - INR 20447 - Ref 605887,1671.69,Travel,,,,,indian
Zomato food delivery - INR 44775 - Ref 149396,135.07,Miscellaneous,,,,,indian
PPF contribution - INR 36429 - Ref 368216,1599.28,Professional Fees,,,,,indian
Flipkart purchase - INR 18474 - Ref 777920,43.24,Office Supplies,,,,,indian
Mutual fund SIP - INR 29532 - Ref 840093,4066.52,Professional Fees,,,,,indian
Laptop EMI payment - INR 8227 - Ref 992610,1657.5,Rent,,,,,indian
Gold bond investment - INR 37418 - Ref 618379,1375.24,Professional Fees,,,,,indian
Electronics purchase - INR 24559 - Ref 951390,95.41,Office Supplies,,,,,indian
Electronics purchase - INR 28829 - Ref 532204,55.4,Office Supplies,,,,,indian
Retail store shopping - INR 38648 - Ref 163448,485.94,Office Supplies,,,,,indian
Hotel stay booking - INR 35788 - Ref 590258,2308.84,Travel,,,,,indian
Share trading debit - INR 6435 - Ref 531678,3029.95,Professional Fees,,,,,indian
Thai Restaurant,25.0,Miscellaneous,2018-01-29,debit,Silver Card,2018-01,excel
Brewing Company,6.6,Miscellaneous,2018-07-31,debit,Silver Card,2018-07,excel
Mall shopping payment - INR 40404 - Ref 449492,484.83,Office Supplies,,,,,indian
Zomato food delivery - INR 16143 - Ref 501077,626.79,Miscellaneous,,,,,indian
Car loan EMI - INR 12046 - Ref 691212,4114.06,Rent,,,,,indian
Swiggy order payment - INR 28792 - Ref 221018,311.49,Miscellaneous,,,,,indian
Zomato food delivery - INR 36129 - Ref 671356,755.95,Miscellaneous,,,,,indian
Gold bond investment - INR 49247 - Ref 459359,3501.65,Professional Fees,,,,,indian
Electronics purchase - INR 42111 - Ref 499711,101.57,Office Supplies,,,,,indian
Bus ticket purchase - INR 24532 - Ref 665596,1300.23,Travel,,,,,indian
Home loan EMI - INR 30039 - Ref 681384,4382.07,Rent,,,,,indian
Zomato food delivery - INR 22877 - Ref 615792,729.73,Miscellaneous,,,,,indian
Ajio clothing purchase - INR 35763 - Ref 443548,336.57,Office Supplies,,,,,indian
Fixed deposit investment - INR 29038 - Ref 923531,4706.95,Professional Fees,,,,,indian
Uber ride payment - INR 35348 - Ref 333142,2093.67,Travel,,,,,indian
Consumer durable EMI - INR 38542 - Ref 233605,1761.93,Rent,,,,,indian
Laptop EMI payment - INR 32872 - Ref 874971,3287.69,Rent,,,,,indian
Zomato food delivery - INR 1242 - Ref 747275,501.38,Miscellaneous,,,,,indian
Metro card recharge - INR 21454 - Ref 506683,2163.98,Travel,,,,,indian
Education loan EMI - INR 44547 - Ref 211664,2342.01,Rent,,,,,indian
Ajio clothing purchase - INR 40240 - Ref 633133,252.08,Office Supplies,,,,,indian
KFC online order - INR 13504 - Ref 228532,599.22,Miscellaneous,,,,,indian
Fixed deposit investment - INR 18384 - Ref 898465,3377.71,Professional Fees,,,,,indian
KFC online order - INR 48837 - Ref 746025,708.8,Miscellaneous,,,,,indian
Demat account transfer - INR 13313 - Ref 741806,1978.59,Professional Fees,,,,,indian
Personal loan EMI - INR 17789 - Ref 281320,1548.15,Rent,,,,,indian
Hotel dinner bill - INR 8264 - Ref 575974,20.09,Miscellaneous,,,,,indian
Swiggy order payment - INR 24788 - Ref 753189,554.72,Miscellaneous,,,,,indian
Zomato food delivery - INR 28340 - Ref 415994,346.0,Miscellaneous,,,,,indian
KFC online order - INR 42033 - Ref 391718,843.06,Miscellaneous,,,,,indian
Stock market investment - INR 35481 - Ref 482923,2870.35,Professional Fees,,,,,indian
Credit card EMI - INR 4344 - Ref 174555,2405.42,Rent,,,,,indian
Mobile EMI payment - INR 7830 - Ref 498247,1426.76,Rent,,,,,indian
Stock market investment - INR 10805 - Ref 420279,3460.64,Professional Fees,,,,,indian
Car loan EMI - INR 49669 - Ref 981458,1572.47,Rent,,,,,indian
Hotel dinner bill - INR 37778 - Ref 116020,945.13,Miscellaneous,,,,,indian
Retirement fund investment - INR 43698 - Ref 894687,2863.57,Professional Fees,,,,,indian
Gold bond investment - INR 8116 - Ref 252852,2119.03,Professional Fees,,,,,indian
Share trading debit - INR 46032 - Ref 551563,2035.94,Professional Fees,,,,,indian
Zomato food delivery - INR 41830 - Ref 665550,737.93,Miscellaneous,,,,,indian
Bike loan EMI - INR 19364 - Ref 297993,3194.25,Rent,,,,,indian
Education loan EMI - INR 10927 - Ref 913102,1342.46,Rent,,,,,indian
Hotel stay booking - INR 41893 - Ref 215429,2195.77,Travel,,,,,indian
Hotel stay booking - INR 21006 - Ref 392369,1239.67,Travel,,,,,indian
Credit card EMI - INR 44603 - Ref 709333,3460.03,Rent,,,,,indian
Credit card EMI - INR 30096 - Ref 986857,1530.8,Rent,,,,,indian
Metro card recharge - INR 38613 - Ref 241447,2773.63,Travel,,,,,indian
Gold bond investment - INR 30102 - Ref 793634,3980.92,Professional Fees,,,,,indian
Flipkart purchase - INR 49454 - Ref 848792,402.75,Office Supplies,,,,,indian
Mall shopping payment - INR 30655 - Ref 291335,340.04,Office Supplies,,,,,indian
Amazon online shopping - INR 40226 - Ref 239707,437.62,Office Supplies,,,,,indian
Hotel dinner bill - INR 14180 - Ref 600274,928.2,Miscellaneous,,,,,indian
Car loan EMI - INR 29932 - Ref 813080,1214.44,Rent,,,,,indian
Electronics purchase - INR 20234 - Ref 224716,76.8,Office Supplies,,,,,indian
Gold bond investment - INR 45623 - Ref 143432,4213.64,Professional Fees,,,,,indian
Zomato food delivery - INR 40548 - Ref 857291,592.03,Miscellaneous,,,,,indian
Home loan EMI - INR 16060 - Ref 350939,1994.63,Rent,,,,,indian
eBay online order - INR 33833 - Ref 617903,469.96,Office Supplies,,,,,indian
Mobile EMI payment - INR 2333 - Ref 211002,4204.08,Rent,,,,,indian
Appliance EMI - INR 45408 - Ref 987273,4467.58,Rent,,,,,indian
Credit card EMI - INR 36905 - Ref 512131,3214.65,Rent,,,,,indian
Cafe coffee purchase - INR 43045 - Ref 619236,855.74,Miscellaneous,,,,,indian
Consumer durable EMI - INR 10814 - Ref 811555,2231.09,Rent,,,,,indian
Personal loan EMI - INR 34116 - Ref 806861,3905.25,Rent,,,,,indian
Appliance EMI - INR 6475 - Ref 186816,3970.07,Rent,,,,,indian
Bus ticket purchase - INR 2476 - Ref 354451,458.2,Travel,,,,,indian
Retail store shopping - INR 2640 - Ref 880668,105.86,Office Supplies,,,,,indian
Car loan EMI - INR 1794 - Ref 900154,2932.83,Rent,,,,,indian
Home loan EMI - INR 5365 - Ref 370001,3532.31,Rent,,,,,indian
Home loan EMI - INR 3831 - Ref 147676,4344.11,Rent,,,,,indian
Home loan EMI - INR 4599 - Ref 865741,1521.96,Rent,,,,,indian
Ajio clothing purchase - INR 30768 - Ref 702187,455.04,Office Supplies,,,,,indian
Uber ride payment - INR 9254 - Ref 364104,1719.9,Travel,,,,,indian
ETF purchase - INR 25664 - Ref 184056,1888.44,Professional Fees,,,,,indian
Laptop EMI payment - INR 34009 - Ref 232758,1817.04,Rent,,,,,indian
Retirement fund investment - INR 26184 - Ref 886436,392.28,Professional Fees,,,,,indian
Mutual fund SIP - INR 30979 - Ref 339782,1593.02,Professional Fees,,,,,indian
Fancy Restaurant,56.52,Miscellaneous,2018-12-18,debit,Silver Card,2018-12,excel
Flight ticket booking - INR 16787 - Ref 481099,2577.36,Travel,,,,,indian
Hotel stay booking - INR 40240 - Ref 509918,1787.14,Travel,,,,,indian
MakeMyTrip travel booking - INR 6550 - Ref 376047,2268.43,Travel,,,,,indian
Electronics purchase - INR 48859 - Ref 506152,209.73,Office Supplies,,,,,indian
Flipkart purchase - INR 39515 - Ref 269133,86.52,Office Supplies,,,,,indian
Credit Card Payment,458.1,Professional Fees,2019-04-18,credit,Platinum Card,2019-04,excel
Flipkart purchase - INR 37899 - Ref 698497,435.35,Office Supplies,,,,,indian
Personal loan EMI - INR 8881 - Ref 863891,4270.21,Rent,,,,,indian
Grocery Store,10.18,Office Supplies,2018-11-12,debit,Platinum Card,2018-11,excel
Consumer durable EMI - INR 37223 - Ref 148241,2917.58,Rent,,,,,indian
Ajio clothing purchase - INR 34923 - Ref 144154,80.4,Office Supplies,,,,,indian
ETF purchase - INR 5253 - Ref 950471,1208.37,Professional Fees,,,,,indian
Hotel dinner bill - INR 5985 - Ref 543359,548.51,Miscellaneous,,,,,indian
Ola cab booking - INR 38412 - Ref 374136,348.37,Travel,,,,,indian
Hotel stay booking - INR 11764 - Ref 868616,266.12,Travel,,,,,indian
Personal loan EMI - INR 26560 - Ref 965239,3705.18,Rent,,,,,indian
Hotel dinner bill - INR 10395 - Ref 166774,512.06,Miscellaneous,,,,,indian
Gold bond investment - INR 16784 - Ref 170272,2393.55,Professional Fees,,,,,indian
Retirement fund investment - INR 35840 - Ref 911046,3340.85,Professional Fees,,,,,indian
Cafe coffee purchase - INR 32312 - Ref 761148,540.42,Miscellaneous,,,,,indian
Electronics purchase - INR 11951 - Ref 626979,385.97,Office Supplies,,,,,indian
Retirement fund investment - INR 16311 - Ref 196653,380.58,Professional Fees,,,,,indian
Bakery purchase - INR 28061 - Ref 590429,807.61,Miscellaneous,,,,,indian
Metro card recharge - INR 6816 - Ref 301830,1281.56,Travel,,,,,indian
Ajio clothing purchase - INR 22775 - Ref 332939,61.6,Office Supplies,,,,,indian
Cafe coffee purchase - INR 31467 - Ref 883830,948.01,Miscellaneous,,,,,indian
Mutual fund SIP - INR 10556 - Ref 221589,433.22,Professional Fees,,,,,indian
Rapido bike ride - INR 9566 - Ref 871532,1713.23,Travel,,,,,indian
Bakery purchase - INR 38510 - Ref 221457,957.88,Miscellaneous,,,,,indian
BP,30.64,Travel,2019-06-28,debit,Silver Card,2019-06,excel
MakeMyTrip travel booking - INR 43226 - Ref 217425,990.77,Travel,,,,,indian
Flight ticket booking - INR 33149 - Ref 592825,251.12,Travel,,,,,indian
Grocery Store,41.34,Office Supplies,2019-04-12,debit,Platinum Card,2019-04,excel
Hotel stay booking - INR 29462 - Ref 245605,1570.38,Travel,,,,,indian
Hotel stay booking - INR 31727 - Ref 605482,1689.52,Travel,,,,,indian
Hotel dinner bill - INR 30119 - Ref 367618,246.8,Miscellaneous,,,,,indian
Car loan EMI - INR 10092 - Ref 809867,4646.06,Rent,,,,,indian
Swiggy order payment - INR 32788 - Ref 480086,790.82,Miscellaneous,,,,,indian
Uber ride payment - INR 3945 - Ref 456271,951.74,Travel,,,,,indian
Ola cab booking - INR 33013 - Ref 672829,1809.29,Travel,,,,,indian
Flight ticket booking - INR 4260 - Ref 981412,2254.5,Travel,,,,,indian
Appliance EMI - INR 35345 - Ref 580905,3211.46,Rent,,,,,indian
Credit card EMI - INR 41430 - Ref 568694,4951.57,Rent,,,,,indian
Personal loan EMI - INR 7719 - Ref 886039,1169.21,Rent,,,,,indian
Uber ride payment - INR 29047 - Ref 839826,2092.46,Travel,,,,,indian
Ola cab booking - INR 15324 - Ref 662262,1771.83,Travel,,,,,indian
MakeMyTrip travel booking - INR 29052 - Ref 823019,1993.06,Travel,,,,,indian
Metro card recharge - INR 1157 - Ref 551415,2387.93,Travel,,,,,indian
NPS contribution - INR 3444 - Ref 493278,1494.99,Professional Fees,,,,,indian
Education loan EMI - INR 18236 - Ref 987458,2491.66,Rent,,,,,indian
Gold bond investment - INR 31940 - Ref 767967,4761.7,Professional Fees,,,,,indian
Mobile EMI payment - INR 38237 - Ref 752507,4114.51,Rent,,,,,indian
Internet Service Provider,75.0,Utilities,2019-01-25,debit,Checking,2019-01,excel
Restaurant dine-in bill - INR 31360 - Ref 849358,238.25,Miscellaneous,,,,,indian
Bakery purchase - INR 41304 - Ref 607976,587.39,Miscellaneous,,,,,indian
MakeMyTrip travel booking - INR 21402 - Ref 854676,1426.76,Travel,,,,,indian
Car loan EMI - INR 1740 - Ref 356655,2388.82,Rent,,,,,indian
Rapido bike ride - INR 45933 - Ref 113425,603.37,Travel,,,,,indian
Liquor Store,27.77,Miscellaneous,2018-05-12,debit,Platinum Card,2018-05,excel
Demat account transfer - INR 21734 - Ref 671312,2289.89,Professional Fees,,,,,indian
Bakery purchase - INR 23106 - Ref 778790,417.03,Miscellaneous,,,,,indian
Restaurant dine-in bill - INR 19035 - Ref 107505,407.87,Miscellaneous,,,,,indian
Grocery Store,12.55,Office Supplies,2018-06-12,debit,Platinum Card,2018-06,excel
Personal loan EMI - INR 19242 - Ref 637126,3500.13,Rent,,,,,indian
Ajio clothing purchase - INR 29581 - Ref 800339,192.44,Office Supplies,,,,,indian
MakeMyTrip travel booking - INR 23419 - Ref 329149,2922.98,Travel,,,,,indian
Bike loan EMI - INR 3592 - Ref 181511,1725.43,Rent,,,,,indian
Hotel dinner bill - INR 34320 - Ref 220077,272.73,Miscellaneous,,,,,indian
eBay online order - INR 14386 - Ref 228961,100.45,Office Supplies,,,,,indian
Dominos pizza order - INR 5586 - Ref 778087,211.64,Miscellaneous,,,,,indian
Mobile EMI payment - INR 40775 - Ref 890729,3860.95,Rent,,,,,indian
Airport taxi fare - INR 42678 - Ref 497999,1383.38,Travel,,,,,indian
Restaurant dine-in bill - INR 42114 - Ref 564734,888.61,Miscellaneous,,,,,indian
Ajio clothing purchase - INR 36121 - Ref 907038,484.99,Office Supplies,,,,,indian
MakeMyTrip travel booking - INR 17231 - Ref 612714,2519.12,Travel,,,,,indian
BP,34.48,Travel,2018-07-04,debit,Silver Card,2018-07,excel
MakeMyTrip travel booking - INR 46586 - Ref 730552,216.51,Travel,,,,,indian
ETF purchase - INR 19835 - Ref 447412,3981.34,Professional Fees,,,,,indian
Amazon,6.41,Office Supplies,2018-05-18,debit,Platinum Card,2018-05,excel
Retirement fund investment - INR 5859 - Ref 412741,3345.92,Professional Fees,,,,,indian
Spotify,10.69,Software/Subscriptions,2018-01-09,debit,Platinum Card,2018-01,excel
Restaurant dine-in bill - INR 49950 - Ref 949608,131.18,Miscellaneous,,,,,indian
PPF contribution - INR 34220 - Ref 212888,2841.69,Professional Fees,,,,,indian
Ola cab booking - INR 29068 - Ref 413164,2624.11,Travel,,,,,indian
Home loan EMI - INR 2102 - Ref 568386,2646.94,Rent,,,,,indian
Bakery purchase - INR 431 - Ref 453236,885.44,Miscellaneous,,,,,indian
Consumer durable EMI - INR 44257 - Ref 238351,4147.68,Rent,,,,,indian
eBay online order - INR 20931 - Ref 753922,53.22,Office Supplies,,,,,indian
Credit card EMI - INR 26761 - Ref 724004,3583.59,Rent,,,,,indian
Starbucks,5.0,Miscellaneous,2018-09-26,debit,Platinum Card,2018-09,excel
Flipkart purchase - INR 34923 - Ref 675880,343.21,Office Supplies,,,,,indian
Uber ride payment - INR 18427 - Ref 847698,1595.69,Travel,,,,,indian
Fancy Restaurant,78.0,Miscellaneous,2018-05-12,debit,Platinum Card,2018-05,excel
Myntra fashion order - INR 11076 - Ref 555420,309.79,Office Supplies,,,,,indian
Fixed deposit investment - INR 5425 - Ref 683138,1185.93,Professional Fees,,,,,indian
McDonald's meal payment - INR 15077 - Ref 785138,855.09,Miscellaneous,,,,,indian
IRCTC train ticket - INR 8368 - Ref 631114,2657.08,Travel,,,,,indian
Retail store shopping - INR 11689 - Ref 640919,121.39,Office Supplies,,,,,indian
Credit Card Payment,284.96,Professional Fees,2018-09-28,credit,Platinum Card,2018-09,excel
Supermarket shopping - INR 22349 - Ref 256241,334.63,Office Supplies,,,,,indian
Cafe coffee purchase - INR 17178 - Ref 187363,33.64,Miscellaneous,,,,,indian
Share trading debit - INR 23155 - Ref 156695,323.74,Professional Fees,,,,,indian
Restaurant dine-in bill - INR 37813 - Ref 131087,637.17,Miscellaneous,,,,,indian
Bakery purchase - INR 16176 - Ref 272851,806.32,Miscellaneous,,,,,indian
Car loan EMI - INR 4963 - Ref 582697,3696.13,Rent,,,,,indian
IRCTC train ticket - INR 27575 - Ref 735958,2726.37,Travel,,,,,indian
Mutual fund SIP - INR 7553 - Ref 427376,3040.12,Professional Fees,,,,,indian
Education loan EMI - INR 23012 - Ref 267718,2076.33,Rent,,,,,indian
Ola cab booking - INR 3293 - Ref 142376,2752.22,Travel,,,,,indian
Fixed deposit investment - INR 17992 - Ref 991438,4921.18,Professional Fees,,,,,indian
Amazon online shopping - INR 3799 - Ref 555542,300.36,Office Supplies,,,,,indian
Electronics purchase - INR 26649 - Ref 251462,382.45,Office Supplies,,,,,indian
Dominos pizza order - INR 44078 - Ref 736896,702.15,Miscellaneous,,,,,indian
Metro card recharge - INR 25864 - Ref 383576,1229.05,Travel,,,,,indian
Ajio clothing purchase - INR 7482 - Ref 745479,40.29,Office Supplies,,,,,indian
Share trading debit - INR 16171 - Ref 382914,3563.48,Professional Fees,,,,,indian
Fixed deposit investment - INR 6530 - Ref 904888,4838.09,Professional Fees,,,,,indian
Rapido bike ride - INR 20196 - Ref 608061,410.58,Travel,,,,,indian
Ajio clothing purchase - INR 3376 - Ref 355445,47.79,Office Supplies,,,,,indian
Myntra fashion order - INR 22257 - Ref 180883,42.71,Office Supplies,,,,,indian
Grocery Store,55.04,Office Supplies,2018-12-29,debit,Silver Card,2018-12,excel
MakeMyTrip travel booking - INR 7698 - Ref 559135,817.85,Travel,,,,,indian
Credit card EMI - INR 18429 - Ref 910473,1737.45,Rent,,,,,indian
IRCTC train ticket - INR 19060 - Ref 100205,948.74,Travel,,,,,indian
Gold bond investment - INR 48614 - Ref 179506,2894.57,Professional Fees,,,,,indian
Phone Company,89.4,Utilities,2018-08-10,debit,Checking,2018-08,excel
Lifestyle store purchase - INR 3264 - Ref 795359,261.21,Office Supplies,,,,,indian
Bus ticket purchase - INR 46011 - Ref 472828,1391.42,Travel,,,,,indian
Restaurant dine-in bill - INR 47538 - Ref 648530,641.61,Miscellaneous,,,,,indian
MakeMyTrip travel booking - INR 30979 - Ref 311926,1006.26,Travel,,,,,indian
Education loan EMI - INR 48236 - Ref 167957,1895.18,Rent,,,,,indian
Amazon online shopping - INR 46820 - Ref 812385,452.22,Office Supplies,,,,,indian
Bakery purchase - INR 14451 - Ref 217173,145.08,Miscellaneous,,,,,indian
Restaurant dine-in bill - INR 8271 - Ref 593922,160.4,Miscellaneous,,,,,indian
Mobile EMI payment - INR 18294 - Ref 830903,2201.06,Rent,,,,,indian
Laptop EMI payment - INR 11131 - Ref 433854,2663.42,Rent,,,,,indian
eBay online order - INR 1518 - Ref 623937,386.01,Office Supplies,,,,,indian
Credit card EMI - INR 21592 - Ref 803546,1653.61,Rent,,,,,indian
Home loan EMI - INR 26047 - Ref 227791,4023.84,Rent,,,,,indian
Stock market investment - INR 4379 - Ref 818035,1176.02,Professional Fees,,,,,indian
Dominos pizza order - INR 28151 - Ref 264533,828.2,Miscellaneous,,,,,indian
Cafe coffee purchase - INR 35729 - Ref 588406,337.3,Miscellaneous,,,,,indian
Home loan EMI - INR 10527 - Ref 981644,2862.78,Rent,,,,,indian
Personal loan EMI - INR 33621 - Ref 860086,4383.57,Rent,,,,,indian
Appliance EMI - INR 28710 - Ref 835043,4467.09,Rent,,,,,indian
Gold bond investment - INR 25020 - Ref 692709,4626.02,Professional Fees,,,,,indian
Myntra fashion order - INR 25745 - Ref 213585,490.37,Office Supplies,,,,,indian
Consumer durable EMI - INR 34858 - Ref 448695,1261.89,Rent,,,,,indian
Personal loan EMI - INR 14206 - Ref 112565,3531.17,Rent,,,,,indian
Bike loan EMI - INR 31230 - Ref 615549,4161.49,Rent,,,,,indian
Bike loan EMI - INR 24350 - Ref 114394,2124.34,Rent,,,,,indian
Grocery Store,23.74,Office Supplies,2018-03-03,debit,Silver Card,2018-03,excel
Appliance EMI - INR 46283 - Ref 262626,3446.11,Rent,,,,,indian
Mutual fund SIP - INR 44607 - Ref 336211,4597.58,Professional Fees,,,,,indian
Amazon online shopping - INR 44402 - Ref 573318,303.35,Office Supplies,,,,,indian
Flipkart purchase - INR 8299 - Ref 112236,480.85,Office Supplies,,,,,indian
Mobile EMI payment - INR 37569 - Ref 894369,1092.4,Rent,,,,,indian
Education loan EMI - INR 14589 - Ref 353461,2567.83,Rent,,,,,indian
Grocery food items - INR 10695 - Ref 241837,93.74,Miscellaneous,,,,,indian
Airport taxi fare - INR 40329 - Ref 911408,535.74,Travel,,,,,indian
Stock market investment - INR 33156 - Ref 581708,987.95,Professional Fees,,,,,indian
Flight ticket booking - INR 8891 - Ref 296881,288.83,Travel,,,,,indian
Fixed deposit investment - INR 3081 - Ref 644786,2353.29,Professional Fees,,,,,indian
Mobile EMI payment - INR 24262 - Ref 731797,2260.62,Rent,,,,,indian
Credit card EMI - INR 4291 - Ref 465138,1009.89,Rent,,,,,indian
Flipkart purchase - INR 37268 - Ref 578791,249.91,Office Supplies,,,,,indian
Mall shopping payment - INR 34617 - Ref 391946,383.92,Office Supplies,,,,,indian
Laptop EMI payment - INR 40265 - Ref 170999,4638.94,Rent,,,,,indian
Car loan EMI - INR 34198 - Ref 103127,4920.74,Rent,,,,,indian
Hotel stay booking - INR 6168 - Ref 540074,2049.2,Travel,,,,,indian
Amazon online shopping - INR 42945 - Ref 116309,204.36,Office Supplies,,,,,indian
Bike loan EMI - INR 6986 - Ref 350513,2833.8,Rent,,,,,indian
Consumer durable EMI - INR 5005 - Ref 314015,4327.09,Rent,,,,,indian
Hotel dinner bill - INR 16612 - Ref 900777,495.63,Miscellaneous,,,,,indian
Swiggy order payment - INR 48082 - Ref 300997,556.99,Miscellaneous,,,,,indian
Restaurant dine-in bill - INR 47100 - Ref 489425,381.2,Miscellaneous,,,,,indian
Brunch Restaurant,8.82,Miscellaneous,2019-07-18,debit,Platinum Card,2019-07,excel
Airport taxi fare - INR 28319 - Ref 301173,109.15,Travel,,,,,indian
Zomato food delivery - INR 10801 - Ref 888285,326.64,Miscellaneous,,,,,indian
Supermarket shopping - INR 10593 - Ref 694161,287.42,Office Supplies,,,,,indian
Bus ticket purchase - INR 13347 - Ref 407340,2939.53,Travel,,,,,indian
ETF purchase - INR 5063 - Ref 417548,3609.04,Professional Fees,,,,,indian
Stock market investment - INR 12338 - Ref 293122,1153.5,Professional Fees,,,,,indian
Ola cab booking - INR 47243 - Ref 821561,1367.45,Travel,,,,,indian
Bakery purchase - INR 20675 - Ref 464803,547.81,Miscellaneous,,,,,indian
IRCTC train ticket - INR 28363 - Ref 624939,471.42,Travel,,,,,indian
Bakery purchase - INR 35553 - Ref 277812,537.22,Miscellaneous,,,,,indian
NPS contribution - INR 43920 - Ref 155129,486.92,Professional Fees,,,,,indian
Swiggy order payment - INR 4475 - Ref 579254,842.39,Miscellaneous,,,,,indian
Stock market investment - INR 30431 - Ref 706404,379.84,Professional Fees,,,,,indian
Swiggy order payment - INR 6438 - Ref 166135,35.92,Miscellaneous,,,,,indian
McDonald's meal payment - INR 39436 - Ref 587362,103.99,Miscellaneous,,,,,indian
Restaurant dine-in bill - INR 3821 - Ref 804138,108.85,Miscellaneous,,,,,indian
Education loan EMI - INR 12403 - Ref 453171,4825.1,Rent,,,,,indian
Hotel dinner bill - INR 29281 - Ref 917052,952.49,Miscellaneous,,,,,indian
Airport taxi fare - INR 22093 - Ref 522515,1385.89,Travel,,,,,indian
Ajio clothing purchase - INR 48787 - Ref 292761,391.32,Office Supplies,,,,,indian
Hotel dinner bill - INR 39043 - Ref 215113,552.17,Miscellaneous,,,,,indian
ETF purchase - INR 49973 - Ref 859097,3215.63,Professional Fees,,,,,indian
Amazon,19.98,Office Supplies,2018-10-09,debit,Platinum Card,2018-10,excel
Share trading debit - INR 21095 - Ref 365065,3435.05,Professional Fees,,,,,indian
McDonald's meal payment - INR 39298 - Ref 303648,536.51,Miscellaneous,,,,,indian
Fixed deposit investment - INR 38877 - Ref 188475,1226.86,Professional Fees,,,,,indian
Swiggy order payment - INR 36846 - Ref 131776,107.69,Miscellaneous,,,,,indian
ETF purchase - INR 7379 - Ref 895832,1361.3,Professional Fees,,,,,indian
ETF purchase - INR 39549 - Ref 470044,2980.07,Professional Fees,,,,,indian
Bus ticket purchase - INR 37148 - Ref 766941,2170.99,Travel,,,,,indian
McDonald's meal payment - INR 5963 - Ref 823910,808.25,Miscellaneous,,,,,indian
Latin Restaurant,20.65,Miscellaneous,2018-12-04,debit,Platinum Card,2018-12,excel
KFC online order - INR 35260 - Ref 309882,737.35,Miscellaneous,,,,,indian
Myntra fashion order - INR 12400 - Ref 827934,250.3,Office Supplies,,,,,indian
Zomato food delivery - INR 23689 - Ref 962995,706.76,Miscellaneous,,,,,indian
Retail store shopping - INR 18830 - Ref 234888,122.83,Office Supplies,,,,,indian
Retirement fund investment - INR 35027 - Ref 318308,2611.49,Professional Fees,,,,,indian
Ola cab booking - INR 3507 - Ref 109578,1146.94,Travel,,,,,indian
Mall shopping payment - INR 8473 - Ref 310500,202.14,Office Supplies,,,,,indian
Ola cab booking - INR 34637 - Ref 493622,734.94,Travel,,,,,indian
Personal loan EMI - INR 43149 - Ref 451495,1617.44,Rent,,,,,indian
PPF contribution - INR 36434 - Ref 799320,4873.87,Professional Fees,,,,,indian
Dominos pizza order - INR 6208 - Ref 608095,258.86,Miscellaneous,,,,,indian
Retail store shopping - INR 39153 - Ref 188880,443.48,Office Supplies,,,,,indian
NPS contribution - INR 15926 - Ref 233572,1730.77,Professional Fees,,,,,indian
MakeMyTrip travel booking - INR 27861 - Ref 271590,2719.27,Travel,,,,,indian
Dominos pizza order - INR 24279 - Ref 236429,514.46,Miscellaneous,,,,,indian
Swiggy order payment - INR 49999 - Ref 520070,501.62,Miscellaneous,,,,,indian
Retirement fund investment - INR 44021 - Ref 493768,2240.67,Professional Fees,,,,,indian
Swiggy order payment - INR 28868 - Ref 550854,235.81,Miscellaneous,,,,,indian
Supermarket shopping - INR 31949 - Ref 461122,299.43,Office Supplies,,,,,indian
Share trading debit - INR 36207 - Ref 754257,2301.03,Professional Fees,,,,,indian
Lifestyle store purchase - INR 5292 - Ref 412235,245.66,Office Supplies,,,,,indian
McDonald's meal payment - INR 16730 - Ref 179209,833.17,Miscellaneous,,,,,indian
Personal loan EMI - INR 32896 - Ref 450463,3303.87,Rent,,,,,indian
NPS contribution - INR 28918 - Ref 696796,1658.74,Professional Fees,,,,,indian
Lifestyle store purchase - INR 12059 - Ref 137707,326.7,Office Supplies,,,,,indian
Credit Card Payment,281.84,Professional Fees,2019-01-09,debit,Checking,2019-01,excel
Education loan EMI - INR 37127 - Ref 477628,1472.75,Rent,,,,,indian
Bike loan EMI - INR 18897 - Ref 566350,4734.8,Rent,,,,,indian
Hotel stay booking - INR 15901 - Ref 250101,1833.49,Travel,,,,,indian
Retirement fund investment - INR 47963 - Ref 890933,1113.97,Professional Fees,,,,,indian
Swiggy order payment - INR 4475 - Ref 970452,214.75,Miscellaneous,,,,,indian
Bus ticket purchase - INR 42038 - Ref 419320,1482.7,Travel,,,,,indian
Bakery purchase - INR 45394 - Ref 846242,988.25,Miscellaneous,,,,,indian
Education loan EMI - INR 3528 - Ref 289105,3561.34,Rent,,,,,indian
Bojangles,10.66,Miscellaneous,2018-02-10,debit,Platinum Card,2018-02,excel
American Tavern,25.4,Miscellaneous,2018-10-27,debit,Silver Card,2018-10,excel
Demat account transfer - INR 520 - Ref 339086,3628.71,Professional Fees,,,,,indian
Personal loan EMI - INR 40990 - Ref 970184,3547.57,Rent,,,,,indian
Laptop EMI payment - INR 6698 - Ref 698610,1553.59,Rent,,,,,indian
Restaurant dine-in bill - INR 13630 - Ref 155581,174.46,Miscellaneous,,,,,indian
Bike loan EMI - INR 6116 - Ref 715773,2687.53,Rent,,,,,indian
Restaurant dine-in bill - INR 34940 - Ref 116779,247.06,Miscellaneous,,,,,indian
MakeMyTrip travel booking - INR 10916 - Ref 562656,920.66,Travel,,,,,indian
Bakery purchase - INR 20527 - Ref 542665,767.66,Miscellaneous,,,,,indian
MakeMyTrip travel booking - INR 19973 - Ref 267924,2433.78,Travel,,,,,indian
Bike loan EMI - INR 3446 - Ref 551399,2848.17,Rent,,,,,indian
Electronics purchase - INR 10699 - Ref 495176,43.66,Office Supplies,,,,,indian
Fixed deposit investment - INR 3261 - Ref 839480,2766.25,Professional Fees,,,,,indian
Bike loan EMI - INR 26119 - Ref 725315,3882.53,Rent,,,,,indian
IRCTC train ticket - INR 528 - Ref 856109,1333.2,Travel,,,,,indian
Mobile EMI payment - INR 36487 - Ref 265669,2280.87,Rent,,,,,indian
PPF contribution - INR 29976 - Ref 335946,774.0,Professional Fees,,,,,indian
Swiggy order payment - INR 49110 - Ref 969717,309.21,Miscellaneous,,,,,indian
Flight ticket booking - INR 23729 - Ref 633451,553.86,Travel,,,,,indian
Home loan EMI - INR 11546 - Ref 792941,2589.87,Rent,,,,,indian
Credit card EMI - INR 5758 - Ref 626520,1061.03,Rent,,,,,indian
KFC online order - INR 22915 - Ref 261480,618.63,Miscellaneous,,,,,indian
Credit card EMI - INR 3496 - Ref 484925,2818.73,Rent,,,,,indian
Pizza Place,23.66,Miscellaneous,2018-11-03,debit,Platinum Card,2018-11,excel
Ajio clothing purchase - INR 34699 - Ref 163995,471.08,Office Supplies,,,,,indian
Bike loan EMI - INR 45962 - Ref 928695,3418.85,Rent,,,,,indian
Uber ride payment - INR 6320 - Ref 699620,940.43,Travel,,,,,indian
Grocery Store,27.71,Office Supplies,2019-09-23,debit,Platinum Card,2019-09,excel
Hotel stay booking - INR 37428 - Ref 591596,2543.21,Travel,,,,,indian
Consumer durable EMI - INR 21658 - Ref 958344,4851.57,Rent,,,,,indian
Mall shopping payment - INR 13120 - Ref 630967,403.79,Office Supplies,,,,,indian
Appliance EMI - INR 8580 - Ref 235896,3509.1,Rent,,,,,indian
Flight ticket booking - INR 6457 - Ref 992547,1965.88,Travel,,,,,indian
IRCTC train ticket - INR 25015 - Ref 539106,365.76,Travel,,,,,indian
Grocery Store,13.48,Office Supplies,2018-12-06,debit,Platinum Card,2018-12,excel
Ola cab booking - INR 17892 - Ref 801711,1677.35,Travel,,,,,indian
Restaurant dine-in bill - INR 6185 - Ref 199706,561.65,Miscellaneous,,,,,indian
Metro card recharge - INR 10939 - Ref 245134,2064.05,Travel,,,,,indian
Bakery purchase - INR 46772 - Ref 912601,286.66,Miscellaneous,,,,,indian
Retirement fund investment - INR 44665 - Ref 987210,4503.26,Professional Fees,,,,,indian
Grocery food items - INR 10088 - Ref 156352,84.79,Miscellaneous,,,,,indian
PPF contribution - INR 37805 - Ref 663706,1472.27,Professional Fees,,,,,indian
Amazon online shopping - INR 3436 - Ref 694386,52.01,Office Supplies,,,,,indian
Laptop EMI payment - INR 48582 - Ref 472454,2461.65,Rent,,,,,indian
Rapido bike ride - INR 8846 - Ref 601386,1526.37,Travel,,,,,indian
Metro card recharge - INR 38067 - Ref 695575,2822.74,Travel,,,,,indian
Starbucks,3.75,Miscellaneous,2019-06-06,debit,Platinum Card,2019-06,excel
Home loan EMI - INR 47646 - Ref 897956,3710.14,Rent,,,,,indian
Bakery purchase - INR 49152 - Ref 227939,289.52,Miscellaneous,,,,,indian
Mobile EMI payment - INR 42200 - Ref 316040,4496.47,Rent,,,,,indian
Retirement fund investment - INR 1301 - Ref 723248,3227.62,Professional Fees,,,,,indian
Bakery purchase - INR 37679 - Ref 760598,734.49,Miscellaneous,,,,,indian
Amazon online shopping - INR 16150 - Ref 942292,218.66,Office Supplies,,,,,indian
Personal loan EMI - INR 46650 - Ref 228263,4741.23,Rent,,,,,indian
Credit Card Payment,156.11,Professional Fees,2018-02-26,credit,Silver Card,2018-02,excel
Mobile EMI payment - INR 27550 - Ref 419225,3299.58,Rent,,,,,indian
Credit card EMI - INR 8455 - Ref 992441,3311.67,Rent,,,,,indian
McDonald's meal payment - INR 43846 - Ref 643244,756.12,Miscellaneous,,,,,indian
Hardware Store,13.89,Office Supplies,2018-04-02,debit,Platinum Card,2018-04,excel
Airport taxi fare - INR 5710 - Ref 419410,1467.09,Travel,,,,,indian
Retail store shopping - INR 37013 - Ref 213600,390.56,Office Supplies,,,,,indian
Bus ticket purchase - INR 24295 - Ref 257973,2404.39,Travel,,,,,indian
eBay online order - INR 39689 - Ref 209114,381.08,Office Supplies,,,,,indian
Mall shopping payment - INR 48655 - Ref 903867,86.18,Office Supplies,,,,,indian
Demat account transfer - INR 24263 - Ref 199656,3076.92,Professional Fees,,,,,indian
Mall shopping payment - INR 25584 - Ref 306657,468.66,Office Supplies,,,,,indian
Demat account transfer - INR 23078 - Ref 273936,1340.68,Professional Fees,,,,,indian
Credit Card Payment,242.16,Professional Fees,2018-07-09,credit,Silver Card,2018-07,excel
Gold bond investment - INR 28874 - Ref 914338,3402.35,Professional Fees,,,,,indian
Retirement fund investment - INR 24157 - Ref 298346,4592.04,Professional Fees,,,,,indian
Appliance EMI - INR 10587 - Ref 640371,2828.45,Rent,,,,,indian
eBay online order - INR 28198 - Ref 683099,311.39,Office Supplies,,,,,indian
Education loan EMI - INR 36370 - Ref 727346,2099.41,Rent,,,,,indian
KFC online order - INR 16099 - Ref 479642,423.46,Miscellaneous,,,,,indian
Amazon online shopping - INR 30762 - Ref 277858,406.72,Office Supplies,,,,,indian
Home loan EMI - INR 1364 - Ref 460622,2266.39,Rent,,,,,indian
Zomato food delivery - INR 34466 - Ref 491216,365.27,Miscellaneous,,,,,indian
Lifestyle store purchase - INR 36767 - Ref 367379,141.09,Office Supplies,,,,,indian
ETF purchase - INR 40344 - Ref 767944,2710.43,Professional Fees,,,,,indian
Uber ride payment - INR 30837 - Ref 169472,1428.8,Travel,,,,,indian
Metro card recharge - INR 32212 - Ref 789917,1064.18,Travel,,,,,indian
Bakery purchase - INR 40170 - Ref 473647,734.74,Miscellaneous,,,,,indian
Consumer durable EMI - INR 19646 - Ref 347275,2047.11,Rent,,,,,indian
KFC online order - INR 21957 - Ref 734896,474.99,Miscellaneous,,,,,indian
Bakery purchase - INR 19357 - Ref 339430,499.85,Miscellaneous,,,,,indian
Education loan EMI - INR 4241 - Ref 616670,3810.97,Rent,,,,,indian
Ola cab booking - INR 38146 - Ref 837245,1781.15,Travel,,,,,indian
Bus ticket purchase - INR 163 - Ref 392713,576.5,Travel,,,,,indian
IRCTC train ticket - INR 5072 - Ref 109857,2089.97,Travel,,,,,indian
Retirement fund investment - INR 25881 - Ref 881505,3763.85,Professional Fees,,,,,indian
MakeMyTrip travel booking - INR 25980 - Ref 445434,545.99,Travel,,,,,indian
Appliance EMI - INR 15137 - Ref 579993,4208.67,Rent,,,,,indian
Bike loan EMI - INR 42439 - Ref 930245,3784.46,Rent,,,,,indian
Flight ticket booking - INR 36709 - Ref 232894,962.41,Travel,,,,,indian
Bike loan EMI - INR 48497 - Ref 406392,2830.18,Rent,,,,,indian
Mobile EMI payment - INR 15430 - Ref 108493,4513.9,Rent,,,,,indian
Share trading debit - INR 36112 - Ref 810783,1159.53,Professional Fees,,,,,indian
McDonald's meal payment - INR 26258 - Ref 916264,343.6,Miscellaneous,,,,,indian
Fixed deposit investment - INR 41511 - Ref 571993,4571.42,Professional Fees,,,,,indian
Electronics purchase - INR 10810 - Ref 391840,468.02,Office Supplies,,,,,indian
Ajio clothing purchase - INR 985 - Ref 826424,222.13,Office Supplies,,,,,indian
Gold bond investment - INR 15398 - Ref 152878,4274.46,Professional Fees,,,,,indian
Lifestyle store purchase - INR 19080 - Ref 695357,181.1,Office Supplies,,,,,indian
Bus ticket purchase - INR 7765 - Ref 699179,1108.81,Travel,,,,,indian
Ola cab booking - INR 35534 - Ref 610803,2308.5,Travel,,,,,indian
Bike loan EMI - INR 19315 - Ref 631249,4885.96,Rent,,,,,indian
Restaurant dine-in bill - INR 13865 - Ref 916680,192.13,Miscellaneous,,,,,indian
Bakery purchase - INR 25298 - Ref 894313,538.87,Miscellaneous,,,,,indian
Appliance EMI - INR 38436 - Ref 266746,4203.27,Rent,,,,,indian
IRCTC train ticket - INR 1671 - Ref 805970,862.47,Travel,,,,,indian
MakeMyTrip travel booking - INR 5470 - Ref 103121,2747.27,Travel,,,,,indian
Flight ticket booking - INR 38290 - Ref 685419,2280.99,Travel,,,,,indian
KFC online order - INR 31088 - Ref 979665,338.27,Miscellaneous,,,,,indian
Laptop EMI payment - INR 27086 - Ref 313677,4801.96,Rent,,,,,indian
Consumer durable EMI - INR 13817 - Ref 771598,2992.15,Rent,,,,,indian
Retail store shopping - INR 27322 - Ref 405577,372.42,Office Supplies,,,,,indian
Metro card recharge - INR 13861 - Ref 163377,2208.34,Travel,,,,,indian
Cafe coffee purchase - INR 3590 - Ref 828779,110.11,Miscellaneous,,,,,indian
Amazon online shopping - INR 21951 - Ref 218737,460.66,Office Supplies,,,,,indian
Laptop EMI payment - INR 39692 - Ref 516647,1403.59,Rent,,,,,indian
Stock market investment - INR 48690 - Ref 110595,1677.11,Professional Fees,,,,,indian
Retail store shopping - INR 47047 - Ref 591474,193.31,Office Supplies,,,,,indian
Swiggy order payment - INR 48575 - Ref 910725,62.28,Miscellaneous,,,,,indian
Consumer durable EMI - INR 1931 - Ref 747540,4037.61,Rent,,,,,indian
Hotel dinner bill - INR 28307 - Ref 461107,392.99,Miscellaneous,,,,,indian
Grocery food items - INR 36249 - Ref 696399,774.48,Miscellaneous,,,,,indian
Laptop EMI payment - INR 6622 - Ref 764433,2626.05,Rent,,,,,indian
Education loan EMI - INR 7487 - Ref 461607,1537.54,Rent,,,,,indian
Fixed deposit investment - INR 16450 - Ref 985261,433.65,Professional Fees,,,,,indian
Supermarket shopping - INR 17751 - Ref 528470,251.94,Office Supplies,,,,,indian
Cafe coffee purchase - INR 20270 - Ref 340372,144.8,Miscellaneous,,,,,indian
Stock market investment - INR 44392 - Ref 939951,4553.02,Professional Fees,,,,,indian
Airport taxi fare - INR 291 - Ref 699320,2384.57,Travel,,,,,indian
Bakery purchase - INR 31897 - Ref 977219,571.58,Miscellaneous,,,,,indian
Share trading debit - INR 7924 - Ref 389631,4736.93,Professional Fees,,,,,indian
Cafe coffee purchase - INR 34004 - Ref 972610,158.73,Miscellaneous,,,,,indian
Metro card recharge - INR 20639 - Ref 843788,433.7,Travel,,,,,indian
Grocery food items - INR 25128 - Ref 509145,678.13,Miscellaneous,,,,,indian
Myntra fashion order - INR 40193 - Ref 618653,495.38,Office Supplies,,,,,indian
ETF purchase - INR 24062 - Ref 258045,1483.86,Professional Fees,,,,,indian
Lifestyle store purchase - INR 15912 - Ref 544796,322.7,Office Supplies,,,,,indian
Electronics purchase - INR 14132 - Ref 878899,497.67,Office Supplies,,,,,indian
Consumer durable EMI - INR 47774 - Ref 897824,4116.57,Rent,,,,,indian
Hotel stay booking - INR 49721 - Ref 982793,1659.89,Travel,,,,,indian
Grocery Store,92.49,Office Supplies,2018-10-28,debit,Platinum Card,2018-10,excel
Retirement fund investment - INR 49917 - Ref 337347,4413.85,Professional Fees,,,,,indian
Flight ticket booking - INR 30623 - Ref 593710,2848.66,Travel,,,,,indian
Home loan EMI - INR 17141 - Ref 435668,2250.62,Rent,,,,,indian
Bus ticket purchase - INR 26854 - Ref 886753,229.07,Travel,,,,,indian
Ajio clothing purchase - INR 23512 - Ref 121062,426.3,Office Supplies,,,,,indian
Gold bond investment - INR 22261 - Ref 426350,2903.09,Professional Fees,,,,,indian
Restaurant dine-in bill - INR 46533 - Ref 970358,278.7,Miscellaneous,,,,,indian
Bike loan EMI - INR 3765 - Ref 809659,4260.15,Rent,,,,,indian
Retirement fund investment - INR 16758 - Ref 426515,4331.4,Professional Fees,,,,,indian
Cafe coffee purchase - INR 33042 - Ref 592256,703.47,Miscellaneous,,,,,indian
Bus ticket purchase - INR 44643 - Ref 582455,659.4,Travel,,,,,indian
Appliance EMI - INR 36913 - Ref 613501,1175.23,Rent,,,,,indian
Consumer durable EMI - INR 36780 - Ref 599995,2322.41,Rent,,,,,indian
Gold bond investment - INR 15196 - Ref 685965,4396.43,Professional Fees,,,,,indian
Hotel stay booking - INR 2439 - Ref 509039,2100.13,Travel,,,,,indian
Retirement fund investment - INR 160 - Ref 524829,2343.82,Professional Fees,,,,,indian
Metro card recharge - INR 1715 - Ref 142824,2407.85,Travel,,,,,indian
Flipkart purchase - INR 15268 - Ref 843504,337.6,Office Supplies,,,,,indian
Fixed deposit investment - INR 26304 - Ref 462365,3577.75,Professional Fees,,,,,indian
Bus ticket purchase - INR 29914 - Ref 852936,2404.15,Travel,,,,,indian
ETF purchase - INR 12935 - Ref 986898,2863.58,Professional Fees,,,,,indian
Zomato food delivery - INR 45991 - Ref 889459,157.64,Miscellaneous,,,,,indian
Mall shopping payment - INR 43078 - Ref 528120,301.68,Office Supplies,,,,,indian
Stock market investment - INR 47599 - Ref 291104,3596.37,Professional Fees,,,,,indian
Mobile EMI payment - INR 7877 - Ref 610448,3736.17,Rent,,,,,indian
Ola cab booking - INR 144 - Ref 416178,684.68,Travel,,,,,indian
Grocery food items - INR 17635 - Ref 841365,973.65,Miscellaneous,,,,,indian
Swiggy order payment - INR 807 - Ref 819366,373.58,Miscellaneous,,,,,indian
Mobile EMI payment - INR 33426 - Ref 148021,3446.71,Rent,,,,,indian
Share trading debit - INR 3335 - Ref 929042,4684.39,Professional Fees,,,,,indian
Grocery food items - INR 8516 - Ref 611116,699.69,Miscellaneous,,,,,indian
Bus ticket purchase - INR 46612 - Ref 415936,1491.66,Travel,,,,,indian
Rapido bike ride - INR 4945 - Ref 842485,2318.57,Travel,,,,,indian
Share trading debit - INR 13598 - Ref 819726,1192.52,Professional Fees,,,,,indian
IRCTC train ticket - INR 49370 - Ref 997731,2512.87,Travel,,,,,indian
Grocery food items - INR 48357 - Ref 888334,540.3,Miscellaneous,,,,,indian
Valero,33.66,Travel,2018-08-11,debit,Platinum Card,2018-08,excel
Car loan EMI - INR 44603 - Ref 131310,1616.88,Rent,,,,,indian
Demat account transfer - INR 13306 - Ref 614509,2649.8,Professional Fees,,,,,indian
Car loan EMI - INR 15416 - Ref 906924,1083.43,Rent,,,,,indian
Personal loan EMI - INR 8166 - Ref 982637,3090.92,Rent,,,,,indian
NPS contribution - INR 9263 - Ref 569679,1798.73,Professional Fees,,,,,indian
Amazon online shopping - INR 9124 - Ref 673459,74.21,Office Supplies,,,,,indian
Lifestyle store purchase - INR 46679 - Ref 599837,64.62,Office Supplies,,,,,indian
Home loan EMI - INR 46989 - Ref 336678,1527.93,Rent,,,,,indian
Swiggy order payment - INR 26250 - Ref 579617,190.32,Miscellaneous,,,,,indian
Gold bond investment - INR 5504 - Ref 528819,307.74,Professional Fees,,,,,indian
Car loan EMI - INR 25563 - Ref 590776,3413.01,Rent,,,,,indian
Fixed deposit investment - INR 43584 - Ref 249133,1340.14,Professional Fees,,,,,indian
Credit Card Payment,532.86,Professional Fees,2019-03-13,credit,Platinum Card,2019-03,excel
ETF purchase - INR 39880 - Ref 453437,659.28,Professional Fees,,,,,indian
Airport taxi fare - INR 28326 - Ref 515194,2311.2,Travel,,,,,indian
Fixed deposit investment - INR 38560 - Ref 836337,2905.3,Professional Fees,,,,,indian
Brewing Company,49.63,Miscellaneous,2019-03-27,debit,Platinum Card,2019-03,excel
Share trading debit - INR 18252 - Ref 222825,2089.84,Professional Fees,,,,,indian
NPS contribution - INR 26620 - Ref 627848,3704.09,Professional Fees,,,,,indian
Appliance EMI - INR 2296 - Ref 141407,3433.19,Rent,,,,,indian
Education loan EMI - INR 5291 - Ref 220952,4962.71,Rent,,,,,indian
Retail store shopping - INR 11246 - Ref 265298,99.67,Office Supplies,,,,,indian
Flight ticket booking - INR 8359 - Ref 330995,1210.53,Travel,,,,,indian
Bakery purchase - INR 31369 - Ref 456119,882.53,Miscellaneous,,,,,indian
Lifestyle store purchase - INR 5753 - Ref 699609,92.69,Office Supplies,,,,,indian
Credit card EMI - INR 33603 - Ref 311493,1553.63,Rent,,,,,indian
Rapido bike ride - INR 41359 - Ref 109816,1673.89,Travel,,,,,indian
Restaurant dine-in bill - INR 19055 - Ref 558430,573.29,Miscellaneous,,,,,indian
McDonald's meal payment - INR 631 - Ref 674931,64.91,Miscellaneous,,,,,indian
Mutual fund SIP - INR 49244 - Ref 585082,2485.54,Professional Fees,,,,,indian
Swiggy order payment - INR 35066 - Ref 398818,44.29,Miscellaneous,,,,,indian
Grocery food items - INR 9935 - Ref 284462,217.67,Miscellaneous,,,,,indian
Retail store shopping - INR 6872 - Ref 722354,96.2,Office Supplies,,,,,indian
Rapido bike ride - INR 25777 - Ref 170787,2007.0,Travel,,,,,indian
Personal loan EMI - INR 44336 - Ref 577410,2538.65,Rent,,,,,indian
McDonald's meal payment - INR 27987 - Ref 414331,48.54,Miscellaneous,,,,,indian
Mall shopping payment - INR 25752 - Ref 760434,260.23,Office Supplies,,,,,indian
Bike loan EMI - INR 15319 - Ref 181184,1312.41,Rent,,,,,indian
PPF contribution - INR 37624 - Ref 166968,2760.65,Professional Fees,,,,,indian
Zomato food delivery - INR 36575 - Ref 265053,510.05,Miscellaneous,,,,,indian
Grocery food items - INR 24352 - Ref 450218,669.51,Miscellaneous,,,,,indian
Credit card EMI - INR 31595 - Ref 381665,3835.86,Rent,,,,,indian
Lifestyle store purchase - INR 20839 - Ref 428459,322.13,Office Supplies,,,,,indian
Mutual fund SIP - INR 26753 - Ref 252305,1943.89,Professional Fees,,,,,indian
Grocery Store,21.32,Office Supplies,2018-04-22,debit,Platinum Card,2018-04,excel
Dominos pizza order - INR 32602 - Ref 546369,136.08,Miscellaneous,,,,,indian
Demat account transfer - INR 10015 - Ref 708187,2980.86,Professional Fees,,,,,indian
Ajio clothing purchase - INR 22775 - Ref 874174,420.67,Office Supplies,,,,,indian
Zomato food delivery - INR 40975 - Ref 502204,772.58,Miscellaneous,,,,,indian
Mutual fund SIP - INR 18264 - Ref 729958,3670.96,Professional Fees,,,,,indian
McDonald's meal payment - INR 39652 - Ref 394517,761.31,Miscellaneous,,,,,indian
Fixed deposit investment - INR 7605 - Ref 388691,2882.48,Professional Fees,,,,,indian
Amazon,41.34,Office Supplies,2018-04-24,debit,Platinum Card,2018-04,excel
Mutual fund SIP - INR 6154 - Ref 259359,1157.39,Professional Fees,,,,,indian
Home loan EMI - INR 48619 - Ref 927612,3206.38,Rent,,,,,indian
Bus ticket purchase - INR 24079 - Ref 217490,1647.23,Travel,,,,,indian
Car loan EMI - INR 17291 - Ref 331665,4794.08,Rent,,,,,indian
KFC online order - INR 36105 - Ref 653009,821.09,Miscellaneous,,,,,indian
IRCTC train ticket - INR 44481 - Ref 863365,315.89,Travel,,,,,indian
Rapido bike ride - INR 7967 - Ref 491221,1669.21,Travel,,,,,indian
Restaurant dine-in bill - INR 46194 - Ref 843871,758.52,Miscellaneous,,,,,indian
Bus ticket purchase - INR 27454 - Ref 230182,875.34,Travel,,,,,indian
Rapido bike ride - INR 39286 - Ref 398441,1410.97,Travel,,,,,indian
Bike loan EMI - INR 20715 - Ref 332137,3621.89,Rent,,,,,indian
Mall shopping payment - INR 37160 - Ref 712861,414.72,Office Supplies,,,,,indian
Grocery food items - INR 27180 - Ref 641110,316.77,Miscellaneous,,,,,indian
Hotel dinner bill - INR 38324 - Ref 791973,61.96,Miscellaneous,,,,,indian
Amazon online shopping - INR 34024 - Ref 857334,415.35,Office Supplies,,,,,indian
Grocery food items - INR 40505 - Ref 250520,787.56,Miscellaneous,,,,,indian
Bakery purchase - INR 735 - Ref 453641,680.33,Miscellaneous,,,,,indian
Demat account transfer - INR 4361 - Ref 735412,3200.64,Professional Fees,,,,,indian
Demat account transfer - INR 26265 - Ref 921268,2725.21,Professional Fees,,,,,indian
Home loan EMI - INR 36721 - Ref 103292,3262.21,Rent,,,,,indian
Demat account transfer - INR 1748 - Ref 913896,4179.0,Professional Fees,,,,,indian
Consumer durable EMI - INR 15708 - Ref 644571,2767.44,Rent,,,,,indian
Ajio clothing purchase - INR 37705 - Ref 304479,140.0,Office Supplies,,,,,indian
NPS contribution - INR 34616 - Ref 345798,780.82,Professional Fees,,,,,indian
Airport taxi fare - INR 15688 - Ref 115678,1056.63,Travel,,,,,indian
Electronics purchase - INR 40907 - Ref 534873,126.03,Office Supplies,,,,,indian
Ajio clothing purchase - INR 8838 - Ref 633302,74.73,Office Supplies,,,,,indian
Supermarket shopping - INR 38489 - Ref 734692,411.43,Office Supplies,,,,,indian
NPS contribution - INR 26542 - Ref 517364,1712.04,Professional Fees,,,,,indian
Rapido bike ride - INR 10060 - Ref 947548,317.65,Travel,,,,,indian
Electronics purchase - INR 813 - Ref 982491,491.64,Office Supplies,,,,,indian
